"DATE","TRACK","VIDEO ","HORSE","OWNER","BREEDER","EVENT"
"5/11/15","Monticello","LINK||http://replays.robertsstream.com/racereplays/cust/nyss.php?play=MjAxNTA1MTExMzAwTVJEMg==","Crazy Wow","Our Horse Cents Stables, Jt45, and J&T Silva Stables LLC.","Peter Pan Stables Inc.","3YOC&G Trot"
"5/11/15","Monticello","LINK||http://replays.robertsstream.com/racereplays/cust/nyss.php?play=MjAxNTA1MTExNTE1TVJEOA==","Habitat","Burke Racing Stable LLC., Our Horse Cents Stables & Weaver Bruscemi LLC","Fredericka Caldwell","3YOC&G Trot"
"5/11/15","Monticello","LINK||http://replays.robertsstream.com/racereplays/cust/nyss.php?play=MjAxNTA1MTExNTUzTVJEMTA=","Maestro Blue Chip","Purple Haze Stables LLC. and Michael Andrew","C. Mullinax, Noel Daley & Blue Chip Bloodstock Inc.","3YOC&G Trot"
"5/11/15","Monticello","LINK||http://replays.robertsstream.com/racereplays/cust/nyss.php?play=MjAxNTA1MTExNzE1TVJEMTQ=","Military Blue","David Hoover","Winbak Farm","3YOC&G Trot"
"5/15/15","Tioga","LINK||http://replays.robertsstream.com/racereplays/cust/nyss.php?play=MjAxNTA1MTUxOTA3VFFONA==","Magic City","Jeff Gregory Inc. & William Richardson","Winbak Farms","3YO Filly Trot"
"5/15/15","Tioga","LINK||http://replays.robertsstream.com/racereplays/cust/nyss.php?play=MjAxNTA1MTUxOTQ3VFFONg==","Lindy Land","Lindy Racing Stable","Lindy Racing Stable","3YO Filly Trot"
"5/15/15","Tioga","LINK||http://replays.robertsstream.com/racereplays/cust/nyss.php?play=MjAxNTA1MTUyMDI4VFFOOA==","Shaqline","Brixton Medical Inc.","Fair Winds Farm Inc.","3YO Filly Trot"
"5/16/15","Vernon","LINK||http://replays.robertsstream.com/racereplays/cust/nyss.php?play=MjAxNTA1MTYxOTMwVlJONQ==","Sassa Hanover","Burke Racing Stable LLC., The Panhellenic Stable Corp., Weaver Bruscemi LLC. & Lawrence Karr","Hanover Show Farms Inc.","3YO Filly Pace"
"5/16/15","Vernon","LINK||http://replays.robertsstream.com/racereplays/cust/nyss.php?play=MjAxNTA1MTYyMDI0VlJONg==","Bettorhaveanother","Kellogg Racing Stables LLC. & Janie Martin","Murray Brethour, Jeffrey Ruch, 30 Plus Stable & David Reid","3YO Filly Pace"
"5/16/15","Vernon","LINK||http://replays.robertsstream.com/racereplays/cust/nyss.php?play=MjAxNTA1MTYyMDQ1VlJONw==","Bettor Be Steppin","Val D'Or Farms, Rojan Stables & Theodore Gewertz","Frederick Hertrich III","3YO Filly Pace"
"5/16/15","Vernon","LINK||http://replays.robertsstream.com/racereplays/cust/nyss.php?play=MjAxNTA1MTYyMTI2VlJOOQ==","Moonlit Dance","David Goodrow Stable","David Goodrow Stable","3YO Filly Pace"
"5/17/15","Tioga","LINK||http://replays.robertsstream.com/racereplays/cust/nyss.php?play=MjAxNTA1MTcxNDA2VFFOMw==","Sicily","Burke Racing Stable LLC., M1 Stable LLC., James Koran & Lawrence Karr","Brittany Farms","3YOC&G Pace"
"5/17/15","Tioga","LINK||http://replays.robertsstream.com/racereplays/cust/nyss.php?play=MjAxNTA1MTcxNDUyVFFONQ==","In The Arsenal","White Birch Farm & In The Arsenal Racing","White Birch Farm","3YOC&G Pace"
"5/17/15","Tioga","LINK||http://replays.robertsstream.com/racereplays/cust/nyss.php?play=MjAxNTA1MTcxNTMzVFFONw==","Cartoon Daddy","Burke Racing Stable LLC., Joseph Di Scala Jr. & Cynthia Massari","Robert Newman","3YOC&G Pace"
"5/17/15","Tioga","LINK||http://replays.robertsstream.com/racereplays/cust/nyss.php?play=MjAxNTA1MTcxNjEyVFFOOQ==","National Seelster","Robert Mondillo & Oompa's Farm Inc.","Seelster Farms Inc.","3YOC&G Pace"
"5/21/15","Yonkers","LINK||http://replays.robertsstream.com/racereplays/cust/nyss.php?play=MjAxNTA1MjEyMTM4WU9OOQ==","Royal Deceptor","Charles Foster, Michael Sentiwany Jr.& Michael James","Jesmeral Stable","3YOC&G Trot"
"5/21/15","Yonkers","LINK||http://replays.robertsstream.com/racereplays/cust/nyss.php?play=MjAxNTA1MjEyMTU2WU9OMTA=","Workout Wonder","All Laid Out Stable Inc.","Kentuckiana Farms","3YOC&G Trot"
"5/21/15","Yonkers","LINK||http://replays.robertsstream.com/racereplays/cust/nyss.php?play=MjAxNTA1MjEyMjEyWU9OMTE=","The Physician","ACL Stuteri Ab & Kjell Johansson","Dunroven Stud","3YOC&G Trot"
"5/23/15","Vernon","LINK||http://replays.robertsstream.com/racereplays/cust/nyss.php?play=MjAxNTA1MjMyMDAwVlJONw==","Lock Down Lindy","Mystical Marker Farms, LLC., Crawford Partners, LLC. Joe Sbrocco & In The Gym Partners","Lindy Racing Stable","3YO Filly Trot"
"5/23/15","Vernon","LINK||http://replays.robertsstream.com/racereplays/cust/nyss.php?play=MjAxNTA1MjMyMTA0VlJOOA==","Barn Doll","Steven Pratt, Nancy Pratt & Purple Haze Stables LLC.","Little E LLC","3YO Filly Trot"
"5/23/15","Vernon","LINK||http://replays.robertsstream.com/racereplays/cust/nyss.php?play=MjAxNTA1MjMyMTI4VlJOOQ==","Concentration","Raymond Campbell Jr.","Stirling Brook Farms Inc.","3YO Filly Trot"
"5/25/15","Tioga","LINK||http://replays.robertsstream.com/racereplays/cust/nyss.php?play=MjAxNTA1MjUxNTM3VFFOOA==","JK She'salady","3 Brothers Stables","3 Brothers Stables","3YO Filly Pace"
"5/25/15","Tioga","LINK||http://replays.robertsstream.com/racereplays/cust/nyss.php?play=MjAxNTA1MjUxNDE5VFFONA==","Bettorhaveanother","Kellogg Racing Stables LLC. & Janie Martin","Murray Brethour, Jeffery Ruch, 30 Plus Stable & David Reid","3YO Filly Pace"
"5/25/15","Tioga","LINK||http://replays.robertsstream.com/racereplays/cust/nyss.php?play=MjAxNTA1MjUxNTAwVFFONg==","Bettor Be Steppin","Val D'Or Farms, Rojan Stables & Theodore Gewertz","Frederick Hertrich III","3YO Filly Pace"
"5/25/15","Tioga","LINK||http://replays.robertsstream.com/racereplays/cust/nyss.php?play=MjAxNTA1MjUxNjE2VFFOMTA=","Rock Me Gently","Old Block Stables Inc., The Fra Stable LLC. & Kenneth Klein","Moni Market Breeders & Joie De Vie Farm LLC.","3YO Filly Pace"
"5/27/15","Buffalo","LINK||http://replays.robertsstream.com/racereplays/cust/nyss.php?play=MjAxNTA1MjcxNjU3QlVOMQ==","Lone Survivor","Shannon Depinto, Nicholas Depinto, Howard Taylor & Kovach Stables LLC.","Perretti Racing Stables LLC","3YO C&G Pace"
"5/27/15","Buffalo","LINK||http://replays.robertsstream.com/racereplays/cust/nyss.php?play=MjAxNTA1MjcxNzE2QlVOMg==","K-rock","Eugene Kurzrok","Eugene Kurzrok","3YO C&G Pace"
"5/27/15","Buffalo","LINK||http://replays.robertsstream.com/racereplays/cust/nyss.php?play=MjAxNTA1MjcxNzUwQlVONA==","J Eagle Feather","KJ Stables LLC.","Ginger Reynolds","3YO C&G Pace"
"6/3/15","Buffalo","LINK|| http://replays.robertsstream.com/racereplays/cust/nyss.php?play=MjAxNTA2MDMxNjU3QlVOMQ==","Mosquito Blue Chip","Our Three Sons Stable LLC.,Donato Falcicchio & Paul Jessop","Blue Chip Bloodstock Inc. & AV & Son Bloodstock LLC.","3YO Filly Pace"
"6/3/15","Buffalo","LINK||http://replays.robertsstream.com/racereplays/cust/nyss.php?play=MjAxNTA2MDMxNzE2QlVOMg==","Band Of Angels","W J Donovan","Steve Stewart & Birch Hollow Farms","3YO Filly Pace"
"6/3/15","Buffalo","LINK|| http://replays.robertsstream.com/racereplays/cust/nyss.php?play=MjAxNTA2MDMxNzUxQlVONA==","Bettorhaveanother","Kellogg Racing Stables LLC. & Janie Martin","Murray Brethour, Jeffery Ruch, 30 Plus Stable & David Reid","3YO Filly Pace"
"6/4/15","Saratoga","LINK||http://replays.robertsstream.com/racereplays/cust/nyss.php?play=MjAxNTA2MDQxNjE2U1JOMg==","Barn Doll","Steven Pratt, Nancy Pratt & Purple Haze Stables LLC.","Little E. LLC","3YO Filly Trot"
"6/4/15","Saratoga","LINK||http://replays.robertsstream.com/racereplays/cust/nyss.php?play=MjAxNTA2MDQxNzEwU1JONQ==","Katniss","Mario Mazza","Fair Winds Farms","3YO Filly Trot"
"6/4/15","Saratoga","LINK||http://replays.robertsstream.com/racereplays/cust/nyss.php?play=MjAxNTA2MDQxOTUyU1JOMTM=","Jewels In Hock","KJ Stables LLC.","Steve Jones","3YO Filly Trot"
"6/6/15","Vernon","LINK||http://replays.robertsstream.com/racereplays/cust/nyss.php?play=MjAxNTA2MDYyMDQ1VlJONg==","Habitat","Burke Racing Stable LLC., Our Horse Cents Stables & Weaver Bruscemi LLC","Fredericka Caldwell","3YO C&G Trot"
"6/6/15","Vernon","LINK||http://replays.robertsstream.com/racereplays/cust/nyss.php?play=MjAxNTA2MDYyMTMwVlJOOA==","Crazy Wow","Our Horse Cents Stables, Jt45, and J&T Silva Stables LLC.","Peter Pan Stables Inc.","3YO C&G Trot"
"6/8/15","Monticello","LINK||http://replays.robertsstream.com/racereplays/cust/nyss.php?play=MjAxNTA2MDgxMjQ2TVJEMQ==","Americanprimetime","Rock N Roll Stable Inc.","Rock N Roll Stable Inc.","3YO C&G Pace"
"6/8/15","Monticello","LINK||http://replays.robertsstream.com/racereplays/cust/nyss.php?play=MjAxNTA2MDgxNDAzTVJENQ==","J Eagle Feather","KJ Stables LLC.","Ginger Reynolds","3YO C&G Pace"
"6/8/15","Monticello","LINK||http://replays.robertsstream.com/racereplays/cust/nyss.php?play=MjAxNTA2MDgxNTAxTVJEOA==","National Seelster","Robert Mondillo & Oompa's Farm Inc.","Seelster Farms Inc.","3YO C&G Pace"
"6/8/15","Monticello","LINK||http://replays.robertsstream.com/racereplays/cust/nyss.php?play=MjAxNTA2MDgxNjM5TVJEMTM=","My Spirit Soars","David Van Wart","Creative Racing Stable Co.","3YO C&G Pace"
"6/15/15","Yonkers","LINK||http://replays.robertsstream.com/racereplays/cust/nyss.php?play=MjAxNTA2MTUyMDUzWU9ONg==","Band Of Angels","William Donovan","Steve Stewart & Birch Hollow Farms","3YO Filly Pace"
"6/15/15","Yonkers","LINK||http://replays.robertsstream.com/racereplays/cust/nyss.php?play=MjAxNTA2MTUyMjE3WU9OMTA=","Not Before Eight","Ernest Hartman","Robert Tucker & Lauren Tucker","3YO Filly Pace"
"6/15/15","Yonkers","LINK||http://replays.robertsstream.com/racereplays/cust/nyss.php?play=MjAxNTA2MTUyMjM2WU9OMTE=","Rock Me Gently","Old Block Stables Inc., The Fra Stable LLC. & Kenneth Klein","Moni Market Breeders & Joie De Vie Farm LLC.","3YO Filly Pace"
"6/21/15","Vernon","LINK||http://replays.robertsstream.com/racereplays/cust/nyss.php?play=MjAxNTA2MjExMzUxVlJOMw==","My Spirit Soars","David Van Wart","Creative Racing Stable Co.","3YO C&G Pace"
"6/21/15","Vernon","LINK||http://replays.robertsstream.com/racereplays/cust/nyss.php?play=MjAxNTA2MjExNDUxVlJONg==","National Seelster","Robert Mondillo & Oompa's Farm Inc.","Seelster Farms Inc.","3YO C&G Pace"
"6/21/15","Vernon","LINK||http://replays.robertsstream.com/racereplays/cust/nyss.php?play=MjAxNTA2MjExNTI5VlJOOA==","A Bettor Hat","Brian S. Gordon & Gilberto Garcia-Herrera","David H. McDuffee","3YO C&G Pace"
"6/21/15","Vernon","LINK||http://replays.robertsstream.com/racereplays/cust/nyss.php?play=MjAxNTA2MjExNjEwVlJOMTA=","Artistic Major","David Van Dusen, Michael Cimaglio, Steve Elliot & Gunjan Patel","Samuel Stoltzfus","3YO C&G Pace"
"6/25/15","Saratoga","LINK||http://replays.robertsstream.com/racereplays/cust/nyss.php?play=MjAxNTA2MjUxODI1U1JOOQ==","Bettor N Better","Our Horse Cents Stables & Blue Chip Bloodstock Inc.","4 Rose Stable","3YO Filly Pace"
"6/25/15","Saratoga","LINK||http://replays.robertsstream.com/racereplays/cust/nyss.php?play=MjAxNTA2MjUxODQzU1JOMTA=","Moremercy Bluechip","Andy Miller Stable Inc. & Pinske Stables","Perretti Farms","3YO Filly Pace"
"6/25/15","Saratoga","LINK||http://replays.robertsstream.com/racereplays/cust/nyss.php?play=MjAxNTA2MjUxNzI5U1JONg==","Mosquito Blue Chip","Our Three Sons Stable LLC., Donato Falcicchio & Paul Jessop","Blue Chip Bloodstock Inc. & Av & Son Bloodstock LLC.","3YO Filly Pace"
"6/28/15","Tioga","N/A","Buen Camino","Purple Haze Stables LLC.","Ernest Martinez II & WCB Racing Stable ","3YO C&G Trot"
"6/29/15","Monticello","LINK||http://replays.robertsstream.com/racereplays/cust/nyss.php?play=MjAxNTA2MjkxNDAwTVJENA==","Roll With Fred","Val D'Or Farms, Rojan Stables & Theodore Gewertz","Frederick Hertrich III","2YO C&G Pace"
"6/29/15","Monticello","LINK||http://replays.robertsstream.com/racereplays/cust/nyss.php?play=MjAxNTA2MjkxNDQwTVJENg==","Skip Jive","West Springtime Racing Stable & Shannon Brott","West Springtime Racing Stable & Shannon Brott","2YO C&G Pace"
"6/29/15","Monticello","LINK||http://replays.robertsstream.com/racereplays/cust/nyss.php?play=MjAxNTA2MjkxNjU0TVJEMTM=","Joe Larry N Curly","Joseph Jannuzzelli, Dawn Colucci & Mark Harder","Joie De Vie Farm LLC.","2YO C&G Pace"
"7/1/15","Buffalo","LINK||http://replays.robertsstream.com/racereplays/cust/nyss.php?play=MjAxNTA3MDExNzE1QlVOMg==","Gotmyredressontnit","Janice Connor","John Carver","2YO Filly Pace"
"7/1/15","Buffalo","LINK||http://replays.robertsstream.com/racereplays/cust/nyss.php?play=MjAxNTA3MDExNzMzQlVOMw==","Soft Idea","South Mountain Stables, The Bay's Stable LLC., Radio Racing Stable & Little E LLC.","Winbak Farm","2YO Filly Pace"
"7/1/15","Buffalo","LINK||http://replays.robertsstream.com/racereplays/cust/nyss.php?play=MjAxNTA3MDExODA5QlVONQ==","Encore Deo","Burke Racing Stable LLC., Weaver Bruscemi LLC., Jason Melillo & Lawrence Karr","Deo Volente Farms LLC.","2YO Filly Pace"
"7/2/15","Saratoga","LINK||http://replays.robertsstream.com/racereplays/cust/nyss.php?play=MjAxNTA3MDIxNjM1U1JOMw==","Master Class","ACL Stuteri Ab, Anette Lorentzon & Kjell Johansson","Dunroven Stud","2YO C&G Trot"
"7/2/15","Saratoga","LINK||http://replays.robertsstream.com/racereplays/cust/nyss.php?play=MjAxNTA3MDIxNzMxU1JONg==","Reve Royale","Raymond Campbell Jr., Paul Fontaine & Alfred Ross","Morrisville College Foundation Inc.","2YO C&G Trot"
"7/2/15","Saratoga","LINK||http://replays.robertsstream.com/racereplays/cust/nyss.php?play=MjAxNTA3MDIxODI1U1JOOQ==","Dayson","Margaret Butler & Amy Butler","Salt Hill Farm LTD","2YO C&G Trot"
"7/2/15","Saratoga","LINK||http://replays.robertsstream.com/racereplays/cust/nyss.php?play=MjAxNTA3MDIxOTA1U1JOMTE=","Dog Gone Lucky","Amy Stoltzfus & Charles Stansley","Samuel Stoltzfus Jr.","2YO C&G Trot"
"7/3/15","Monticello","LINK|| http://replays.robertsstream.com/racereplays/cust/nyss.php?play=MjAxNTA3MDMxODU3TVJENA==","Posterity","Carrie Norris, Janine Zito & Buck Sprinkle","Walnut Hall Stock Farm","2YO Filly Trot"
"7/3/15","Monticello","LINK||http://replays.robertsstream.com/racereplays/cust/nyss.php?play=MjAxNTA3MDMxOTM0TVJENg==","Winning Princess","Burke Racing Stable LLC., Weaver Bruscemi LLC., Crawford Farms LLC. & Hossman LLC.","Brittany Farms","2YO Filly Trot"
"7/3/15","Monticello","LINK||http://replays.robertsstream.com/racereplays/cust/nyss.php?play=MjAxNTA3MDMyMDIzTVJEOA==","Go Mary Go","Ray Schnittker, Theodore Gewertz, Hero Stables & David Pepin","Marcos Ameralis","2YO Filly Trot"
"7/3/15","Monticello","LINK||http://replays.robertsstream.com/racereplays/cust/nyss.php?play=MjAxNTA3MDMyMDQzTVJEOQ==","Swinging Royalty","George Ducharme, Jim Winske, Stephen Michaels & W. Donovan","Jonas Schlabach","2YO Filly Trot"
"7/3/15","Monticello","LINK||http://replays.robertsstream.com/racereplays/cust/nyss.php?play=MjAxNTA3MDMyMTA2TVJEMTA=","Love Crazy Love","Crawford Partners LLC., Theodore Gewertz, Deborah Brunet & Y Brunet","Peninsula Farm Inc.","2YO Filly Trot"
"7/8/15","Buffalo","LINK||http://replays.robertsstream.com/racereplays/cust/nyss.php?play=MjAxNTA3MDgxNzM5QlVOMw==","Skip Jive","West Springtime Racing Stable & Shannon Brott","West Springtime Racing Stable & Shannon Brott","2YO C&G Pace"
"7/8/15","Buffalo","LINK||http://replays.robertsstream.com/racereplays/cust/nyss.php?play=MjAxNTA3MDgxNzIyQlVOMg==","Fast N Victorious","Jesmeral Stable","Kentuckiana Farms General Partners ","2YO C&G Pace"
"7/10/15","Saratoga","LINK||http://replays.robertsstream.com/racereplays/cust/nyss.php?play=MjAxNTA3MTAxOTAwU1JOMg==","Time On My Hands","Donald Robinson, Michael Robinson, Robert Mondillo & Steven Cheatham","Riverview Farms","2YO Filly Pace"
"7/10/15","Saratoga","LINK||http://replays.robertsstream.com/racereplays/cust/nyss.php?play=MjAxNTA3MTAxOTU4U1JONQ==","American Ivy","Val D'Or Farms, Rojan Stables & Theodore Gewertz","Boxwood Farm","2YO Filly Pace"
"7/10/15","Saratoga","LINK||http://replays.robertsstream.com/racereplays/cust/nyss.php?play=MjAxNTA3MTAyMTM4U1JOMTA=","Gotmyredressontnit","Janice Connor","John Carver","2YO Filly Pace"
"7/12/15","Buffalo","LINK||http://replays.robertsstream.com/racereplays/cust/nyss.php?play=MjAxNTA3MTIxMzM1QlVOMw==","Barn Doll","Steven Pratt, Nancy Pratt & Purple Haze Stables LLC","Little E LLC.","3YO Filly Trot"
"7/12/15","Buffalo","LINK||http://replays.robertsstream.com/racereplays/cust/nyss.php?play=MjAxNTA3MTIxNDQ0QlVONw==","Jewels In Hock","KJ Stables LLC","Steve Jones","3YO Filly Trot"
"7/13/15","Yonkers","LINK||: http://replays.robertsstream.com/racereplays/cust/nyss.php?play=MjAxNTA3MTMxOTI2WU9OMg==","Andrew Goldstein","Steven Goldstein","Joseph Flynn & Edward Flynn","2YO C&G Trot"
"7/13/15","Yonkers","LINK||http://replays.robertsstream.com/racereplays/cust/nyss.php?play=MjAxNTA3MTMyMTA5WU9ONw==","Dayson","Margaret Butler & Amy Butler","Salt Hill Farm LTD","2YO C&G Trot"
"7/13/15","Yonkers","LINK||http://replays.robertsstream.com/racereplays/cust/nyss.php?play=MjAxNTA3MTQxNjMyTVJEMTI=","Reve Royale","Raymond Campbell Jr., Paul Fontaine & Alfred Ross","Morrisville College Foundation Inc.","2YO C&G Trot"
"7/13/15","Yonkers","LINK||http://replays.robertsstream.com/racereplays/cust/nyss.php?play=MjAxNTA3MTMyMjA5WU9OMTA=","Credevie","Purple Haze Stables LLC.","Joie De Vie Farm LLC.","2YO C&G Trot"
"7/14/15","Monticello","LINK||http://replays.robertsstream.com/racereplays/cust/nyss.php?play=MjAxNTA3MTQxNTA2TVJEOA==","Pop The Tags","George Golemes & D Van Witzenburg","Stephen Dey III","3YO Filly Pace"
"7/14/15","Monticello","LINK||http://replays.robertsstream.com/racereplays/cust/nyss.php?play=MjAxNTA3MTQxNTI4TVJEOQ==","Bettor N Better","Our Horse Cents Stables & Blue Chip Bloodstock Inc.","4 Rose Stable","3YO Filly Pace"
"7/14/15","Monticello","LINK||http://replays.robertsstream.com/racereplays/cust/nyss.php?play=MjAxNTA3MTQxNjMyTVJEMTI=","Moremercy Bluechip","Andy Miller Stable Inc. & Pinske Stables","Perretti Farms","3YO Filly Pace"
"7/15/15","Buffalo","LINK||http://replays.robertsstream.com/racereplays/cust/nyss.php?play=MjAxNTA3MTUxNzE1QlVOMg==","Go Mary Go","Ray Schnittker, Theodore Gewertz, Hero Stables & David Pepin","Marcos Ameralis","2YO Filly Trot"
"7/15/15","Buffalo","LINK||http://replays.robertsstream.com/racereplays/cust/nyss.php?play=MjAxNTA3MTUxNzMzQlVOMw==","Dizzy Broad","Noel Daley","Dale Lawton & Chris Lawton","2YO Filly Trot"
"7/15/15","Buffalo","LINK||http://replays.robertsstream.com/racereplays/cust/nyss.php?play=MjAxNTA3MTUxODI5QlVONg==","Dolly Drama PV","Peter Venturini","Peter Venturini","2YO Filly Trot"
"7/15/15","Buffalo","LINK||http://replays.robertsstream.com/racereplays/cust/nyss.php?play=MjAxNTA3MTUxODQ3QlVONw==","Goosebump Hanover","Burke Racing Stable LLC., J&T Silva Stables LLC., Crawford Farms LLC. & Joseph Di Scala Jr.","Hanover Shoe Farms Inc.","2YO Filly Trot"
"7/16/15","Yonkers","LINK||http://replays.robertsstream.com/racereplays/cust/nyss.php?play=MjAxNTA3MTYyMDUwWU9ONg==","National Seelster","Robert Mondillo & Oompa's Farm Inc.","Seelster Farms Inc.","3YO C&G Pace"
"7/16/15","Yonkers","LINK||http://replays.robertsstream.com/racereplays/cust/nyss.php?play=MjAxNTA3MTYyMTExWU9ONw==","Betting Exchange","Howard Taylor, Susan Kajfasz, Tom Fanning","Flintlock Farm Inc.","3YO C&G Pace"
"7/16/15","Yonkers","LINK||http://replays.robertsstream.com/racereplays/cust/nyss.php?play=MjAxNTA3MTYyMTM0WU9OOA==","Americanprimetime","Rock and Roll Stable Inc.","Rock and Roll Stable Inc.","3YO C&G Pace"
"7/17/15","Tioga","LINK||http://replays.robertsstream.com/racereplays/cust/nyss.php?play=MjAxNTA3MTcxOTM5VFFONQ==","Talk Show","Pegasis Investment Group, Team S Racing Stable & Barbara Bongiorno","Dunroven Stud","2YO C&G Pace"
"7/17/15","Tioga","LINK||http://replays.robertsstream.com/racereplays/cust/nyss.php?play=MjAxNTA3MTcyMDIwVFFONw==","Travel Playlist","Ronald Michelon","Winbak Farm","2YO C&G Pace"
"7/17/15","Tioga","LINK||http://replays.robertsstream.com/racereplays/cust/nyss.php?play=MjAxNTA3MTcyMTAzVFFOOQ==","Joe, Larry N Curly","Joseph Iannuzzelli, Dawn Colucci & Mark Harder","Joie De Vie Farm LLC","2YO C&G Pace"
"7/19/15","Buffalo","LINK||http://replays.robertsstream.com/racereplays/cust/nyss.php?play=MjAxNTA3MTkxMzE5QlVOMg==","Wings of Royalty","Raymond Campbell Jr.","Raymond Campbell Jr.","3YO C&G Trot"
"7/19/15","Buffalo","LINK||http://replays.robertsstream.com/racereplays/cust/nyss.php?play=MjAxNTA3MTkxMzU3QlVONA==","Workout Wonder","All Laid Out Stable Inc.","Kentuckiana Farms","3YO C&G Trot"
"7/20/15","Yonkers","N/A","Soft Idea","South Mountain Stables, The Bay's Stable LLC., Radio Racing Stable & Little E. LLC.","Winbak Farm","2YO Filly Pace"
"7/20/15","Yonkers","LINK||http://replays.robertsstream.com/racereplays/cust/nyss.php?play=MjAxNTA3MjAyMTA2WU9ONw==","Killing Em Softly","West Wins Stable & Andrew Harris","Stephen Dey III","2YO Filly Pace"
"7/20/15","Yonkers","LINK||http://replays.robertsstream.com/racereplays/cust/nyss.php?play=MjAxNTA3MjAyMTQ2WU9OOQ==","No Clouds Bluechip","Richard Carney, Farrell Carney & Barbara Berger","Blue Chip Bloodstock Inc.","2YO Filly Pace"
"7/22/15","Buffalo","LINK||http://replays.robertsstream.com/racereplays/cust/nyss.php?play=MjAxNTA3MjIxNjU3QlVOMQ==","Allerage Echo","Kenneth Jacobs","Little E. LLC.","2YO C&G Trot"
"7/22/15","Buffalo","LINK||http://replays.robertsstream.com/racereplays/cust/nyss.php?play=MjAxNTA3MjIxNzE0QlVOMg==","Dayson","Margaret Butler & Amy Butler","Salt Hill Farm LTD","2YO C&G Trot"
"7/25/15","Saratoga","LINK||http://replays.robertsstream.com/racereplays/cust/nyss.php?play=MjAxNTA3MjUyMDAxU1JONA==","A Bettor Hat","Brian Gordon, Gilbert Garcia-Herrera","David Mc Duffee","3YO C&G Pace"
"7/25/15","Saratoga","LINK||http://replays.robertsstream.com/racereplays/cust/nyss.php?play=MjAxNTA3MjUyMTQ2U1JOOQ==","Artistic Major","David Van Dusen, Michael Cimaglio, Steve Elliot & Gunjan Patel","Samuel Stoltzfus","3YO C&G Pace"
"7/27/15","Batavia","LINK||http://replays.robertsstream.com/racereplays/cust/nyss.php?play=MjAxNTA3MjcxODMyQlROMQ==","Lima Playtime","Rick Zeron Stables, Millar Farms, James Walker & Dr. Paul Fisher","Steiner Stock Farm","2YO Filly Trot"
"7/27/15","Batavia","LINK||http://replays.robertsstream.com/racereplays/cust/nyss.php?play=MjAxNTA3MjcxODUwQlROMg==","Credit To Thelimit","Matthew Bencic, Peter Barbato, Samuel Bova & Jodi Schillaci","Chris Alexander","2YO Filly Trot"
"7/27/15","Batavia","LINK||http://replays.robertsstream.com/racereplays/cust/nyss.php?play=MjAxNTA3MjcxOTIzQlROMw==","Posterity","Carrie Norris, Janine Zito & Buck Sprinkle","Walnut Hall Stock Farm","2YO Filly Trot"
"7/27/15","Batavia","LINK||http://replays.robertsstream.com/racereplays/cust/nyss.php?play=MjAxNTA3MjcxOTQxQlRONA==","Dizzy Broad","Noel Daley","Dale Lawton & Chris Lawton","2YO Filly Trot"
"7/30/15","Yonkers","LINK||http://replays.robertsstream.com/racereplays/cust/nyss.php?play=MjAxNTA3MzAyMTE3WU9ONw==","Autotune Hanover","Rick Phillips, Deena Frost, Peter Venturini & Mark Harder","Hanover Shoe Farms Inc.","2YO C&G Pace"
"7/30/15","Yonkers","LINK||http://replays.robertsstream.com/racereplays/cust/nyss.php?play=MjAxNTA3MzAyMTM4WU9OOA==","Travel Playlist","Ronald Michelon","Winbak Farm","2YO C&G Pace"
"7/31/15","Tioga","LINK||http://replays.robertsstream.com/racereplays/cust/nyss.php?play=MjAxNTA3MzExOTMzVFFONQ==","No Clouds Blue Chip","Richard Carney, Farrell Carney & Barbara Berger","Blue Chip Bloodstock Inc.","2YO Filly Pace"
"7/31/15","Tioga","LINK||http://replays.robertsstream.com/racereplays/cust/nyss.php?play=MjAxNTA3MzEyMDE3VFFONw==","Soft Idea","South Mountain Stables, The Bay's Stable LLC., Radio Racing Stable & Little E. LLC.","Winbak Farm","2YO Filly Pace"
"8/2/15","Batavia","LINK||http://replays.robertsstream.com/racereplays/cust/nyss.php?play=MjAxNTA4MDIxMzAwQlROMQ==","Mosquito Blue Chip","Our Three Sons Stable LLC.,Donato Falcicchio & Paul Jessop","Blue Chip Farms & Av & Son Bloodstock LLC.","3YO Filly Pace"
"8/2/15","Batavia","LINK||http://replays.robertsstream.com/racereplays/cust/nyss.php?play=MjAxNTA4MDIxMzI5QlROMg==","Band of Angels","William Donovan","Steve Stewart & Birch Hollow Farms","3YO Filly Pace"
"8/2/15","Batavia","LINK||http://replays.robertsstream.com/racereplays/cust/nyss.php?play=MjAxNTA4MDIxNDA1QlRONA==","Jag Out","Ervin Miller Stable Inc., Paymaq Racing & Mystical Marker Farms LLC.","Ross Bonafield","3YO Filly Pace"
"8/3/15","Monticello","LINK||http://replays.robertsstream.com/racereplays/cust/nyss.php?play=MjAxNTA4MDMxMzQ2TVJENA==","Jewels In Hock","KJ Stables LLC.","Steve Jones","3YO Filly Trot"
"8/3/15","Monticello","LINK||http://replays.robertsstream.com/racereplays/cust/nyss.php?play=MjAxNTA4MDMxNDMwTVJENg==","Barn Doll","Steven Pratt, Nancy Pratt & Purple Haze Stables LLC.","Little E. LLC","3YO Filly Trot"
"8/5/15","Batavia","LINK||http://replays.robertsstream.com/racereplays/cust/nyss.php?play=MjAxNTA4MDUxOTMwQlRONA==","Allerage Echo","Kenneth Jacobs","Little E. LLC.","2YO C&G Trot"
"8/5/15","Batavia","LINK||http://replays.robertsstream.com/racereplays/cust/nyss.php?play=MjAxNTA4MDUxOTEwQlROMw==","Dayson","Margaret Butler & Amy Butler","Salt Hill Farm LTD","2YO C&G Trot"
"8/6/15","Yonkers","LINK||http://replays.robertsstream.com/racereplays/cust/nyss.php?play=MjAxNTA4MDYyMDM5WU9ONg==","Rockin In Heaven","Dr. Ian Moore, Douglas Polley, Francois Lecomte & Gordon McComb","Blair Corbeil","3YO C&G Pace"
"8/6/15","Yonkers","LINK||http://replays.robertsstream.com/racereplays/cust/nyss.php?play=MjAxNTA4MDYyMDU2WU9ONw==","Artistic Major","David Van Dusen, Michael Cimaglio, Steve Elliot & Gunjan Patel","Samuel Stoltzfus","3YO C&G Pace"
"8/7/15","Yonkers","LINK||http://replays.robertsstream.com/racereplays/cust/nyss.php?play=MjAxNTA4MDcxOTI3WU9OMg==","I Will Take Credit","Ann Marie Daley, James Crawford IV, Richard Lombardo & Donald Brenner","Steve Jones","2YO Filly Trot"
"8/7/15","Yonkers","LINK||http://replays.robertsstream.com/racereplays/cust/nyss.php?play=MjAxNTA4MDcyMDA4WU9ONA==","Non Stick","Ake Svanstedt Inc. & Little E LLC.","Michael Andrew & Steve Stewart","2YO Filly Trot"
"8/7/15","Yonkers","LINK||http://replays.robertsstream.com/racereplays/cust/nyss.php?play=MjAxNTA4MDcyMDI5WU9ONQ==","Lima Playtime","Rick Zeron Stables, Millar Farms, James Walker & Dr. Paul Fisher","Steiner Stock Farm","2YO Filly Trot"
"8/7/15","Yonkers","LINK||http://replays.robertsstream.com/racereplays/cust/nyss.php?play=MjAxNTA4MDcyMDUyWU9ONg==","Dazzling Dollars","Purple Haze Stables LLC.","Morrisville College Foundation Inc.","2YO Filly Trot"
"8/7/15","Yonkers","LINK||http://replays.robertsstream.com/racereplays/cust/nyss.php?play=MjAxNTA4MDcyMTEyWU9ONw==","Posterity","Carrie Norris, Janine Zito & Buck Sprinkle","Walnut Hall Stock Farm","2YO Filly Trot"
"8/9/15","Batavia","LINK||http://replays.robertsstream.com/racereplays/cust/nyss.php?play=MjAxNTA4MDkxNDAwQlRONA==","Joe Larry N Curly","Joseph Iannuzzelli, Dawn Colucci & Mark Harder","Joie De Vie Farm LLC","2YO C&G Pace"
"8/9/15","Batavia","LINK||http://replays.robertsstream.com/racereplays/cust/nyss.php?play=MjAxNTA4MDkxNDAwQlROMg==","Red Roll","John Sixt","Winbak Farm ","2YO C&G Pace"
"8/10/15","Yonkers","LINK||http://replays.robertsstream.com/racereplays/cust/nyss.php?play=MjAxNTA4MTAyMDQ2WU9ONg==","Crazy Wow","Our Horse Cents Stables, Jt45, and J&T Silva Stables LLC.","Peter Pan Stables Inc.","3YO C&G Trot"
"8/10/15","Yonkers","LINK||http://replays.robertsstream.com/racereplays/cust/nyss.php?play=MjAxNTA4MTAyMTA2WU9ONw==","Buen Camino","Purple Haze Stables LLC.","Ernest Martinez II & Wcb Racing Stable","3YO C&G Trot"
"8/11/15","Monticello","LINK||http://replays.robertsstream.com/racereplays/cust/nyss.php?play=MjAxNTA4MTExMjQ2TVJEMQ==","No Clouds Bluechip","Richard Carney, Farrell Carney & Barbara Berger","Blue Chip Bloodstock Inc.","2YO Filly Pace"
"8/11/15","Monticello","LINK||http://replays.robertsstream.com/racereplays/cust/nyss.php?play=MjAxNTA4MTExNDE4TVJENQ==","Time On My Hands","Donald Robinson, Michael Robinson, Robert Mondillo & Steven Cheatham","Riverview Farms","2YO Filly Pace"
"8/11/15","Monticello","LINK||http://replays.robertsstream.com/racereplays/cust/nyss.php?play=MjAxNTA4MTExNTI1TVJEOA==","Vino And Formaggio","Randy Bendis, Reed Broadway & Thomas Pollack","Steve Jones","2YO Filly Pace"
"8/13/15","Yonkers","LINK||http://replays.robertsstream.com/racereplays/cust/nyss.php?play=MjAxNTA4MTMyMDQ0WU9ONg==","Barn Girl","Steven Pratt, Nancy Pratt & Out In The Country Stable","Morrisville College Foundation Inc.","3YO Filly Trot"
"8/13/15","Yonkers","LINK||http://replays.robertsstream.com/racereplays/cust/nyss.php?play=MjAxNTA4MTMyMTAyWU9ONw==","Jewels In Hock","KJ Stables LLC.","Steve Jones ","3YO Filly Trot"
"8/14/15","Vernon","LINK||http://replays.robertsstream.com/racereplays/cust/nyss.php?play=MjAxNTA4MTQxOTM4VlJONA==","Pampered Princess","Brixton Medical Inc. ","David Anderson","2YO Filly Trot"
"8/14/15","Vernon","LINK||http://replays.robertsstream.com/racereplays/cust/nyss.php?play=MjAxNTA4MTQyMDM3VlJONw==","Posterity","Carrie Norris, Janine Zito & Buck Sprinkle","Walnut Hall Stock Farm","2YO Filly Trot"
"8/14/15","Vernon","LINK||http://replays.robertsstream.com/racereplays/cust/nyss.php?play=MjAxNTA4MTQyMDE4VlJONg==","Goosebump Hanover","Burke Racing Stable LLC., J&T Silva Stables LLC., Crawford Farms LLC. & Joseph Di Scala Jr.","Hanover Shoe Farms Inc.","2YO Filly Trot"
"8/14/15","Vernon","LINK||http://replays.robertsstream.com/racereplays/cust/nyss.php?play=MjAxNTA4MTQyMTE3VlJOOQ==","Non Stick","Ake Svanstedt Inc. & Little E LLC","Michael Andrews & Steve Stewart","2YO Filly Trot"
"8/17/15","Yonkers","LINK||http://replays.robertsstream.com/racereplays/cust/nyss.php?play=MjAxNTA4MTcyMDQ2WU9ONg==","Allerage Echo","Kenneth Jacobs","Little E LLC","2YO C&G Trot"
"8/17/15","Yonkers","LINK||http://replays.robertsstream.com/racereplays/cust/nyss.php?play=MjAxNTA4MTcyMTA2WU9ONw==","Dayson","Margaret Butler & Amy Butler","Salt Hill Farm LTD","2YO C&G Trot"
"8/19/15","Saratoga","LINK||http://replays.robertsstream.com/racereplays/cust/nyss.php?play=MjAxNTA4MTkxOTM5U1JOMw==","Royal Deceptor","Charles Foster,Michael Sentiwany Jr.,Michael James","Jesmeral Stable","3YO C&G Trot"
"8/19/15","Saratoga","LINK||http://replays.robertsstream.com/racereplays/cust/nyss.php?play=MjAxNTA4MTkyMjA0U1JOMTE=","Buen Camino","Purple Haze Stables LLC","Ernest Martinez II,Wcb Racing Stb","3YO C&G Trot"
"8/20/15","Yonkers","LINK||http://replays.robertsstream.com/racereplays/cust/nyss.php?play=MjAxNTA4MjAyMDUxWU9ONg==","Travel Playlist","Ronald Michelon","Winbak Farm","2YO C&G Pace"
"8/20/15","Yonkers","LINK||http://replays.robertsstream.com/racereplays/cust/nyss.php?play=MjAxNTA4MjAyMTEzWU9ONw==","Joe Larry N Curly","Joseph Jannuzzelli,Dawn Colucci,Mark Harder","Joie De Vie Farm LLC","2YO C&G Pace"
"8/21/15","Vernon","LINK||http://replays.robertsstream.com/racereplays/cust/nyss.php?play=MjAxNTA4MjExODQxVlJOMQ==","Vino And Formaggio","Randy Bendis, Reed Broadway & Thomas Pollack","Steve Jones","2YO Filly Pace"
"8/21/15","Vernon","LINK||http://replays.robertsstream.com/racereplays/cust/nyss.php?play=MjAxNTA4MjExOTM3VlJONA==","Soft Idea","South Mountain Stables, The Bay's Stable LLC., Radio Racing Stable & Little E. LLC.","Winbak Farm","2YO Filly Pace"
"8/21/15","Vernon","LINK||http://replays.robertsstream.com/racereplays/cust/nyss.php?play=MjAxNTA4MjExOTU0VlJONQ==","Dime A Dance","Our Horse Cents Stables, Blue Chip Bloodstock Inc. & J&T Silva Stables LLC.","Eugene Kurzrok, Richard Taylor & Stephen Springer","2YO Filly Pace"
"8/22/15","Batavia","LINK||http://replays.robertsstream.com/racereplays/cust/nyss.php?play=MjAxNTA4MjIxOTA4QlROMw==","Jewels In Hock","KJ Stables LLC","Steve Jones","3YO Filly Trot"
"8/22/15","Batavia","LINK||http://replays.robertsstream.com/racereplays/cust/nyss.php?play=MjAxNTA4MjIxOTI3QlRONA==","Barn Doll","Steven Pratt, Nancy Pratt & Purple Haze Stables LLC.","Little E LLC","3YO Filly Trot"
"8/24/15","Yonkers","LINK||http://replays.robertsstream.com/racereplays/cust/nyss.php?play=MjAxNTA4MjQyMDA0WU9ONA==","Goosebump Hanover","Burke Racing Stable LLC., J&T Silva Stables LLC., Crawford Farms LLC. & Joseph Di Scala Jr.","Hanover Shoe Farms Inc.","2YO Filly Trot"
"8/24/15","Yonkers","LINK||http://replays.robertsstream.com/racereplays/cust/nyss.php?play=MjAxNTA4MjQyMDI0WU9ONQ==","Dizzy Broad","Burke Racing Stable LLC., Weaver Bruscemi LLC., Frank Baldachino & Earl Smith","Dale Lawton & Chris Lawton","2YO Filly Trot"
"8/24/15","Yonkers","LINK||http://replays.robertsstream.com/racereplays/cust/nyss.php?play=MjAxNTA4MjQyMTA0WU9ONw==","Non Stick ","Ake Svanstedt Inc. & Little E LLC.","Michael Andrew & Steve Stewart","2YO Filly Trot"
"8/24/15","Yonkers","LINK||http://replays.robertsstream.com/racereplays/cust/nyss.php?play=MjAxNTA4MjQyMTQzWU9OOQ==","Franniegetyourgun","Christina Takter, Herbert Holland, Serafino Barone & Steve Bitlisli","Little E LLC","2YO Filly Trot"
"8/25/15","Monticello ","LINK||http://replays.robertsstream.com/racereplays/cust/nyss.php?play=MjAxNTA4MjUxMjQ2TVJEMQ==","Allerage Echo","Kenneth Jacobs","Little E LLC","2YO C&G Trot"
"8/25/15","Monticello ","LINK||http://replays.robertsstream.com/racereplays/cust/nyss.php?play=MjAxNTA4MjUxNTE0TVJEOA==","Crown Point","Ann-Mari Daley, James Crawford IV, Richard Lombardo & Gary Green","Frederick Hertrich III","2YO C&G Trot"
"8/30/15","Batavia","LINK|| http://replays.robertsstream.com/racereplays/cust/nyss.php?play=MjAxNTA4MzAxMzI5QlROMg==","Rockin In Heaven","Dr. Ian Moore, Douglas Polley, Francois Lecomte, Gordon McComb","Blair Corbell","3YO C&G Pace"
"8/30/15","Batavia","LINK||http://replays.robertsstream.com/racereplays/cust/nyss.php?play=MjAxNTA4MzAxNDEyQlRONA==","Betting Exchange","Howard Taylor, Susan Kajfasz, Tom Fanning","Flintlock Farm Inc.","3YO C&G Pace"
"8/31/15","Yonkers","LINK||http://replays.robertsstream.com/racereplays/cust/nyss.php?play=MjAxNTA4MzEyMDI3WU9ONQ==","Devil Child","Homer Hochstetler, James Michels, South of the Tracks Rcg. Inc.","Winbak Farm","3 YO Filly Pace"
"8/31/15","Yonkers","LINK||http://replays.robertsstream.com/racereplays/cust/nyss.php?play=MjAxNTA4MzEyMDQ3WU9ONg==","Sassa Hanover","Burke Rcg. Stb.LLC, The Panhellenic Stb. Corp, Weaver Bruscemi LLC, Lawrence Karr","Hanover Shoe Farms Inc.","3 YO Filly Pace"
"8/31/15","Yonkers","LINK|| http://replays.robertsstream.com/racereplays/cust/nyss.php?play=MjAxNTA4MzEyMTA3WU9ONw==","Bedroomconfessions","Riverview Racing LLC, Alagna Racing LLC","Riverview Farms, Tony Alagna, Minisink Farms LLC","3 YO Filly Pace"
"9/1/15","Yonkers","LINK||  http://replays.robertsstream.com/racereplays/cust/nyss.php?play=MjAxNTA5MDExNDMzWU9ONg==","Lady Winona","Stroy Inc.","Little E LLC","3 YO Filly Trot"
"9/1/15","Yonkers","LINK||  http://replays.robertsstream.com/racereplays/cust/nyss.php?play=MjAxNTA5MDExNDU0WU9ONw==","Barn Doll","Steven Pratt, Nancy Pratt, Purple Haze Stables LLC","Little E LLC","3 YO Filly Trot"
"9/2/15","Saratoga","LINK|| http://replays.robertsstream.com/racereplays/cust/nyss.php?play=MjAxNTA5MDIxOTQwU1JOMw==","Dizzy Broad","Burke Rcg.Stb.LLC,Weaver Bruscemi LLC, Frank Baldachino, Earl Smith","Dale Lawton, Chris Lawton","2 YO Filly Trot"
"9/2/15","Saratoga","LINK|| http://replays.robertsstream.com/racereplays/cust/nyss.php?play=MjAxNTA5MDIyMDUzU1JONw==","Goosebump Hanover","Burke Rcg. Stb. LLC,J&T Silva Stb.,Crawford Farms LLC,Joseph DiScala Jr.","Hanover Shoe Farms Inc.","2 YO Filly Trot"
"9/2/15","Saratoga","LINK|| http://replays.robertsstream.com/racereplays/cust/nyss.php?play=MjAxNTA5MDIyMTQ3U1JOMTA=","Pampered Winner","Brixton Medical Inc","David Anderson","2 YO Filly Trot"
"9/3/15","Yonkers","LINK|| http://replays.robertsstream.com/racereplays/cust/nyss.php?play=MjAxNTA5MDMyMDIyWU9ONQ==","Dime A Dance","Our Horse Cents Stables, Blue Chip Bloodstock Inc.,J&T Silva Stables LLC","Eugene Kurzrok, Richard Taylor,Stephen Springer","2 YO Filly Pace"
"9/3/15","Yonkers","LINK|| http://replays.robertsstream.com/racereplays/cust/nyss.php?play=MjAxNTA5MDMyMDQ1WU9ONg==","Time On My Hands","Michael Robinson,Robert Mondillo,Steve Cheatham, BFJ Stable ","Riverview Farms","2 YO Filly Pace"
"9/3/15","Yonkers","LINK|| http://replays.robertsstream.com/racereplays/cust/nyss.php?play=MjAxNTA5MDMyMTA3WU9ONw==","Soft Idea","South Mountain Stables, The Bay's Stable LLC,Radio Racing Stable, Little E LLC","Winbak Farm","2 YO Filly Pace"
"9/4/15","Batavia","LINK|| http://replays.robertsstream.com/racereplays/cust/nyss.php?play=MjAxNTA5MDQxOTA1QlROMw==","Fashion Creditor","Joseph Smith","Standardbred Equities LLC","3 YO Colt & Gelding Trot"
"9/4/15","Batavia","LINK|| http://replays.robertsstream.com/racereplays/cust/nyss.php?play=MjAxNTA5MDQxOTA1QlROMw==","Royal Deceptor","Charles Foster, Michael Sentiwany Jr.,Michael James","Jesmeral Stable","3 YO Colt & Gelding Trot"
"9/4/15","Batavia","LINK|| http://replays.robertsstream.com/racereplays/cust/nyss.php?play=MjAxNTA5MDQxOTIzQlRONA==","Wings Of Royalty","Raymond Campbell Jr.","Raymond Campbell Jr.","3 YO Colt & Gelding Trot"
"9/5/15","Tioga","LINK||  http://replays.robertsstream.com/racereplays/cust/nyss.php?play=MjAxNTA5MDUxOTA5VFFONA==","Dog Gone Lucky","Amy Stoltzfus, Charles Stansley","Mike Stoltzfus,Samuels Stoltzfus Jr.","2 YO Colt & Gelding Trot"
"9/5/15","Tioga","LINK||  http://replays.robertsstream.com/racereplays/cust/nyss.php?play=MjAxNTA5MDUyMDQ5VFFOOQ==","Dayson","Margaret Butler, Amy Butler","Salt Hill Farm Ltd","2 YO Colt & Gelding Trot"
"9/7/15","Vernon","LINK|| http://replays.robertsstream.com/racereplays/cust/nyss.php?play=MjAxNTA5MDcxNDU1VlJONg==","Travel Playlist","Ronald Michelon","Winbak Farm","2 YO Colt & Gelding Pace"
"9/7/15","Vernon","LINK||  http://replays.robertsstream.com/racereplays/cust/nyss.php?play=MjAxNTA5MDcxNTM1VlJOOA==","Autotune Hanover","Rick Phillips,Deena Frost,Peter Venturini,Mark Harder","Hanover Shoe Farms Inc.","2 YO Colt & Gelding Pace"
"9/11/15","Tioga","LINK||http://replays.robertsstream.com/racereplays/cust/nyss.php?play=MjAxNTA5MTExOTIwVFFONQ== ","Non Stick","Ake Svanstedt Inc.,Little E LLC","Michael Andrew, Steve Stewart","2 YO Filly Trot"
"9/11/15","Tioga","LINK||http://replays.robertsstream.com/racereplays/cust/nyss.php?play=MjAxNTA5MTExOTM3VFFONg==","Posterity","Carrie Norris, Janine Zito, Buck Sprinkle","Walnut Hall Stock Farm","2 YO Filly Trot"
"9/11/15","Tioga","LINK||http://replays.robertsstream.com/racereplays/cust/nyss.php?play=MjAxNTA5MTEyMDAwVFFONw==","Dizzy Broad","Burke Racing Stb LLC, Weaver Bruscemi, Frank Baldachino, Earl Smith","Dale Lawton, Chris Lawton","2 YO Filly Trot"
"9/16/15","Batavia","LINK||http://replays.robertsstream.com/racereplays/cust/nyss.php?play=MjAxNTA5MTYxOTIyQlRONA==","Dime A Dance","Our Horse Cents Stables, Blue Chip Bloodstock Inc.,J&T Silva Stables LLC","Eugene Kurzrok, Richard Taylor,Stephen Springer","2 YO Filly Pace"
"9/16/15","Batavia","LINK||http://replays.robertsstream.com/racereplays/cust/nyss.php?play=MjAxNTA5MTYxOTA1QlROMw==","Encore Deo","Burke Racing Stable LLC., Weaver Bruscemi LLC., Jason Melillo & Lawrence Karr","Deo Volente Farms LLC","2 YO Filly Pace"
"9/17/15","Saratoga","LINK||http://replays.robertsstream.com/racereplays/cust/nyss.php?play=MjAxNTA5MTcxNzE1U1JONQ==","Joe Larry N Curly","Joseph Jannuzzelli, Dawn Colucci, Mark Harder","Joie De Vie Farm LLC","2 YO C&G Pace"
"9/17/15","Saratoga","LINK||http://replays.robertsstream.com/racereplays/cust/nyss.php?play=MjAxNTA5MTcxOTMwU1JOMTI=","Autotune","Rick Phillips,Deena R.Frost,Peter P. Venturini, Mark Harder","Hanover Shoe Farm Inc","2 YO C&G Pace"
"9/18/15","Vernon","LINK||http://replays.robertsstream.com/racereplays/cust/nyss.php?play=MjAxNTA5MTgxOTAxVlJOMg==","Reve Royale","Raymond Campbell Jr.,Paul Fontaine,Alfred Ross","Morrisville College Fdn Inc","2 YO Colt & Gelding Trot"
"9/18/15","Vernon","LINK||http://replays.robertsstream.com/racereplays/cust/nyss.php?play=MjAxNTA5MTgyMDE3VlJONg==","Dayson","Margaret Butler, Amy Butler","Salt Hill Farm Ltd","2 YO Colt & Gelding Trot"
"9/19/15","Vernon","LINK||http://replays.robertsstream.com/racereplays/cust/nyss.php?play=MjAxNTA5MTkxODQ2VlJOMQ==","Fashion Creditor","Joseph Smith","Standardbred Equities LLC","3 YO Colt & Gelding Trot Consolation"
"9/19/15","Vernon","LINK||http://replays.robertsstream.com/racereplays/cust/nyss.php?play=MjAxNTA5MTkxOTI0VlJOMw==","My Lucky Word","Philip Hale","Thomas Dillon","3 YO Filly Trot Consolation"
"9/19/15","Vernon","LINK||http://replays.robertsstream.com/racereplays/cust/nyss.php?play=MjAxNTA5MTkyMTI4VlJOOQ==","Luck Be A Lindy","Lindy Racing Stable","Lindy Racing Stable","3 YO Filly Pace Consolation"
"9/19/15","Vernon","LINK||http://replays.robertsstream.com/racereplays/cust/nyss.php?play=MjAxNTA5MTkyMTQ1VlJOMTA=","Penji Hanover","W Springtime Racing Stable","Brittany Farms","3 YO Colt & Gelding Pace Consolation"
"10/3/15","Batavia","LINK|| http://replays.robertsstream.com/racereplays/cust/nyss.php?play=MjAxNTEwMDMxOTA5QlROMw==","Southern Palms","Ronald Michelon, Anthony Lombardi","Ed Lohmeyer, Patricia Hogan","2 YO Colt & Gelding Trot Consolation"
"10/3/15","Batavia","LINK||http://replays.robertsstream.com/racereplays/cust/nyss.php?play=MjAxNTEwMDMxOTI4QlRONA==","Royal Surprise","Ann-Mari Daley, James Crawford IV, Richard Lombardo, Michael White","Albert Crawford, Michelle Crawford","2 YO Filly Trot Consolation"
