"DATE","TRACK","VIDEO","HORSE","OWNER","BREEDER","EVENT"
"5/11/15","Monticello","LINK||http://replays.robertsstream.com/racereplays/cust/nyss.php?play=MjAxNTA1MTExMzUwTVJENA==","Hollywoods Thataway","Robert Mc Nerney","Robert Mc Nerney","3YOC&G Trot"
"5/11/15","Monticello","LINK||http://replays.robertsstream.com/racereplays/cust/nyss.php?play=MjAxNTA1MTExNTM2TVJEOQ==","Royal Status","Raymond Campbell Jr.","Raymond Campbell Jr.","3YOC&G Trot"
"5/11/15","Monticello","LINK||http://replays.robertsstream.com/racereplays/cust/nyss.php?play=MjAxNTA1MTExNjE2TVJEMTE=","Stoneham","Burke Racing Stable LLC., Weaver Bruscemi LLC., Jerry Silva & Our Horse Cents Stables","Perretti Farms","3YOC&G Trot"
"5/11/15","Monticello","LINK||http://replays.robertsstream.com/racereplays/cust/nyss.php?play=MjAxNTA1MTExNjU3TVJEMTM=","Azucar","Theodore Gewertz, Y Brunet & Deborah Brunet","K R Breeding LLC","3YOC&G Trot"
"5/11/15","Monticello","LINK||http://replays.robertsstream.com/racereplays/cust/nyss.php?play=MjAxNTA1MTExMjQ2TVJEMQ==","Desert Storm","Michael Andrew & American Viking Racing Stable","Michael Andrew","3YOC&G Trot"
"5/11/15","Monticello","LINK||http://replays.robertsstream.com/racereplays/cust/nyss.php?play=MjAxNTA1MTExNDE3TVJENQ==","Court's N Session","Marie Houghtaling","Ronald Houghtaling","3YOC&G Trot"
"5/15/15","Tioga","LINK||http://replays.robertsstream.com/racereplays/cust/nyss.php?play=MjAxNTA1MTUxODQ5VFFOMw==","Barn Girl","Steven Pratt & Nancy Pratt","Morrisville College Foundation Inc. ","3YO Filly Trot"
"5/15/15","Tioga","LINK||http://replays.robertsstream.com/racereplays/cust/nyss.php?play=MjAxNTA1MTUxOTI4VFFONQ==","Country Chic","Purple Haze Stables LLC","Winbak Farm","3YO Filly Trot"
"5/15/15","Tioga","LINK||http://replays.robertsstream.com/racereplays/cust/nyss.php?play=MjAxNTA1MTUyMDA4VFFONw==","EJ's Last Dance","Earl Sauve","Earl Sauve","3YO Filly Trot"
"5/15/15","Tioga","LINK||http://replays.robertsstream.com/racereplays/cust/nyss.php?play=MjAxNTA1MTUyMDUwVFFOOQ==","Krissy's Pridenjoy","Mario Vilardi & Anthony Vilardi","Mario Vilardi & Anthony Vilardi","3YO Filly Trot"
"5/15/15","Tioga","LINK||http://replays.robertsstream.com/racereplays/cust/nyss.php?play=MjAxNTA1MTUyMTEyVFFOMTA=","Cherimoya","Crawford Partners LLC.","Steuben Farms","3YO Filly Trot"
"5/16/15","Vernon","LINK||http://replays.robertsstream.com/racereplays/cust/nyss.php?play=MjAxNTA1MTYxOTAwVlJOMw==","Skeeball","Elliot Misshula","Robert Newman","3YO Filly Pace"
"5/16/15","Vernon","LINK||http://replays.robertsstream.com/racereplays/cust/nyss.php?play=MjAxNTA1MTYxOTE1VlJONA==","Kelli Rachelle","Ricky Bucci","Estate Of George F. Hempt Trust","3YO Filly Pace"
"5/16/15","Vernon","LINK||http://replays.robertsstream.com/racereplays/cust/nyss.php?play=MjAxNTA1MTYyMTI2VlJOOQ==","Beyonces Rockn","Robert Young, Blair Corbeil, Alvin Storey & Frank Chiaravalloti","Alain Durivage","3YO Filly Pace"
"5/16/15","Vernon","LINK||http://replays.robertsstream.com/racereplays/cust/nyss.php?play=MjAxNTA1MTYyMjA3VlJOMTE=","B Stern","Leigh Raymer, Stephen Moss, Harold Solomon & Helane Solomon","Steiner Stock Farm","3YO Filly Pace"
"5/16/15","Vernon","LINK||http://replays.robertsstream.com/racereplays/cust/nyss.php?play=MjAxNTA1MTYyMjQyVlJOMTM=","Vraka Hanover","John Mehlenbacher","Hanover Shoe Farms Inc.","3YO Filly Pace"
"5/16/15","Vernon","N/A","Lady Beth","Kenneth Jacobs, Slo-Down Stable, Edmund Namiotka & Vincent Tancredi","Kenneth Jacobs, Slo-Down Stable, Edmund Namiotka & Vincent Tancredi","3YO Filly Pace"
"5/17/15","Tioga","LINK||http://replays.robertsstream.com/racereplays/cust/nyss.php?play=MjAxNTA1MTcxMzI3VFFOMQ==","Tarport Andy","Philip Hale & David Dewhurst","Lawrence De Van & Hugh Grant Jr.","3YOC&G Pace"
"5/17/15","Tioga","LINK||http://replays.robertsstream.com/racereplays/cust/nyss.php?play=MjAxNTA1MTcxMzQ1VFFOMg==","New York Nightmare","Dominick Rosato & Tracey Brainard","Steve Jones","3YOC&G Pace"
"5/17/15","Tioga","LINK||http://replays.robertsstream.com/racereplays/cust/nyss.php?play=MjAxNTA1MTcxNDI2VFFONA==","Time Out I'm Tired","William Mears & Janine Mc Ilvain","Robert Mc Ilvain Jr.","3YOC&G Pace"
"5/17/15","Tioga","LINK||http://replays.robertsstream.com/racereplays/cust/nyss.php?play=MjAxNTA1MTcxNTEyVFFONg==","JK Allnitelong","Jennifer Sabot","3 Brothers Stables","3YOC&G Pace"
"5/17/15","Tioga","LINK||http://replays.robertsstream.com/racereplays/cust/nyss.php?play=MjAxNTA1MTcxNTU1VFFOOA==","Rose Run Quest","Rene Allard","Kentuckiana Farms General Partners","3YOC&G  Pace"
"5/17/15","Tioga","LINK||http://replays.robertsstream.com/racereplays/cust/nyss.php?play=MjAxNTA1MTcxNjMxVFFOMTA=","Pop Icon","Kenneth Weckstein, Richard Rubin & Gary Messenger","Fair Winds Farm Inc.","3YOC&G  Pace"
"5/21/15","Yonkers","N/A","Desert Storm","Michael Andrew & American Viking Racing Stable","Michael Andrew","3YOC&G Trot"
"5/21/15","Yonkers","N/A","One More Coles","Fred Monteleone Stable LLC","Fred Monteleone Stable LLC","3YOC&G Trot"
"5/21/15","Yonkers","LINK||http://replays.robertsstream.com/racereplays/cust/nyss.php?play=MjAxNTA1MjExOTI2WU9OMg==","Bavaro","Ray Schnittker, Paul Bordogna & Jonathan Kurnit","Perretti Farms","3YOC&G Trot"
"5/21/15","Yonkers","LINK||http://replays.robertsstream.com/racereplays/cust/nyss.php?play=MjAxNTA1MjEyMDA3WU9ONA==","Hollywoods Thataway","Robert Mc Nerney","Robert Mc Nerney","3YOC&G Trot"
"5/21/15","Yonkers","LINK||http://replays.robertsstream.com/racereplays/cust/nyss.php?play=MjAxNTA1MjEyMDI1WU9ONQ==","Twain Drive","Howard Taylor, J&T Silva Stables, LLC., Edwin Gold & Judith Taylor","Order By Stable","3YOC&G Trot"
"5/21/15","Yonkers","LINK||http://replays.robertsstream.com/racereplays/cust/nyss.php?play=MjAxNTA1MjEyMDQzWU9ONg==","Stoneham","Burke Racing Stable LLC., Weaver Bruscemi LLC., Jerry Silva & Our Horse Cents Stables","Perretti Farms","3YOC&G Trot"
"5/21/15","Yonkers","LINK||http://replays.robertsstream.com/racereplays/cust/nyss.php?play=MjAxNTA1MjEyMTAzWU9ONw==","Eskimo Joe","Jesse De Long & John De Long","Ray Schnittker, Blue Chip Bloodstock Inc. & Stephen Demeter","3YOC&G Trot"
"5/23/15","Vernon","LINK||http://replays.robertsstream.com/racereplays/cust/nyss.php?play=MjAxNTA1MjMxODMwVlJOMQ==","Cherimoya","Crawford Partners, LLC","Steuben Farms","3YO Filly Trot"
"5/23/15","Vernon","LINK||http://replays.robertsstream.com/racereplays/cust/nyss.php?play=MjAxNTA1MjMxOTEwVlJOMg==","My Twisted Sister","Paul Kelley Racing Stable, Theodore Gewertz & Abraham Singer","Steve Jones","3YO Filly Trot"
"5/23/15","Vernon","LINK||http://replays.robertsstream.com/racereplays/cust/nyss.php?play=MjAxNTA1MjMxOTI2VlJOMw==","Wanna Get Lucky","Deo Volente Farms LLC. & T L P Stable","Perretti Farms","3YO Filly Trot"
"5/23/15","Vernon","LINK||http://replays.robertsstream.com/racereplays/cust/nyss.php?play=MjAxNTA1MjMxOTQ3VlJONA==","High Rise","Raymond Campbell Jr.","Raymond Campbell Jr.","3YO Filly Trot"
"5/23/15","Vernon","LINK||http://replays.robertsstream.com/racereplays/cust/nyss.php?play=MjAxNTA1MjMyMTA0VlJOOA==","Barn Girl","Steven Pratt & Nancy Pratt","Morrisville College Foundation Inc.","3YO Filly Trot"
"5/23/15","Vernon","LINK||http://replays.robertsstream.com/racereplays/cust/nyss.php?play=MjAxNTA1MjMyMTQ4VlJOMTA=","Wygant Angel","Alan Stull & Ina Stull","Alan Stull","3YO Filly Trot"
"5/23/15","Vernon","LINK||http://replays.robertsstream.com/racereplays/cust/nyss.php?play=MjAxNTA1MjMyMjA1VlJOMTE=","Sweet Hana T","John Cummings Jr, & Megan Wilson","R Turner & Judy Turner","3YO Filly Trot"
"5/25/15","Tioga","LINK||http://replays.robertsstream.com/racereplays/cust/nyss.php?play=MjAxNTA1MjUxMzI3VFFOMQ==","Vraka Hanover","John Mehlenbacher","Hanover Shoe Farms Inc.","3YO Filly Pace"
"5/25/15","Tioga","LINK||http://replays.robertsstream.com/racereplays/cust/nyss.php?play=MjAxNTA1MjUxMzQ1VFFOMg==","Courtneys Got Game","KJ Stables Inc.","White Birch Farm","3YO Filly Pace"
"5/25/15","Tioga","LINK||http://replays.robertsstream.com/racereplays/cust/nyss.php?play=MjAxNTA1MjUxNDAyVFFOMw==","Jag Out","Ervin Miller Stable Inc., Paymaq Racing & Mystical Marker Farms LLC.","Ross Bonafield","3YO Filly Pace"
"5/25/15","Tioga","LINK||http://replays.robertsstream.com/racereplays/cust/nyss.php?play=MjAxNTA1MjUxNjUzVFFOMTI=","B Stern","Leigh Raymer, Stephen Moss, Harold Solomon & Helane Solomon","Steiner Stock Farm","3YO Filly Pace"
"5/25/15","Tioga","LINK||http://replays.robertsstream.com/racereplays/cust/nyss.php?play=MjAxNTA1MjUxNzE2VFFOMTM=","Sawyer","Brittany Farms & Val D'Or Farms","Brittany Farms & Val D'Or Farms","3YO Filly Pace"
"5/27/15","Buffalo","LINK||http://replays.robertsstream.com/racereplays/cust/nyss.php?play=MjAxNTA1MjcxODI3QlVONg==","Tonite We Rock","Peter Arrigenna & James Kennedy","James Kennedy","3YO C&G Pace"
"5/27/15","Buffalo","LINK||http://replays.robertsstream.com/racereplays/cust/nyss.php?play=MjAxNTA1MjcxODQ1QlVONw==","Coaster","Burke Racing Stable LLC., Weaver Bruscemi LLC. & Phillip Collura","Concord Stud Farm LLC.","3YO C&G Pace"
"5/27/15","Buffalo","LINK||http://replays.robertsstream.com/racereplays/cust/nyss.php?play=MjAxNTA1MjcxODA2QlVONQ==","Nobettorplacetobe","1721009 Ontario Inc. & Michael Sinclair","Beechwood Acres","3YO C&G Pace"
"6/3/15","Buffalo","N/A","Kaityln Akeeper","KJ Stables LLC. ","Fair Wind Farms Inc.","3YO Filly Pace"
"6/3/15","Buffalo","LINK||http://replays.robertsstream.com/racereplays/cust/nyss.php?play=MjAxNTA2MDMxNzMzQlVOMw==","Hot Lemonade","Albert Crawford & Michelle Crawford","Blue Chip Bloodstock Inc.","3YO Filly Pace"
"6/3/15","Buffalo","LINK||http://replays.robertsstream.com/racereplays/cust/nyss.php?play=MjAxNTA2MDMxODA4QlVONQ==","Jag Out","Ervin Miller Stable Inc.,Paymaq Racing & Mystical Marker Farm Farms LLC.","Ross Bonafield","3YO Filly Pace"
"6/4/15","Saratoga","N/A","Untangled Cash","Angela Jackson","Morrisville College Foundation Inc.","3YO Filly Trot"
"6/4/15","Saratoga","LINK||http://replays.robertsstream.com/racereplays/cust/nyss.php?play=MjAxNTA2MDQxNTU3U1JOMQ==","Maggie's Brand","Brian Cross & Christopher McCarthy","Winbak Farm","3YO Filly Trot"
"6/4/15","Saratoga","LINK||http://replays.robertsstream.com/racereplays/cust/nyss.php?play=MjAxNTA2MDQxNzUxU1JONw==","Stories To Tell","George Ducharme, Robert Guerrini & Paul Fontaine","Winbak Farm","3YO Filly Trot"
"6/4/15","Saratoga","LINK||http://replays.robertsstream.com/racereplays/cust/nyss.php?play=MjAxNTA2MDQxOTEyU1JOMTE=","Mo Titos Blue Chip","Tommy N Dakota Stables, Phillip Fluet Stable LLC. & Jeffrey Biever","Blue Chip Bloodstock Inc.","3YO Filly Trot"
"6/4/15","Saratoga","LINK||http://replays.robertsstream.com/racereplays/cust/nyss.php?play=MjAxNTA2MDQxNjM0U1JOMw==","High Rise","Raymond Campbell Jr.","Raymond Campbell Jr.","3YO Filly Trot"
"6/4/15","Saratoga","LINK||http://replays.robertsstream.com/racereplays/cust/nyss.php?play=MjAxNTA2MDQxNzMwU1JONg==","Country Chic","Purple Haze Stables LLC.","Winbak Farm","3YO Filly Trot"
"6/4/15","Saratoga","LINK||http://replays.robertsstream.com/racereplays/cust/nyss.php?play=MjAxNTA2MDQxODM2U1JOOQ==","Nunkeri","Millstream Stable LLC., Joe Sbrocco, Jason Settlemoir & Little E. LLC.","Steve jones & Neal Goldman","3YO Filly Trot"
"6/6/15","Vernon","LINK||http://replays.robertsstream.com/racereplays/cust/nyss.php?play=MjAxNTA2MDYxOTI3VlJOMg==","Zoraze","Jamie Marra Racing Inc.","Dunroven Stud","3YO C&G Trot"
"6/6/15","Vernon","LINK||http://replays.robertsstream.com/racereplays/cust/nyss.php?play=MjAxNTA2MDYyMDA3VlJONA==","Crazshana","Purple Haze Stables LLC.","Hanover Shoe Farms Inc.","3YO C&G Trot"
"6/6/15","Vernon","LINK||http://replays.robertsstream.com/racereplays/cust/nyss.php?play=MjAxNTA2MDYyMTU4VlJOOQ==","Moonshine Balls","John Mehlenbacher","Steve Stewart, Black Creek Farm & Victor Wagler","3YO C&G Trot"
"6/6/15","Vernon","LINK|| http://replays.robertsstream.com/racereplays/cust/nyss.php?play=MjAxNTA2MDYyMjQwVlJOMTE=","Starzinner","Purple Haze Stables Inc.","Diamond Creek Farm LLC.","3YO C&G Trot"
"6/6/15","Vernon","LINK||http://replays.robertsstream.com/racereplays/cust/nyss.php?play=MjAxNTA2MDYyMjU3VlJOMTI=","Deadhead Royalty","Salvatore Vullo, Risa Vullo & Jessica Okusko","Erin Shantel","3YO C&G Trot"
"6/6/15","Vernon","LINK|| http://replays.robertsstream.com/racereplays/cust/nyss.php?play=MjAxNTA2MDYyMzE0VlJOMTM=","One More Coles","Fred Monteleone Stable LLC.","Fred Monteleone Stable LLC.","3YO C&G Trot"
"6/6/15","Vernon","LINK|| http://replays.robertsstream.com/racereplays/cust/nyss.php?play=MjAxNTA2MDYyMzI5VlJOMTQ=","Bag Ladies Boy","Matthew Bencic, Peter Barbato & Howard Berke","WJ Donovan","3YO C&G Trot"
"6/8/15","Monticello","LINK||http://replays.robertsstream.com/racereplays/cust/nyss.php?play=MjAxNTA2MDgxMzI1TVJEMw==","Major Camby","Francis Morse","Francis Morse","3YO C&G Pace"
"6/8/15","Monticello","LINK||http://replays.robertsstream.com/racereplays/cust/nyss.php?play=MjAxNTA2MDgxNDQxTVJENw==","American Crossroads","Burke Racing Stable LLC., Dandy Farms Inc., Howard Taylor & Weaver Bruscemi LLC.","Brittany Farms","3YO C&G Pace"
"6/8/15","Monticello","LINK||http://replays.robertsstream.com/racereplays/cust/nyss.php?play=MjAxNTA2MDgxNTM2TVJEMTA=","Nobettorplacetobe","1721009 Ontario Inc. & Michael Sinclair","Beechwood Acres","3YO C&G Pace"
"6/8/15","Monticello","LINK||http://replays.robertsstream.com/racereplays/cust/nyss.php?play=MjAxNTA2MDgxNjU0TVJEMTQ=","Gold Coast Muscle","William Wiswell, Jean Goehlen & Eugene Schick","Stephen Dey","3YO C&G Pace"
"6/8/15","Monticello","LINK|| http://replays.robertsstream.com/racereplays/cust/nyss.php?play=MjAxNTA2MDgxMzA3TVJEMg==","Simon Said","KJ Stables LLC.","Joie De Vie Farm LLC.","3YO C&G Pace"
"6/8/15","Monticello","LINK|| http://replays.robertsstream.com/racereplays/cust/nyss.php?play=MjAxNTA2MDgxNjE5TVJEMTI=","Tarport Andy","Phillip Hale & David Dewhurst","Lawrence De Van & Hugh Grant Jr.","3YO C&G Pace"
"6/15/15","Yonkers","N/A","J Wanda","Robert J. Davis & Terry VanValkenburgh","Purple Haze Stables LLC.","3YO Filly Pace"
"6/15/15","Yonkers","LINK|| http://replays.robertsstream.com/racereplays/cust/nyss.php?play=MjAxNTA2MTUxOTA2WU9OMQ==","Moremercy BlueChip","Andy Miller Stable Inc. & Pinske Stables","Blue Chip Farms LLC.","3YO Filly Pace"
"6/15/15","Yonkers","LINK|| http://replays.robertsstream.com/racereplays/cust/nyss.php?play=MjAxNTA2MTUxOTI2WU9OMg==","Kelli Rachelle","Ricky Bucci","Estate Of George F. Hempt Trust","3YO Filly Pace"
"6/15/15","Yonkers","LINK|| http://replays.robertsstream.com/racereplays/cust/nyss.php?play=MjAxNTA2MTUxOTQ4WU9OMw==","Daut Full","Alagna Racing LLC., Alan Alber & Cheap Speed Stable","AV & Son Bloodstock LLC.","3YO Filly Pace"
"6/15/15","Yonkers","LINK||http://replays.robertsstream.com/racereplays/cust/nyss.php?play=MjAxNTA2MTUyMDMzWU9ONQ==","Bin N Heaven","Frank Bellino","Newman Racing Stable","3YO Filly Pace"
"6/21/15","Vernon","LINK||http://replays.robertsstream.com/racereplays/cust/nyss.php?play=MjAxNTA2MjExNDExVlJONA==","Major Camby","Francis Morse","Francis Morse","3YO C&G Pace"
"6/21/15","Vernon","LINK||http://replays.robertsstream.com/racereplays/cust/nyss.php?play=MjAxNTA2MjExNzEyVlJOMTM=","Gold Coast Muscle","William Wiswell, Jean Goehlen & Eugene Schick","Stephen Dey","3YO C&G Pace"
"6/21/15","Vernon","LINK||http://replays.robertsstream.com/racereplays/cust/nyss.php?play=MjAxNTA2MjExNjMxVlJOMTE=","Brickman","Blue Chip Bloodstock Inc., Stephen Demeter, Herbert Burns III & Scott Lipps","Blue Chip Bloodstock Inc., Herbert Burns III & Stephen Demeter","3YO C&G Pace"
"6/21/15","Vernon","LINK||http://replays.robertsstream.com/racereplays/cust/nyss.php?play=MjAxNTA2MjExNjU2VlJOMTI=","Dancingwithdelight","Stephen Gordon, Brian Gordon & Gilbert Garcia-Herrera","White Birch Farm","3YO C&G Pace"
"6/21/15","Vernon","LINK||http://replays.robertsstream.com/racereplays/cust/nyss.php?play=MjAxNTA2MjExNzMxVlJOMTQ=","New York Nightmare","Dominick Rosato & Tracy Brainard","Steve Jones","3YO C&G Pace"
"6/21/15","Vernon","LINK||http://replays.robertsstream.com/racereplays/cust/nyss.php?play=MjAxNTA2MjExMzMyVlJOMg==","Gold Star Lambeau","Adam Capizzano & Thomas Audley","Perretti Farms","3YO C&G Pace"
"6/25/15","Saratoga","LINK||http://replays.robertsstream.com/racereplays/cust/nyss.php?play=MjAxNTA2MjUxOTE5U1JOMTI=","Jag Out","Ervin Miller Stable Inc., Paymaq Racing, Mystical Marker Farms LLC.","Ross Bonafield","3YO Filly Pace"
"6/25/15","Saratoga","LINK||http://replays.robertsstream.com/racereplays/cust/nyss.php?play=MjAxNTA2MjUxNTU3U1JOMQ==","Rock My World","Little Bapa LLC.","Steve Jones","3YO Filly Pace"
"6/25/15","Saratoga","LINK||http://replays.robertsstream.com/racereplays/cust/nyss.php?play=MjAxNTA2MjUxNjMzU1JOMw==","Yes You Can","Holland Racing Stable","Kentuckiana Farms General Partners","3YO Filly Pace"
"6/25/15","Saratoga","LINK||http://replays.robertsstream.com/racereplays/cust/nyss.php?play=MjAxNTA2MjUxODA3U1JOOA==","Judy's Girl","Howard Taylor, Judith Taylor & Edwin Gold","Howard Stables","3YO Filly Pace"
"6/25/15","Saratoga","LINK||http://replays.robertsstream.com/racereplays/cust/nyss.php?play=MjAxNTA2MjUxOTAyU1JOMTE=","Bugatti Beauty","Tanah Merah Farms LLC.","Tanah Merah Farms LLC.","3YO Filly Pace"
"6/28/15","Tioga","N/A","One More Coles","Fred Monteleone Stable LLC.","Fred Monteleone Stable LLC.","3YO C&G Trot"
"6/29/15","Monticello","LINK||http://replays.robertsstream.com/racereplays/cust/nyss.php?play=MjAxNTA2MjkxMjQ2TVJEMQ==","KJ Erich","Scott Woogen, Brenda Messenger & Philip Shapiro","Scott Woogen, Brenda Messenger & Philip Shapiro","2YO C&G Pace"
"6/29/15","Monticello","LINK||http://replays.robertsstream.com/racereplays/cust/nyss.php?play=MjAxNTA2MjkxMzA2TVJEMg==","White Rolls","Tammy Crescenze","Spring Haven Farm & Douglas Millard","2YO C&G Pace"
"6/29/15","Monticello","LINK||http://replays.robertsstream.com/racereplays/cust/nyss.php?play=MjAxNTA2MjkxNjE1TVJEMTE=","Here's The Scoop","William Fisher & Howard Taylor","Winbak Farm","2YO C&G Pace"
"6/29/15","Monticello","LINK||http://replays.robertsstream.com/racereplays/cust/nyss.php?play=MjAxNTA2MjkxNDIwTVJENQ==","One Summers Chance","Judy Lanpher & Larry Lanpher","Judy Lanpher","2YO C&G Pace"
"6/29/15","Monticello","LINK||http://replays.robertsstream.com/racereplays/cust/nyss.php?play=MjAxNTA2MjkxNTE4TVJEOA==","Zac And Forth","Gary Haas","Gary Haas","2YO C&G Pace"
"7/1/15","Buffalo","LINK||http://replays.robertsstream.com/racereplays/cust/nyss.php?play=MjAxNTA3MDExNzUxQlVONA==","Amazon Ideal","KJ Stables LLC.","3 Brothers Stables & Blue Chip Bloodstock Inc.","2YO Filly Pace"
"7/1/15","Buffalo","LINK||http://replays.robertsstream.com/racereplays/cust/nyss.php?play=MjAxNTA3MDExODI4QlVONg==","Roll of Dreams","Howard Taylor","Winbak Farm","2YO Filly Pace"
"7/1/15","Buffalo","LINK||http://replays.robertsstream.com/racereplays/cust/nyss.php?play=MjAxNTA3MDExODQ2QlVONw==","Milky Way Rae","Fortunate One LLC.","Fortunate One LLC.","2YO Filly Pace"
"7/2/15","Saratoga","LINK||http://replays.robertsstream.com/racereplays/cust/nyss.php?play=MjAxNTA3MDIxNTU3U1JOMQ==","Strong Crazed","Kevin Gale ","Fair Winds Farm Inc.","2YO C&G Trot"
"7/2/15","Saratoga","LINK||http://replays.robertsstream.com/racereplays/cust/nyss.php?play=MjAxNTA3MDIxNzEzU1JONQ==","Boxall","Little E LLC.","David Anderson","2YO C&G Trot"
"7/2/15","Saratoga","LINK||http://replays.robertsstream.com/racereplays/cust/nyss.php?play=MjAxNTA3MDIxODA3U1JOOA==","Crazed N Lucky","Angelika Ackerman","Glengate Farms","2YO C&G Trot"
"7/2/15","Saratoga","LINK||http://replays.robertsstream.com/racereplays/cust/nyss.php?play=MjAxNTA3MDIxOTIzU1JOMTI=","Radical Way","Winbak Farm","Winbak Farm","2YO C&G Trot"
"7/3/15","Monticello","LINK||http://replays.robertsstream.com/racereplays/cust/nyss.php?play=MjAxNTA3MDMxNzU3TVJEMQ==","I've Got Spirit","Ann-Marie Daley, James Crawford IV & Michael White","Dale Lawton & Chris Lawton","2YO Filly Trot"
"7/3/15","Monticello","LINK||http://replays.robertsstream.com/racereplays/cust/nyss.php?play=MjAxNTA3MDMxODM2TVJEMw==","Lindylicious","George Ducharme, Steven Diamond & Patricia Diamond","K R Breeding LLC.","2YO Filly Trot"
"7/3/15","Monticello","LINK||http://replays.robertsstream.com/racereplays/cust/nyss.php?play=MjAxNTA3MDMxOTU2TVJENw==","Steel Wheels","Theodore Gewertz, Y Brunet, Deborah Brunet & Crawford Partners LLC.","Perretti Farms","2YO Filly Trot"
"7/3/15","Goshen Historic Track","N/A","Martinique","Albert Crawford & Michelle Crawford","Perretti Farms","3YO Filly Pace"
"7/3/15","Goshen Historic Track","N/A","Pop The Tags","George Golemes & D. Van Witzenburg","Stephen Dey III","3YO Filly Pace"
"7/3/15","Goshen Historic Track","N/A","Hey Kobe","Stephen Schneider & William Siegel","Hanover Shoe Farms Inc.","3YO Filly Pace"
"7/3/15","Goshen Historic Track","N/A","Jovial Nation","Barbara Berger & Joseph Donnelly","John Berger","3YO C&G Pace"
"7/3/15","Goshen Historic Track","N/A","Soto","Christina Takter, John Fielding, RAW Equine Inc. & Jim Fielding","Blue Chip Bloodstock Inc.","3YO C&G Pace"
"7/3/15","Goshen Historic Track","N/A","Can't It Be Me","Latz A Luck Stable","Kentuckiana Farms General Partners","3YO C&G Pace"
"7/3/15","Goshen Historic Track","N/A","Rose Run Quest","Rene Allard","Kentuckiana Farms General Partners","3YO C&G Pace"
"7/5/15","Goshen Historic Track","N/A","Kaliska","Ray Schnittker, David Pepin, Thomas Spatorico & Christopher Magde","Fam Alber Horse Racing LLC.","3YO Filly Trot"
"7/5/15","Goshen Historic Track","N/A","Jewels In Hock","KJ Stables LLC.","Steve Jones","3YO Filly Trot"
"7/5/15","Goshen Historic Track","N/A","Waiting Room","Andy Miller Stable Inc., Little E LLC. & Lawrence Dumain","Order By Stable","3YO Filly Trot"
"7/5/15","Goshen Historic Track","N/A","Kinda Naughty","Labelle Livery LLC.","Steiner Stock Farm & David Steiner","3YO Filly Trot"
"7/5/15","Goshen Historic Track","N/A","Stories To Tell","George Ducharme, Robert Guerrini & Paul Fontaine","Winbak Farm","3YO Filly Trot"
"7/5/15","Goshen Historic Track","N/A","Miss B'ville J","KJ Stables LLC.","Morrisville College Foundation Inc.","3YO Filly Trot"
"7/5/15","Goshen Historic Track","N/A","Congo King","Stein Racing Stable Inc.","Stein Racing Stable Inc.","3YO C&G Trot"
"7/5/15","Goshen Historic Track","N/A","Royal Deceptor","Charles Foster, Michael Sentiwany Jr. & Michael James","Jesmeral Stable","3YO C&G Trot"
"7/5/15","Goshen Historic Track","N/A","Commentary","Neal Oksenberg","William Mulligan","3YO C&G Trot"
"7/5/15","Goshen Historic Track","N/A","The African","Philip Hale & David Dewhurst","Fair Winds Farm Inc.","3YO C&G Trot"
"7/5/15","Goshen Historic Track","N/A","Andy Ray","Paymaq Racing, Ronald Michelon & Harvey Eisman","Lindy Racing Stable","3YO C&G Trot"
"7/8/15","Buffalo","LINK||http://replays.robertsstream.com/racereplays/cust/nyss.php?play=MjAxNTA3MDgxODAxQlVONA==","KJ Erich","Scott Woogen, Brenda Messenger & Philip Shapiro","Scott Woogen, Brenda Messenger & Philip Shapiro","2YO C&G Pace"
"7/8/15","Buffalo","LINK||http://replays.robertsstream.com/racereplays/cust/nyss.php?play=MjAxNTA3MDgxODE3QlVONQ==","Acting Out","Mike Simons, Christopher Giaccio & Albert Abdala III","Fair Winds Farm Inc.","2YO C&G Pace"
"7/8/15","Buffalo","LINK||http://replays.robertsstream.com/racereplays/cust/nyss.php?play=MjAxNTA3MDgxODM0QlVONg==","NY Whitesox","Geoff Howles, Mary Howles & Rick Howles","Rick Howles","2YO C&G Pace"
"7/10/15","Saratoga","N/A","Killing Em Softly","West Win Stables & Andrew Harris","Stephen Dey III","2YO Filly Pace"
"7/10/15","Saratoga","N/A","Rocknroll Shamayim","Tanah Merah Farms LLC.","Tanah Merah Farms LLC.","2YO Filly Pace"
"7/10/15","Saratoga","LINK||http://replays.robertsstream.com/racereplays/cust/nyss.php?play=MjAxNTA3MTAxODQyU1JOMQ==","Rolling Going Gone","Ross Bonafield","Ross Bonafield","2YO Filly Pace"
"7/10/15","Saratoga","LINK||http://replays.robertsstream.com/racereplays/cust/nyss.php?play=MjAxNTA3MTAyMTU5U1JOMTE=","Nevada Blue Chip","Jesse De Long","Blue Chip Bloodstock Inc.","2YO Filly Pace"
"7/10/15","Saratoga","LINK||http://replays.robertsstream.com/racereplays/cust/nyss.php?play=MjAxNTA3MTAyMjIwU1JOMTI=","Milky Way Rae","Fortunate One LLC.","Fortunate One LLC.","2YO Filly Pace"
"7/10/15","Saratoga","LINK||http://replays.robertsstream.com/racereplays/cust/nyss.php?play=MjAxNTA3MTAxOTIwU1JOMw==","Ideal Class","Ross Bonafield & Garth Bechtel","Ross Bonafield & Garth Bechtel","2YO Filly Pace"
"7/12/15","Buffalo","LINK||http://replays.robertsstream.com/racereplays/cust/nyss.php?play=MjAxNTA3MTIxNTAzQlVOOA==","Kaliska","Ray Schnittker, David Pepin,Thomas Spatorico & Christopher Magde","Fam Alber Horse Racing LLC.","3YO Filly Trot"
"7/12/15","Buffalo","LINK||http://replays.robertsstream.com/racereplays/cust/nyss.php?play=MjAxNTA3MTIxNDExQlVONQ==","High Rise","Raymond Campbell Jr.","Raymond Campbell Jr.","3YO Filly Trot"
"7/12/15","Buffalo","LINK||http://replays.robertsstream.com/racereplays/cust/nyss.php?play=MjAxNTA3MTIxMzE5QlVOMg==","Sweet Hana T","John Cummings Jr. & Megan Wilson","R. Turner & Judy Turner","3YO Filly Trot"
"7/12/15","Buffalo","LINK||http://replays.robertsstream.com/racereplays/cust/nyss.php?play=MjAxNTA3MTIxMzAxQlVOMQ==","Wanna Get Lucky","Deo Volente Farms LLC & TLP Stable ","Perretti Farms","3YO Filly Trot"
"7/13/15","Yonkers","N/A","Hear My Prayer","Roy Dobbins","Roy Dobbins","2YO C&G Trot"
"7/13/15","Yonkers","N/A","Radical Way","Winbak Farm","Winbak Farm","2YO C&G Trot"
"7/13/15","Yonkers","LINK||http://replays.robertsstream.com/racereplays/cust/nyss.php?play=MjAxNTA3MTMxOTQ1WU9OMw==","HZ Royalty","William Smith","William Smith","2YO C&G Trot"
"7/13/15","Yonkers","LINK||http://replays.robertsstream.com/racereplays/cust/nyss.php?play=MjAxNTA3MTMyMDA5WU9ONA==","Screaming Conway","Ann-Mari Daley, James Crawford IV, Donald Brenner & Patricia Crawford","Buck Sprinkle","2YO C&G Trot"
"7/13/15","Yonkers","LINK||http://replays.robertsstream.com/racereplays/cust/nyss.php?play=MjAxNTA3MTQxNDI2TVJENg==","Uncle Dan","Calabrese Farms LLC.","Calabrese Farms LLC.","2YO C&G Trot"
"7/14/15","Monticello","LINK||http://replays.robertsstream.com/racereplays/cust/nyss.php?play=MjAxNTA3MTQxMjQ1TVJEMQ==","B Stern","Leigh Raymer, Stephen Moss, Harold Solomon & Helane Solomon","Steiner Stock Farm","3YO Filly Pace"
"7/14/15","Monticello","LINK||http://replays.robertsstream.com/racereplays/cust/nyss.php?play=MjAxNTA3MTQxMzA1TVJEMg==","Sweet Bobbie","Jessica Okusko, Julie Sweet, M and L of Delaware Inc. & Little E. LLC","Odds On Nourrir","3YO Filly Pace"
"7/14/15","Monticello","LINK||http://replays.robertsstream.com/racereplays/cust/nyss.php?play=MjAxNTA3MTQxMzQ1TVJENA==","Jag Out","Ervin Miller Stable Inc., Paymaq Racing & Mystical Marker Farms LLC.","Ross Bonafield","3YO Filly Pace"
"7/14/15","Monticello","LINK||http://replays.robertsstream.com/racereplays/cust/nyss.php?play=MjAxNTA3MTQxNDA1TVJENQ==","Hey Kobe","Stephen Schneider & William Siegel","Hanover Shoe Farms Inc.","3YO Filly Pace"
"7/14/15","Monticello","LINK||http://replays.robertsstream.com/racereplays/cust/nyss.php?play=MjAxNTA3MTQxNDI2TVJENg==","Heavens Legacy","Paymaq Racing, Ronald Michelon & Leland Mathias","Robert Hamather","3YO Filly Pace"
"7/15/15","Buffalo","LINK||http://replays.robertsstream.com/racereplays/cust/nyss.php?play=MjAxNTA3MTUxNjU3QlVOMQ==","Lindylicous","George Ducharme, Steven Diamond & Patricia Diamond","K R Breeding LLC","2YO Filly Trot"
"7/15/15","Buffalo","LINK||http://replays.robertsstream.com/racereplays/cust/nyss.php?play=MjAxNTA3MTUxNzUyQlVONA==","Outsidecourt","P&J Stables","P&J Stables","2YO Filly Trot"
"7/15/15","Buffalo","LINK||http://replays.robertsstream.com/racereplays/cust/nyss.php?play=MjAxNTA3MTUxOTA2QlVOOA==","Linda's Choice","Philip Hale","Philip Hale","2YO Filly Trot"
"7/15/15","Buffalo","N/A","Lucky Lana","Ervin Miller Stable Inc. & Paymaq Racing","Stormi & Bruiser Stable","2YO Filly Trot"
"7/16/15","Yonkers","N/A","Twin B Stingray","C&G Racing Stable","Twinbrook Limited","3YO C&G Pace"
"7/16/15","Yonkers","N/A","Simon Said","KJ Stables LLC.","Joie De Vie Farm LLC.","3YO C&G Pace"
"7/16/15","Yonkers","LINK||http://replays.robertsstream.com/racereplays/cust/nyss.php?play=MjAxNTA3MTYxOTI2WU9OMg==","Masterson","Blue Chip Bloodstock Inc.","Let It Ride Stables Inc., Robert Cooper Stables LLC. & Jerry Silva","3YO C&G Pace"
"7/16/15","Yonkers","LINK||http://replays.robertsstream.com/racereplays/cust/nyss.php?play=MjAxNTA3MTYxOTQ2WU9OMw==","Rose Run Quest","Rene Allard","Kentuckiana Farms General Partners","3YO C&G Pace"
"7/16/15","Yonkers","LINK||http://replays.robertsstream.com/racereplays/cust/nyss.php?play=MjAxNTA3MTYyMDA1WU9ONA==","Jk Allnitelong","Jennifer Sabot","3 Brothers Stables","3YO C&G Pace"
"7/16/15","Yonkers","LINK||http://replays.robertsstream.com/racereplays/cust/nyss.php?play=MjAxNTA3MTYyMDI1WU9ONQ==","Bet You","Christina Takter, John Fielding, Joyce Mc Clelland & Jim Fielding","Hanover Shoe Farms Inc.","3YO C&G Pace"
"7/17/15","Tioga","LINK||http://replays.robertsstream.com/racereplays/cust/nyss.php?play=MjAxNTA3MTcxODU1VFFOMw==","Acting Out","Mike Simons, Christopher Giaccio & Albert Abdala III","Fair Winds Farm Inc.","2YO C&G Pace"
"7/17/15","Tioga","LINK||http://replays.robertsstream.com/racereplays/cust/nyss.php?play=MjAxNTA3MTcyMDQxVFFOOA==","Hash-Tag Chrome","Matthew Bencic, Peter Barbato, Samuel Bova & Jodi Schillaci","Blue Chip Bloodstock Inc. & AV & Son Bloodstock LLC.","2YO C&G Pace"
"7/17/15","Tioga","LINK||http://replays.robertsstream.com/racereplays/cust/nyss.php?play=MjAxNTA3MTcyMTI0VFFOMTA=","Fly With The Best","Winbak Farm & Rockridge Racing Inc.","Winbak Farm","2YO C&G Pace"
"7/17/15","Tioga","LINK||http://replays.robertsstream.com/racereplays/cust/nyss.php?play=MjAxNTA3MTcyMTUwVFFOMTE=","Manny","M and L Of Delaware LLC.","Lindy Racing Stable","2YO C&G Pace"
"7/17/15","Tioga","LINK||http://replays.robertsstream.com/racereplays/cust/nyss.php?play=MjAxNTA3MTcyMjA5VFFOMTI=","Americanation","Pine Hill Stables","George Miller","2YO C&G Pace"
"7/19/15","Buffalo","LINK||http://replays.robertsstream.com/racereplays/cust/nyss.php?play=MjAxNTA3MTkxMzAyQlVOMQ==","The African","Philip Hale & David Dewhurst","Fair Winds Farm Inc.","3YO C&G Trot"
"7/19/15","Buffalo","LINK||http://replays.robertsstream.com/racereplays/cust/nyss.php?play=MjAxNTA3MTkxMzM5QlVOMw==","Commentary","Neal Oksenberg","William Mulligan","3YO C&G Trot"
"7/19/15","Buffalo","LINK||http://replays.robertsstream.com/racereplays/cust/nyss.php?play=MjAxNTA3MTkxNDEzQlVONQ==","Crazshana","Purple Haze Stables LLC","Hanover Shoe Farms Inc.","3YO C&G Trot"
"7/19/15","Buffalo","LINK||http://replays.robertsstream.com/racereplays/cust/nyss.php?play=MjAxNTA3MTkxNDMxQlVONg==","Patronus","William Donovan","Perretti Farms","3YO C&G Trot"
"7/20/15","Yonkers","N/A","My Three Girls","Ascona Racing Inc.","Paul Marino","2YO Filly Pace"
"7/20/15","Yonkers","N/A","Rocknroll Shamayim","Tanah Merah Farms LLC.","Tanah Merah Farms LLC.","2YO Filly Pace"
"7/20/15","Yonkers","N/A","Seafood Linda ","Seafood Delight Stable","Seafood Delight Stable","2YO Filly Pace"
"7/20/15","Yonkers","LINK||http://replays.robertsstream.com/racereplays/cust/nyss.php?play=MjAxNTA3MjAxOTI2WU9OMg==","Rolling Going Gone","Ross Bonafield","Ross Bonafield","2YO Filly Pace"
"7/20/15","Yonkers","LINK||http://replays.robertsstream.com/racereplays/cust/nyss.php?play=MjAxNTA3MjAyMDA2WU9ONA==","Southwind Marilyn","John Smiel","Southwind Farm","2YO Filly Pace"
"7/20/15","Yonkers","LINK||http://replays.robertsstream.com/racereplays/cust/nyss.php?play=MjAxNTA3MjAyMDI2WU9ONQ==","Lyra","Steven Schneider, William Siegel & Marthe Drolet","Winbak Farm","2YO Filly Pace"
"7/22/15","Buffalo","LINK||http://replays.robertsstream.com/racereplays/cust/nyss.php?play=MjAxNTA3MjIxODQ0QlVONw==","Thanks For Playin","Pine Hills Stable","Perretti Farms","2YO C&G Trot"
"7/22/15","Buffalo","LINK||http://replays.robertsstream.com/racereplays/cust/nyss.php?play=MjAxNTA3MjIxNzMzQlVOMw==","Radical Way","Winbak Farm","Winbak Farm","2YO C&G Trot"
"7/22/15","Buffalo","LINK||http://replays.robertsstream.com/racereplays/cust/nyss.php?play=MjAxNTA3MjIxODI1QlVONg==","Nono Lindy","John Zegarelli, Frank Mondi, Anthony Mondi & Anthony Mondi Jr.","Lindy Racing Stable","2YO C&G Trot"
"7/22/15","Buffalo","LINK||http://replays.robertsstream.com/racereplays/cust/nyss.php?play=MjAxNTA3MjIxODA3QlVONQ==","Do What You Dream","George Ducharme, Nicola Oliva, Robert Guerrini & Paul Fontaine","George Ducharme, Nicola Oliva, Robert Guerrini & Paul Fontaine","2YO C&G Trot"
"7/22/15","Buffalo","LINK||http://replays.robertsstream.com/racereplays/cust/nyss.php?play=MjAxNTA3MjIxNzUxQlVONA==","Cashuz","Tessa Roland & Lesa Peters","Morrisville College Foundation Inc.","2YO C&G Trot"
"7/25/15","Saratoga","LINK||http://replays.robertsstream.com/racereplays/cust/nyss.php?play=MjAxNTA3MjUyMjQxU1JOMTI=","Pastapalooza","Allard Racing Inc. & Ameer Najor","Steve Jones","3YO C&G Pace"
"7/25/15","Saratoga","LINK||http://replays.robertsstream.com/racereplays/cust/nyss.php?play=MjAxNTA3MjUxOTAxU1JOMQ==","Snow Patrol","Art Stafford & Andrew Stafford","White Birch Farm","3YO C&G Pace"
"7/25/15","Saratoga","LINK||http://replays.robertsstream.com/racereplays/cust/nyss.php?play=MjAxNTA3MjUxOTQyU1JOMw==","Brickman","Blue Chip Bloodstock Inc., Stephen Demeter, Herbert Burns III & Scott Lipps","Blue Chip Bloodstock Inc., Stephen Demeter, Herbert Burns III","3YO C&G Pace"
"7/25/15","Saratoga","LINK||http://replays.robertsstream.com/racereplays/cust/nyss.php?play=MjAxNTA3MjUyMDIyU1JONQ==","Major Camby","Francis Morse","Francis Morse","3YO C&G Pace"
"7/25/15","Saratoga","LINK||http://replays.robertsstream.com/racereplays/cust/nyss.php?play=MjAxNTA3MjUxOTAxU1JOMQ==","Masterson","Blue Chip Bloodstock Inc.","Let It Ride Stables Inc., Robert Cooper Stables LLC. & Jerry Silva","3YO C&G Pace"
"7/27/15","Batavia","LINK||http://replays.robertsstream.com/racereplays/cust/nyss.php?play=MjAxNTA3MjcyMTI5QlROMTA=","Lucky Lana","Ervin Miller Stable Inc. & Paymaq Racing","Stormi & Bruiser Stable","2YO Filly Trot"
"7/27/15","Batavia","LINK||http://replays.robertsstream.com/racereplays/cust/nyss.php?play=MjAxNTA3MjcyMDUxQlROOA==","S'haze A Credit","Purple Haze Stables LLC.","Purple Haze Stables LLC.","2YO Filly Trot"
"7/27/15","Batavia","LINK||http://replays.robertsstream.com/racereplays/cust/nyss.php?play=MjAxNTA3MjcyMDE2QlRONg==","Barn Diva","Steven Pratt, Nancy Pratt & Purple Haze Stables LLC.","Jeffery Ruch & Ted Macdonnell","2YO Filly Trot"
"7/27/15","Batavia","LINK||http://replays.robertsstream.com/racereplays/cust/nyss.php?play=MjAxNTA3MjcxOTU5QlRONQ==","Take The Cash","Clifford Morcom, Perry Simser, Richard Kaplan & Salvatore Corcione","Clifford Morcom, Perry Simser & Douglas Matteson","2YO Filly Trot"
"7/30/15","Yonkers","N/A","Heavens Best","Anatolia Racing Stable Inc.","Anatolia Racing Stable Inc.","2YO C&G Pace"
"7/30/15","Yonkers","N/A","Major No No","Gordon Swift","Gordon Swift","2YO C&G Pace"
"7/30/15","Yonkers","LINK||http://replays.robertsstream.com/racereplays/cust/nyss.php?play=MjAxNTA3MzAxOTI1WU9OMg==","White Rolls","Tammy Crescenze","Spring Haven Farm & Douglas Millard","2YO C&G Pace"
"7/30/15","Yonkers","LINK||http://replays.robertsstream.com/racereplays/cust/nyss.php?play=MjAxNTA3MzAxOTQ2WU9OMw==","Hudsonandbernard","Michael Ouriel & Howard Ouriel","Blue Chip Bloodstock Inc., Stephen Demeter and Thomas Aquilino","2YO C&G Pace"
"7/30/15","Yonkers","LINK||http://replays.robertsstream.com/racereplays/cust/nyss.php?play=MjAxNTA3MzAyMDA3WU9ONA==","Craftship","Crawford Partners LLC., Fodera N M Frank Stable, Joe Sbrocco & Craig Henderson","Brittany Farms","2YO C&G Pace"
"7/31/15","Tioga","LINK||http://replays.robertsstream.com/racereplays/cust/nyss.php?play=MjAxNTA3MzExOTEzVFFONA==","Seafood Linda","Seafood Delight Stable","Seafood Delight Stable","2YO Filly Pace"
"7/31/15","Tioga","LINK||http://replays.robertsstream.com/racereplays/cust/nyss.php?play=MjAxNTA3MzEyMDU5VFFOOQ==","Rocknroll Shamayim","Tanah Merah Farms LLC.","Tanah Merah Farms LLC.","2YO Filly Pace"
"7/31/15","Tioga","LINK||http://replays.robertsstream.com/racereplays/cust/nyss.php?play=MjAxNTA3MzEyMTE4VFFOMTA=","Wine Snob","Steve Jones, Steve Arnold & Jonathan Kurnit","Steve Jones","2YO Filly Pace"
"7/31/15","Tioga","LINK||http://replays.robertsstream.com/racereplays/cust/nyss.php?play=MjAxNTA3MzExOTU1VFFONg==","Play Again","Arden Homestead Stable","Brittany Farms & Brian P. Monieson Revtrust","2YO Filly Pace"
"7/31/15","Tioga","LINK||http://replays.robertsstream.com/racereplays/cust/nyss.php?play=MjAxNTA3MzEyMDQwVFFOOA==","Lyra","Stephen Schneider, William Siegel & Marthe Drolet","Winbak Farm","2YO Filly Pace"
"7/31/15","Tioga","LINK||http://replays.robertsstream.com/racereplays/cust/nyss.php?play=MjAxNTA3MzExODM0VFFOMg==","Roll of Dreams","Howard Taylor","Winbak Farm","2YO Filly Pace"
"8/2/15","Batavia","N/A","Sweet Bobbie","Jessica Okusko, Julie Sweet & M and L of Delaware Inc.","Odds On Nourrir","3YO Filly Pace"
"8/2/15","Batavia","LINK||http://replays.robertsstream.com/racereplays/cust/nyss.php?play=MjAxNTA4MDIxMzQ3QlROMw==","Yes You Can","Holland Racing Stable","Kentuckiana Farms General Partners","3YO Filly Pace"
"8/2/15","Batavia","LINK||http://replays.robertsstream.com/racereplays/cust/nyss.php?play=MjAxNTA4MDIxNDQxQlRONg==","Hey Kobe","Stephen Schneider & William Siegel","Hanover Shoe Farms Inc.","3YO Filly Pace"
"8/3/15","Monticello","LINK||http://replays.robertsstream.com/racereplays/cust/nyss.php?play=MjAxNTA4MDMxMjQ2TVJEMQ==","High Rise","Raymond Campbell Jr.","Raymond Campbell Jr.","3YO Filly Trot"
"8/3/15","Monticello","LINK||http://replays.robertsstream.com/racereplays/cust/nyss.php?play=MjAxNTA4MDMxMzA2TVJEMg==","Kinda Naughty","Labelle Livery LLC.","Steiner Stock Farm & David Steiner","3YO Filly Trot"
"8/3/15","Monticello","LINK||http://replays.robertsstream.com/racereplays/cust/nyss.php?play=MjAxNTA4MDMxNDEwTVJENQ==","Miss B'ville J","KJ Stables LLC.","Morrisville College Foundation Inc.","3YO Filly Trot"
"8/3/15","Monticello","LINK||http://replays.robertsstream.com/racereplays/cust/nyss.php?play=MjAxNTA4MDMxNTA4TVJEOA==","Tootsie Bi","Philip Hale & David Dewhurst","M Biasuzzi Stable Inc.","3YO Filly Trot"
"8/3/15","Monticello","LINK||http://replays.robertsstream.com/racereplays/cust/nyss.php?play=MjAxNTA4MDMxNTI5TVJEOQ==","Untangled Cash","Angela Jackson","Morrisville College Foundation Inc.","3YO Filly Trot"
"8/3/15","Monticello","LINK||http://replays.robertsstream.com/racereplays/cust/nyss.php?play=MjAxNTA4MDMxNjE5TVJEMTE=","Country Chic","Purple Haze Stables LLC.","Winbak Farm ","3YO Filly Trot"
"8/5/15","Batavia","LINK||http://replays.robertsstream.com/racereplays/cust/nyss.php?play=MjAxNTA4MDUyMDA4QlRONg==","Surf And Pray","Roy Dobbins","Roy Dobbins","2YO C&G Trot"
"8/5/15","Batavia","LINK||http://replays.robertsstream.com/racereplays/cust/nyss.php?play=MjAxNTA4MDUyMDI5QlRONw==","Mr Clay","Connie Hochstetler & Robert Buddig","Winbak Farm","2YO C&G Trot"
"8/5/15","Batavia","LINK||http://replays.robertsstream.com/racereplays/cust/nyss.php?play=MjAxNTA4MDUxODUwQlROMg==","Cashuz","Tessa Roland & Lesa Peters","Morrisville College Foundation Inc.","2YO C&G Trot"
"8/5/15","Batavia","LINK||http://replays.robertsstream.com/racereplays/cust/nyss.php?play=MjAxNTA4MDUxOTQ5QlRONQ==","Gremlin Wilson","John Cummings Jr.","Winbak Farm","2YO C&G Trot"
"8/5/15","Batavia","LINK||http://replays.robertsstream.com/racereplays/cust/nyss.php?play=MjAxNTA4MDUyMDQ4QlROOA==","Kaylon's Prayer","Roy Dobbins","Roy Dobbins","2YO C&G Trot"
"8/6/15","Yonkers","N/A","Can't It Be Me","Latz A Luck Stable","Kentuckiana Farms General Partners","3YO C&G Pace"
"8/6/15","Yonkers","N/A","Bell I No","Alain Durivage","Frank Bellino","3YO C&G Pace"
"8/6/15","Yonkers","N/A","Bet You","Christina Takter, John Fielding, Joyce Mc Clelland & Jim Fielding","Hanover Shoe Farms Inc.","3YO C&G Pace"
"8/6/15","Yonkers","N/A","Masterson","Blue Chip Bloodstock Inc.","Let It Ride Stables Inc., Robert Cooper Stables LLC. & Jerry Silva","3YO C&G Pace"
"8/6/15","Yonkers","LINK||http://replays.robertsstream.com/racereplays/cust/nyss.php?play=MjAxNTA4MDYxOTA1WU9OMQ==","Brickman","Blue Chip Bloodstock Inc., Stephen Demeter, Herbert Burns III & Scott Lipps","Blue Chip Bloodstock Inc., Stephen Demeter, Herbert Burns III","3YO C&G Pace"
"8/7/15","Yonkers","N/A","Dame Edna","D. R. Ackerman","Kg Bertmarks Hingstdepa Ab","2YO Filly Trot"
"8/7/15","Yonkers","N/A","Linda's Choice","Philip Hale","Philip Hale","2YO Filly Trot"
"8/7/15","Yonkers","N/A","Fad Finance","Purple Haze Stables LLC., Marc Goldberg & Rojan Stables","Margaret Dey","2YO Filly Trot"
"8/7/15","Yonkers","N/A","Barn Diva","Steven Pratt, Nancy Pratt & Purple Haze Stables LLC.","Jeffery Ruch & Ted MacDonnell","2YO Filly Trot"
"8/9/15","Batavia","LINK||http://replays.robertsstream.com/racereplays/cust/nyss.php?play=MjAxNTA4MDkxNDAwQlRONQ==","Dateline Hanover","Rick Phillips, Peter Venturini, Deena Frost & Mark Harder","Hanover Shoe Farms Inc.","2YO C&G Pace"
"8/9/15","Batavia","LINK||http://replays.robertsstream.com/racereplays/cust/nyss.php?play=MjAxNTA4MDkxNDQxQlRONg==","Fuel The Joe","Gregg Mcnair","Ciara Stable & Michelle Crawford","2YO C&G Pace"
"8/9/15","Batavia","LINK||http://replays.robertsstream.com/racereplays/cust/nyss.php?play=MjAxNTA4MDkxNDAwQlROMQ==","Craftship","Crawford Partners LLC., Fodera N M Frank Stable, Joe Sbrocco & Craig Henderson","Brittany Farms","2YO C&G Pace"
"8/9/15","Batavia","LINK||http://replays.robertsstream.com/racereplays/cust/nyss.php?play=MjAxNTA4MDkxNDAwQlROMw==","KJ Erich","Scott Woogen, Brenda Messenger & Philip Shapiro","Scott Woogen, Brenda Messenger & Philip Shapiro","2YO C&G Pace"
"8/10/15","Yonkers","LINK||http://replays.robertsstream.com/racereplays/cust/nyss.php?play=MjAxNTA4MTAyMDA2WU9ONA==","Crazshana","Purple Haze Stables LLC.","Hanover Shoe Farms Inc.","3YO C&G Trot"
"8/10/15","Yonkers","LINK||http://replays.robertsstream.com/racereplays/cust/nyss.php?play=MjAxNTA4MTAxOTI2WU9OMg==","Azucar","Theodore Gewertz, Y Brunet & Deborah Brunet","K R Breeding LLC.","3YO C&G Trot"
"8/10/15","Yonkers","N/A","Congo King","Stein Racing Stable Inc.","Stein Racing Stable Inc.","3YO C&G Trot"
"8/10/15","Yonkers","N/A","Jericho","Purple Haze Stables Inc.","Bluestone Farms LLC. & S Arak","3YO C&G Trot"
"8/11/15","Monticello","LINK||http://replays.robertsstream.com/racereplays/cust/nyss.php?play=MjAxNTA4MTExMzU3TVJENA==","Boniello","Anatolia Racing Stable Inc.","Anatolia Racing Stable Inc.","2YO Filly Pace"
"8/11/15","Monticello","LINK||http://replays.robertsstream.com/racereplays/cust/nyss.php?play=MjAxNTA4MTExNDM2TVJENg==","Family Roll Call","Winbak Farm","Winbak Farm","2YO Filly Pace"
"8/11/15","Monticello","LINK||http://replays.robertsstream.com/racereplays/cust/nyss.php?play=MjAxNTA4MTExMzEyTVJEMg==","Rolling Going Gone","Ross Bonafield","Ross Bonafield","2YO Filly Pace"
"8/11/15","Monticello","LINK||http://replays.robertsstream.com/racereplays/cust/nyss.php?play=MjAxNTA4MTExNDU3TVJENw==","Seafood Linda","Seafood Delight Stable ","Seafood Delight Stable ","2YO Filly Pace"
"8/11/15","Monticello","LINK||http://replays.robertsstream.com/racereplays/cust/nyss.php?play=MjAxNTA4MTExNjM4TVJEMTI=","Lyra","Stephen Schneider, William Siegel & Marthe Drolet","Winbak Farm","2YO Filly Pace"
"8/13/15","Yonkers","N/A","Kinda Naughty","Labelle Livery LLC.","Steiner Stock Farm & David Steiner","3YO Filly Trot"
"8/13/15","Yonkers","N/A","Stoneridge","Stein Racing Stable Inc.","David Firmstone","3YO Filly Trot"
"8/13/15","Yonkers","N/A","Wanna Get Lucky","Deo Volente Farms LLC. & T L P Stable ","Perretti Farms","3YO Filly Trot"
"8/13/15","Yonkers","N/A","Miss B'ville J","KJ Stables LLC.","Morrisville College Foundation Inc.","3YO Filly Trot"
"8/14/15","Vernon","LINK||http://replays.robertsstream.com/racereplays/cust/nyss.php?play=MjAxNTA4MTQxODQyVlJOMQ==","Tas Perfect","John Gazzal & David Dewhurst","Sarah Hale","2YO Filly Trot"
"8/14/15","Vernon","LINK||http://replays.robertsstream.com/racereplays/cust/nyss.php?play=MjAxNTA4MTQxOTE4VlJOMw==","Miss Annie Lee","Howard Gill","Howard Gill","2YO Filly Trot"
"8/14/15","Vernon","LINK||http://replays.robertsstream.com/racereplays/cust/nyss.php?play=MjAxNTA4MTQyMjM2VlJOMTM=","Dame Edna","D. R. Ackerman","Kg Bertmarks Hingstdepa Ab","2YO Filly Trot"
"8/14/15","Vernon","LINK||http://replays.robertsstream.com/racereplays/cust/nyss.php?play=MjAxNTA4MTQxOTAwVlJOMg==","Fad Finance","Purple Haze Stables LLC., Marc Goldberg & Rojan Stables","Margaret Dey ","2YO Filly Trot"
"8/14/15","Vernon","LINK||http://replays.robertsstream.com/racereplays/cust/nyss.php?play=MjAxNTA4MTQyMTM4VlJOMTA=","Straight A Student","Paul Kelley Racing Stable, Abraham Singer, William Weaver III & Frederick Westerman","Frederick Hertrich III","2YO Filly Trot"
"8/14/15","Vernon","LINK||http://replays.robertsstream.com/racereplays/cust/nyss.php?play=MjAxNTA4MTQyMjIwVlJOMTI=","Quick Emotion","George Ducharme, Steven Diamond & Patricia Diamond","Robert Rosenheim Stables LTD","2YO Filly Trot"
"8/17/15","Yonkers","N/A","Dollar Billiards","Robert Key","Robert Key","2YO C&G Trot"
"8/17/15","Yonkers","N/A","Reasinforpleasin","Michael Polansky","Michael Polansky","2YO C&G Trot"
"8/17/15","Yonkers","LINK||http://replays.robertsstream.com/racereplays/cust/nyss.php?play=MjAxNTA4MTcxOTI2WU9OMg==","Sweet Royalty","T L P Stable, D'Eligance Stable Ix, Vito Cucci & Carmen Iannacone","Jonas Schlabach","2YO C&G Trot"
"8/17/15","Yonkers","LINK||http://replays.robertsstream.com/racereplays/cust/nyss.php?play=MjAxNTA4MTcyMDA2WU9ONA==","Omaha Set Hut","Gideon Stables","Al Libfeld","2YO C&G Trot"
"8/19/15","Saratoga","LINK||http://replays.robertsstream.com/racereplays/cust/nyss.php?play=MjAxNTA4MTkxOTAwU1JOMQ==","One More Coles","Fred Monteleone Stbl. LLC","Fred Monteleone Stbl. LLC","3YO C&G Trot"
"8/19/15","Saratoga","LINK||http://replays.robertsstream.com/racereplays/cust/nyss.php?play=MjAxNTA4MTkyMDE1U1JONQ==","The African","Philip Hale,David Dewhurst","Fair Winds Farm Inc","3YO C&G Trot"
"8/19/15","Saratoga","LINK||http://replays.robertsstream.com/racereplays/cust/nyss.php?play=MjAxNTA4MTkyMTI5U1JOOQ==","Deadhead Royalty","Salvatore Vullo,Risa Vullo,Jessica Okusko","Erin Shantal","3YO C&G Trot"
"8/19/15","Saratoga","LINK||http://replays.robertsstream.com/racereplays/cust/nyss.php?play=MjAxNTA4MTkyMjIzU1JOMTI=","Crazshana","Purple Haze Stables LLC","Hanover Shoe Farms Inc","3YO C&G Trot"
"8/19/15","Saratoga","LINK||http://replays.robertsstream.com/racereplays/cust/nyss.php?play=MjAxNTA4MTkxOTU3U1JONA==","Royal Status","Raymond Campbell Jr.","Raymond Campbell Jr.","3YO C&G Trot"
"8/19/15","Saratoga","LINK||http://replays.robertsstream.com/racereplays/cust/nyss.php?play=MjAxNTA4MTkyMTEwU1JOOA==","Lucky Pablo","Michelle Crawford, Albert Crawford","Albert Crawford, Michelle Crawford, Patricia Crawford","3YO C&G Trot"
"8/20/15","Yonkers","N/A","Heavens Best","Anatolia Racing Stable Inc","Anatolia Racing Stable Inc","3YO C&G Pace"
"8/20/15","Yonkers","N/A","Major No No","Gordon Swift","Gordon Swift","3YO C&G Pace"
"8/20/15","Yonkers","N/A","Gaius Crastinus","Marilee Keene","Marilee Keene","3YO C&G Pace"
"8/20/15","Yonkers","N/A","Craftship","Crawford Partners LLC,J Fodera NM Frank Stable, Joe Sbrocco,Craig Henderson","Brittany Farms","3YO C&G Pace"
"8/20/15","Yonkers","LINK||http://replays.robertsstream.com/racereplays/cust/nyss.php?play=MjAxNTA4MjAxOTI2WU9OMg==","Acting Out","Mike Simons,Christopher Giaccio,Albert Abdala III","Fair Winds Farm Inc","3YO C&G Pace"
"8/21/15","Vernon","LINK||http://replays.robertsstream.com/racereplays/cust/nyss.php?play=MjAxNTA4MjExODU5VlJOMg==","Roll Of Dreams","Howard Taylor","Winbak Farm","2YO Filly Pace"
"8/21/15","Vernon","LINK||http://replays.robertsstream.com/racereplays/cust/nyss.php?play=MjAxNTA4MjExOTE4VlJOMw==","Lyra","Stephen Schneider, William Siegel & Marthe Drolet","Winbak Farm","2YO Filly Pace"
"8/21/15","Vernon","LINK||http://replays.robertsstream.com/racereplays/cust/nyss.php?play=MjAxNTA4MjEyMTM5VlJOMTA=","Wine Snob","Steve Jones, Steven Arnold & Jonathan Kurnit","Steve Jones","2YO Filly Pace"
"8/21/15","Vernon","LINK||http://replays.robertsstream.com/racereplays/cust/nyss.php?play=MjAxNTA4MjEyMTU3VlJOMTE=","Milky Way Rae","Fortunate One LLC","Fortunate One LLC","2YO Filly Pace"
"8/21/15","Vernon","LINK||http://replays.robertsstream.com/racereplays/cust/nyss.php?play=MjAxNTA4MjEyMjEzVlJOMTI=","Queen Of Darkness","Blue Chip Bloodstock Inc., Stephen Demeter & Stephen Giagni","Bloodstock Chip Farms LLC.","2YO Filly Pace"
"8/22/15","Batavia","LINK||http://replays.robertsstream.com/racereplays/cust/nyss.php?play=MjAxNTA4MjIxODMxQlROMQ==","Allerage Belle","Alan Hainworth","Little E. LLC","3YO Filly Trot"
"8/22/15","Batavia","LINK||http://replays.robertsstream.com/racereplays/cust/nyss.php?play=MjAxNTA4MjIxODQ5QlROMg==","High Rise","Raymond Campbell Jr.","Raymond Campbell Jr.","3YO Filly Trot"
"8/22/15","Batavia","LINK||http://replays.robertsstream.com/racereplays/cust/nyss.php?play=MjAxNTA4MjIxOTQ2QlRONQ==","Kinda Naughty","Labelle Livery LLC.","Steiner Stock Farm & David Steiner","3YO Filly Trot"
"8/22/15","Batavia","LINK||http://replays.robertsstream.com/racereplays/cust/nyss.php?play=MjAxNTA4MjIyMDA1QlRONg==","EJ's Last Dance","Earl Sauve","Earl Sauve","3YO Filly Trot"
"8/24/15","Yonkers","N/A","Lucky Lana","Philip Hale & David Dewhurst","Stormi & Bruiser Stable","2YO Filly Trot"
"8/24/15","Yonkers","N/A","Tiara","William Miller II","William Miller II","2YO Filly Trot"
"8/24/15","Yonkers","LINK||http://replays.robertsstream.com/racereplays/cust/nyss.php?play=MjAxNTA4MjQxOTIzWU9OMg==","Lts Sandie","Thomas Mc Tygue, Masie Stable LLC & John Stark Jr.","Thomas Mc Tygue","2YO Filly Trot"
"8/24/15","Yonkers","N/A","Outsidecourt","P&J Stables","P&J Stables","2YO Filly Trot"
"8/24/15","Yonkers","N/A","Barn Diva","Steven Pratt, Nancy Pratt & Purple Haze Stables LLC","Jeffery Ruch & Ted Macdonnell","2YO Filly Trot"
"8/25/15","Monticello","LINK||http://replays.robertsstream.com/racereplays/cust/nyss.php?play=MjAxNTA4MjUxMzA5TVJEMg==","Reasonforpleasin","Michael Polansky","Michael Polansky","2YO C&G Trot"
"8/25/15","Monticello","LINK||http://replays.robertsstream.com/racereplays/cust/nyss.php?play=MjAxNTA4MjUxMzMxTVJEMw==","One Chief","Ray Schnittker, Stephen Demeter & Herbert Burns III","Ray Schnittker, Stephen Demeter & Herbert Burns III","2YO C&G Trot"
"8/25/15","Monticello","LINK||http://replays.robertsstream.com/racereplays/cust/nyss.php?play=MjAxNTA4MjUxMzUyTVJENA==","Gremlin Wilson","John Cummings","Winbak Farm","2YO C&G Trot"
"8/25/15","Monticello","LINK||http://replays.robertsstream.com/racereplays/cust/nyss.php?play=MjAxNTA4MjUxNTU2TVJEMTA=","Omaha Set Hut","Gideon Stables","Al Libfeld","2YO C&G Trot"
"8/30/15","Batavia","LINK|| http://replays.robertsstream.com/racereplays/cust/nyss.php?play=MjAxNTA4MzAxNDI5QlRONQ==","Pastapalooza","Allard Racing, Ameer Najor","Steve Jones","3YO C&G Pace"
"8/30/15","Batavia","LINK||http://replays.robertsstream.com/racereplays/cust/nyss.php?play=MjAxNTA4MzAxMzExQlROMQ==","Masterson","Blue Chip Bloodstock Inc","Let It Ride Stables Inc., Robert Cooper Stables LLC, Jerry Silva","3YO C&G Pace"
"8/30/15","Batavia","LINK|| http://replays.robertsstream.com/racereplays/cust/nyss.php?play=MjAxNTA4MzAxMzQ2QlROMw==","Pop Icon","Kenneth Weckstein, Richard Rubin, Gary Messenger","Fair Winds Farm Inc","3YO C&G Pace"
"8/31/15","Yonkers","N/A","Sweet Bobbie","Jessica Okusko, Julie Sweet, M and L of Delaware Inc.","Odds On Nourrir","3YO Filly Pace"
"8/31/15","Yonkers","N/A","Jag Out","Ervin Miller Stable Inc.,Paymaq Racing, Mystical Marker Farms LLC","Ross Bonafield","3YO Filly Pace"
"8/31/15","Yonkers","N/A","Mydelight Bluechip","Robert Horowitz","Daniel Miller, Dino LoCastro","3YO Filly Pace"
"9/1/15","Yonkers","N/A","Kinda Naughty","Labelle Livery LLC","Steiner Stock Farm, David Steiner","3 YO Filly Trot"
"9/1/15","Yonkers","N/A","Cherry Crown Jewel","Margaret Waterbury,Todd Van Alstyne, Ann-Mari Daley, James Crawford IV","Cherry Hill Farm","3 YO Filly Trot"
"9/1/15","Yonkers","LINK|| http://replays.robertsstream.com/racereplays/cust/nyss.php?play=MjAxNTA5MDExMzEzWU9OMg==","Pig Hunt","Jennifer Connor, Janice Connor","Ray Schnittker,Stephen Demeter, Herbert Burns III","3 YO Filly Trot"
"9/2/15","Saratoga","LINK|| http://replays.robertsstream.com/racereplays/cust/nyss.php?play=MjAxNTA5MDIyMDM1U1JONg==","Steel Wheels","Theodore Gewertz,Y Brunet,Deborah Brunet,Crawford Partners LLC","Perretti Farms","2 YO Filly Trot"
"9/2/15","Saratoga","LINK|| http://replays.robertsstream.com/racereplays/cust/nyss.php?play=MjAxNTA5MDIyMTMwU1JOOQ==","Ms Evil Woman","Ann-Mari Daley,James Crawford IV,Michael White","Dale Lawton","2 YO Filly Trot"
"9/2/15","Saratoga","LINK|| http://replays.robertsstream.com/racereplays/cust/nyss.php?play=MjAxNTA5MDIyMjA1U1JOMTE=","Financial Focus","Bonnie Woodward, Michael Woodward","Bonnie Woodward","2 YO Filly Trot"
"9/2/15","Saratoga","LINK|| http://replays.robertsstream.com/racereplays/cust/nyss.php?play=MjAxNTA5MDIxOTIxU1JOMg==","Fad Finance","Purple Haze Stables LLC, Marc Goldberg, Rojan Stables","Margaret Dey","2 YO Filly Trot"
"9/2/15","Saratoga","LINK|| http://replays.robertsstream.com/racereplays/cust/nyss.php?play=MjAxNTA5MDIyMDE2U1JONQ==","Take The Cash","Clifford Morcom,Perry Simser,Richard Kaplan,Salvatore Corcione","Clifford Morcom,Perry Simser,Douglas Matteson","2 YO Filly Trot"
"9/2/15","Saratoga","LINK|| http://replays.robertsstream.com/racereplays/cust/nyss.php?play=MjAxNTA5MDIyMTExU1JOOA==","Royal Apple","Raymond Campbell Jr.","Raymond Campbell Jr.","2 YO Filly Trot"
"9/3/15","Yonkers","N/A","Seafood Linda","Seafood Delight Stable","Seafood Delight Stable","2 YO Filly Pace"
"9/3/15","Yonkers","N/A","Milky Way Rae","Fortunate One LLC","Fortunate One LLC","2 YO Filly Pace"
"9/3/15","Yonkers","N/A","Play Again","Arden Homestead Stable","Brittany Farms, Brian P Monieson Revtrust","2 YO Filly Pace"
"9/3/15","Yonkers","N/A","Roll Of Dreams","Howard Taylor","Winbak Farm","2 YO Filly Pace"
"9/3/15","Yonkers","LINK||http://replays.robertsstream.com/racereplays/cust/nyss.php?play=MjAxNTA5MDMxOTI0WU9OMg==","Ideal Class","Ross Bonafield, Garth Bechtel","Ross Bonafield, Garth Bechtel","2 YO Filly Pace"
"9/4/15","Batavia","LINK||http://replays.robertsstream.com/racereplays/cust/nyss.php?play=MjAxNTA5MDQxODMxQlROMQ==","Jericho","Purple Haze Stables LLC","Bluestone Farms LLC","3 YO Colt & Gelding Trot"
"9/4/15","Batavia","LINK||http://replays.robertsstream.com/racereplays/cust/nyss.php?play=MjAxNTA5MDQxODQ4QlROMg==","Crazshana","Purple Haze Stables LLC","Hanover Shoe Farms Inc","3 YO Colt & Gelding Trot"
"9/4/15","Batavia","LINK||http://replays.robertsstream.com/racereplays/cust/nyss.php?play=MjAxNTA5MDQxOTQxQlRONQ==","Bavaro","Ray Schnittker, Paul Bordogna,Jonathan Kurnit","Perretti Farms","3 YO Colt & Gelding Trot"
"9/5/15","Tioga","LINK||http://replays.robertsstream.com/racereplays/cust/nyss.php?play=MjAxNTA5MDUxODMxVFFOMg==","Sir Royson","R And I Farms LLC","Martin Sternberg","2 YO Colt & Gelding Trot"
"9/5/15","Tioga","LINK|| http://replays.robertsstream.com/racereplays/cust/nyss.php?play=MjAxNTA5MDUyMDEwVFFONw==","Chukkar","Arden Homestead Stable, Janice Connor","Seelster Farms Inc","2 YO Colt & Gelding Trot"
"9/5/15","Tioga","LINK|| http://replays.robertsstream.com/racereplays/cust/nyss.php?play=MjAxNTA5MDUxODUwVFFOMw==","Nono Lindy","John Zegarelli,Frank Mondi, Anthony Mondi, Anthony Mondi Jr.","Lindy Racing Stable","2 YO Colt & Gelding Trot"
"9/5/15","Tioga","LINK|| http://replays.robertsstream.com/racereplays/cust/nyss.php?play=MjAxNTA5MDUxOTI4VFFONQ==","Cashuz","Tessa Roland, Lesa Peters","Morrisville College Fdn. Inc.","2 YO Colt & Gelding Trot"
"9/5/15","Tioga","LINK||  http://replays.robertsstream.com/racereplays/cust/nyss.php?play=MjAxNTA5MDUxOTQ5VFFONg==","Omaha Set Hut","Gideon Stables","Al Libfeld","2 YO Colt & Gelding Trot"
"9/7/15","Vernon","LINK|| http://replays.robertsstream.com/racereplays/cust/nyss.php?play=MjAxNTA5MDcxMzMxVlJOMg==","Richin Powerful","Gary Haas","Gary Haas","2 YO Colt & Gelding Pace"
"9/7/15","Vernon","LINK||http://replays.robertsstream.com/racereplays/cust/nyss.php?play=MjAxNTA5MDcxMzUyVlJOMw==","Nox Vegas Bluechip","All Star Racing Inc","Blue Chip Bloodstock Inc.","2 YO Colt & Gelding Pace"
"9/7/15","Vernon","LINK||http://replays.robertsstream.com/racereplays/cust/nyss.php?play=MjAxNTA5MDcxNDM0VlJONQ==","White Rolls","Tammy Crescenze","Spring Haven Farm, Douglas Millard","2 YO Colt & Gelding Pace"
"9/11/15","Tioga","LINK||http://replays.robertsstream.com/racereplays/cust/nyss.php?play=MjAxNTA5MTEyMTEwVFFOMTA=","One Way To Win","Paul Kelley Racing Stb.,Charles Iannazzo,Howard Berke","Morrisville College Fdn Inc","2 YO Filly Trot"
"9/11/15","Tioga","LINK|| http://replays.robertsstream.com/racereplays/cust/nyss.php?play=MjAxNTA5MTExODQ1VFFOMw==","Lucky Lana","Philip Hale,David Dewhurst","Stormi and Bruiser Stable","2 YO Filly Trot"
"9/11/15","Tioga","LINK|| http://replays.robertsstream.com/racereplays/cust/nyss.php?play=MjAxNTA5MTEyMDE5VFFOOA==","Fad Finance","Purple Haze Stables LLC, Marc Goldberg, Rojan Stables","Margaret Dey","2 YO Filly Trot"
"9/11/15","Tioga","LINK|| http://replays.robertsstream.com/racereplays/cust/nyss.php?play=MjAxNTA5MTEyMDQ4VFFOOQ==","Royal Apple","Raymond Campbell Jr.","Raymond Campbell Jr.","2 YO Filly Trot"
"9/11/15","Tioga","LINK|| http://replays.robertsstream.com/racereplays/cust/nyss.php?play=MjAxNTA5MTExOTAzVFFONA==","Monarchs Sequel","Al Libfeld","Al Libfeld","2 YO Filly Trot"
"9/16/15","Batavia","LINK|| http://replays.robertsstream.com/racereplays/cust/nyss.php?play=MjAxNTA5MTYxODMxQlROMQ==","Major Millie","KDM Stables Corp.","Flintlock Farm Inc.","2 YO Filly Pace"
"9/16/15","Batavia","LINK|| http://replays.robertsstream.com/racereplays/cust/nyss.php?play=MjAxNTA5MTYxODQ4QlROMg==","Milky Way Rae","Fortunate One LLC.","Fortunate One LLC.","2 YO Filly Pace"
"9/16/15","Batavia","LINK||http://replays.robertsstream.com/racereplays/cust/nyss.php?play=MjAxNTA5MTYxOTQwQlRONQ==","Shocking Beauty","James Avritt Sr.","James Avritt Sr.","2 YO Filly Pace"
"9/17/15","Saratoga","LINK||http://replays.robertsstream.com/racereplays/cust/nyss.php?play=MjAxNTA5MTcxNjM4U1JOMw==","Nitro Glistening","Dragon Tale Farm Inc","Kevin Hart","2 YO C&G Pace"
"9/17/15","Saratoga","LINK||http://replays.robertsstream.com/racereplays/cust/nyss.php?play=MjAxNTA5MTcxOTExU1JOMTE=","Brigadoon","Dennis Noud & Simone Noud","Barbara Muschera","2 YO C&G Pace"
"9/17/15","Saratoga","LINK||http://replays.robertsstream.com/racereplays/cust/nyss.php?play=MjAxNTA5MTcxNzMzU1JONg==","Craftship","Crawford Partners LLC, Craig Henderson, J Fodera NM Frank Stable, Joe Sbrocco","Brittany Farms","2 YO C&G Pace"
"9/17/15","Saratoga","LINK||http://replays.robertsstream.com/racereplays/cust/nyss.php?play=MjAxNTA5MTcxODUxU1JOMTA=","Artmagic","Purple Haze Stables LLC","Hanover Shoe Farms Inc","2 YO C&G Pace"
"9/18/15","Vernon","LINK||http://replays.robertsstream.com/racereplays/cust/nyss.php?play=MjAxNTA5MTgyMTE4VlJOOQ==","Devil's Creek","Ronald Harp & Diane Harp","Kg Bertmarks Hingstdepa AB","2 YO C&G Trot"
"9/18/15","Vernon","LINK||http://replays.robertsstream.com/racereplays/cust/nyss.php?play=MjAxNTA5MTgyMjI1VlJOMTM=","Dollar Billards","Robert Key","Robert Key","2 YO C&G Trot"
"9/18/15","Vernon","LINK||http://replays.robertsstream.com/racereplays/cust/nyss.php?play=MjAxNTA5MTgxODQ0VlJOMQ==","Sir Royson","R-And-I Farms LLC","Martin Sternberg","2 YO C&G Trot"
"9/18/15","Vernon","LINK||http://replays.robertsstream.com/racereplays/cust/nyss.php?play=MjAxNTA5MTgxOTIwVlJOMw==","Nono Lindy","John Zegarelli, Frank Mondi,Anthony Mondi,Anthony Mondi Jr.","Lindy Racing Stable","2 YO C&G Trot"
"9/18/15","Vernon","LINK||http://replays.robertsstream.com/racereplays/cust/nyss.php?play=MjAxNTA5MTgyMTUzVlJOMTE=","The Royal Harry","Michael Pozefsky, William Pozefsky","Michael Pozefsky, Edward Wilson","2 YO C&G Trot"
