"COUNTY","TOWN/PROGRAM","RACE DATE","POST TIME","DRAW DATE","CONTACT PERSON","TELEPHONE"
"Goshen ","Goshen ","July 5th","1PM","July 2nd","Linda Meyers & Gerry Fielding ","845-294-5333/845-798-6922"
"Clinton County","Plattsburg","July 8th","Noon","July 3rd","Steve Couture","518-561-7998"
"Chautauqua County","Dunkirk","July 15th","2PM","July 10th","David Wilson & Anita Ray","716-450-4433/716-366-4752"
"Lewis County","Lowville","July 16th","12:30PM","July 11th","Douglas Hanno","315-523-0268"
"Livingston County","Hemlock","July 16th","Noon","July 11th","Dave Gilbert","585-755-2877"
"Chenango County ","Afton ","July 18th","Noon","July 13th","Rhonda Barriger Smith ","607-639-1525"
"Oneida County","Boonville","July 23rd","11AM","July 18th","David Hyatt & Sue Alger","315-338-9531"
"Genesee County","Batavia Downs ","July 25th","1:30PM","July 20th","",""
"Franklin County","Malone ","July 29th","1PM","July 24th","Greg Patterson & Ron St. Hilaire","518-651-6499/518-353-4440"
"Otsego County","Morris","July 30th","Noon","July 25th","Lisa Jones & Paul Rowe","607-287-6561/607-847-6896"
"Chemung County","Horseheads","July 31st","Noon","July 26th","Michael Reese","607-734-1217"
"St. Lawrence County","Gouverneur","August 1st","Noon","July 27th","Don Peck","315-287-3010"
"Chenango County","Norwich","August 6th","Noon","August 1st","Scott Evans","607-337-1451-607-334-9198"
"Schoharie County","Cobleskill","August 6th","Noon","August 1st","Doug Cater & Brendon Becker","518-234-2123"
"Tioga County","Owego","August 9th","Noon","August 5th","Charles Truman & Jonothan Marks","607-427-7521"
"Wayne County","Palmyra","August 12th","Noon","August 7th","Pamela Ferranti","585-305-8833"
"Steuben County","Bath","August 12th","Noon","August 7th","Nick Pelham & Robin Pelham","607-776-4801"
"Essex County","Westport","August 14th","Noon","August 9th","Scott Christian & Becky Provost","518-335-7095/518-645-1226"
"Tompkins County","Trumansburg","August 20th","Noon","August 15th","Geral Reynolds & Tim Swartz","607-387-9748/607-387-9717"
"County Fair Finals ","Goshen","September 1st","1PM","August 28th","Linda Meyers & Gerry Fielding ","845-294-5333/845-798-6922"
