"PHOTO","VIDEO","NAME OF HORSE","OWNER(S)","BREEDER (S)","NYSS COUNTY FAIR FINAL"
"http://hhbnys.org/backend/Tables/uploads/cf_3cp_Adonis_bay.pdf","LINK||http://replays.robertsstream.com/racereplays/cust/nyss.php?play=MjAxNTA5MDIxNDUzTVJENw==","Adonis Bay","Harold Smith"," Bulletproof Enterprises"," 3 Year Old Colt & Gelding Pace"
"http://hhbnys.org/backend/Tables/uploads/cf_3fp_maya_scape.pdf","LINK||http://replays.robertsstream.com/racereplays/cust/nyss.php?play=MjAxNTA5MDIxNDIzTVJENg==","Maya Scape","Laurier Sauve"," Howard Stables"," 3 Year Old Filly Pace"
"http://hhbnys.org/backend/Tables/uploads/cf_3ct_jato.pdf","LINK||http://replays.robertsstream.com/racereplays/cust/nyss.php?play=MjAxNTA5MDIxNjQ0TVJEMTI","J A T O","Margaret Butler, Amy Butler"," Steuben Farms"," 3 Year Old Colt & Gelding Trot"
"http://hhbnys.org/backend/Tables/uploads/cf_3ft_Hollywood Jess.pdf","LINK||http://replays.robertsstream.com/racereplays/cust/nyss.php?play=MjAxNTA5MDIxNDAzTVJENQ==","Hollywood Jess","Philip Hale, David Dewhurst"," Philip Hale"," 3 Year Old Filly Trot"
"http://hhbnys.org/backend/Tables/uploads/cf_2cp_americanation.pdf","LINK||http://replays.robertsstream.com/racereplays/cust/nyss.php?play=MjAxNTA5MDIxNTU0TVJEMTA=","Americanation","Pine Hill Stables"," George K. Miller"," 2 Year Old Colt & Gelding Pace"
"http://hhbnys.org/backend/Tables/uploads/cf_2fp_niche-blue-chip.pdf","LINK||http://replays.robertsstream.com/racereplays/cust/nyss.php?play=MjAxNTA5MDIxMzI0TVJEMw==","Niche Blue Chip","Elizabeth Spalluto,Dyce Spalluto,Veronica Dylo,David Widzinski"," Blue Chip Bloodstock Inc"," 2 Year Old Filly Pace"
"http://hhbnys.org/backend/Tables/uploads/cf_2ct_trooper-jim.pdf","LINK||http://replays.robertsstream.com/racereplays/cust/nyss.php?play=MjAxNTA5MDIxNTE2TVJEOA==","Trooper Jim","Barry White, Heather White"," Barry White"," 2 Year Old Colt & Gelding Trot"
"http://hhbnys.org/backend/Tables/uploads/cf_2ft_lindas_chioce.pdf","LINK||http://replays.robertsstream.com/racereplays/cust/nyss.php?play=MjAxNTA5MDIxMjQ2TVJEMQ==","Linda's Choice","Philip Hale","Philip Hale","2 Year Old Filly Trot"
