"PHOTO","VIDEO","NAME OF HORSE","OWNER(S)","BREEDER(S)","NIGHT OF CHAMPIONS"
"http://hhbnys.org/backend/Tables/uploads/noc3ft_jewels_in_hock.pdf","LINK||http://replays.robertsstream.com/racereplays/cust/nyss.php?play=MjAxNTA5MTIyMDMwWU9ONQ==","Jewels In Hock","KJ Stables LLC","Steve Jones"," 3 YO Filly Trot"
"http://hhbnys.org/backend/Tables/uploads/noc3ct_habitat.pdf","LINK|| http://replays.robertsstream.com/racereplays/cust/nyss.php?play=MjAxNTA5MTIyMTEwWU9ONw==","Habitat","Burke Racing Stbl LLC, Our Horse Cents Stbls, Weaver Bruscemi LLC","Fredericka Caldwell","3 YO Colt & Gelding Trot"
"http://hhbnys.org/backend/Tables/uploads/noc3fp_Band_of_angels.pdf","LINK||http://replays.robertsstream.com/racereplays/cust/nyss.php?play=MjAxNTA5MTIyMDUwWU9ONg==","Band Of Angels","William Donovan","Steve Stewart, Birch Hollow Farms","3 YO Filly Pace"
"http://hhbnys.org/backend/Tables/uploads/noc3cp_betting_exchange.pdf","LINK|| http://replays.robertsstream.com/racereplays/cust/nyss.php?play=MjAxNTA5MTIyMTMwWU9OOA==","Betting Exchange","Howard Taylor, Susan Kajfasz, Tom Fanning","Flintlock Farm Inc","3 YO Colt & Gelding Pace"
"http://hhbnys.org/backend/Tables/uploads/noc2ft_non_Stick.pdf","LINK|| http://replays.robertsstream.com/racereplays/cust/nyss.php?play=MjAxNTA5MjYxOTUxWU9OMw==","Non Stick","Ake Svanstedt Inc., Little E LLC","Michael Andrew, Steve Stewart","2 YO Filly Trot"
"http://hhbnys.org/backend/Tables/uploads/noc2ct_allerage_echo.pdf","LINK|| http://replays.robertsstream.com/racereplays/cust/nyss.php?play=MjAxNTA5MjYxOTI4WU9OMg==","Allerage Echo","Kenneth Jacobs","Little E LLC","2 YO Colt & Gelding Trot"
"http://hhbnys.org/backend/Tables/uploads/noc2fp_dime_a_dance.pdf","LINK||http://replays.robertsstream.com/racereplays/cust/nyss.php?play=MjAxNTA5MjYyMDExWU9ONA==","Dime A Dance","Our Horse Cents Stbls., Blue Chip Bloodstock Inc.,J&T Silva Stbls. LLC","Eugene Kurzrok, Richard Taylor, Stephen Springer","2 YO Filly Pace"
"http://hhbnys.org/backend/Tables/uploads/noc2cp_travel_playlist.pdf","LINK||http://replays.robertsstream.com/racereplays/cust/nyss.php?play=MjAxNTA5MjYyMDMwWU9ONQ==","Travel Playlist","Blue Chip Bloodstock Inc.,Ronald Michelon, Taylor Made Stallions, Frederick Hertrich III","Winbak Farm","2 YO Colt & Gelding Pace"
