"PHOTO","VIDEO","NAME OF HORSE","OWNER(S)","BREEDER(S)","EVENT","TRACK"
"http://hhbnys.org/backend/Tables/uploads/ex_3ft_barn_girl.pdf","LINK||http://replays.robertsstream.com/racereplays/cust/nyss.php?play=MjAxNTA5MTkxOTA1VlJOMg==","Barn Girl","Steven Pratt, Nancy Pratt, Out In The Country Stable","Morrisville College Fdn Inc","3 YO Filly Trot","Vernon Downs"
"http://hhbnys.org/backend/Tables/uploads/ex_3ct_andy_ray.pdf","LINK||http://replays.robertsstream.com/racereplays/cust/nyss.php?play=MjAxNTA5MTkyMDM2VlJONg==","Andy Ray","Paymaq Racing, Ronald Michelon, Harvey Eisman","Lindy Racing Stable ","3 YO Colt & Gelding Trot","Vernon Downs"
"http://hhbnys.org/backend/Tables/uploads/ex_3fp_Hey_kobe.pdf","LINK||http://replays.robertsstream.com/racereplays/cust/nyss.php?play=MjAxNTA5MTkyMDUyVlJONw==","Hey Kobe","Stephen Schneider, William Siegel","Hanover Shoe Farm Inc","3 YO Filly Pace","Vernon Downs "
"http://hhbnys.org/backend/Tables/uploads/ex_3cp_Masterson.pdf","LINK||http://replays.robertsstream.com/racereplays/cust/nyss.php?play=MjAxNTA5MTkyMTA5VlJOOA==","Masterson","Blue Chip Bloodstock Inc","Let It Ride Stbls Inc, Robert Cooper Stbls LLC, Jerry Silva","3 YO Colt & Gelding Pace","Vernon Downs"
"http://hhbnys.org/backend/Tables/uploads/ex_2ft_outsidecourt.pdf","LINK|| http://replays.robertsstream.com/racereplays/cust/nyss.php?play=MjAxNTEwMDExNzE3U1JONQ==","Outsidecourt","P&J Stables","P&J Stables","2 YO Filly Trot","Saratoga Harness"
"http://hhbnys.org/backend/Tables/uploads/ex_2ct_Boxall.pdf","LINK|| http://replays.robertsstream.com/racereplays/cust/nyss.php?play=MjAxNTEwMDExODI5U1JOOQ==","Boxall","Little E LLC","David Anderson","2 YO Colt & Gelding Trot","Saratoga Harness"
"http://hhbnys.org/backend/Tables/uploads/ex_2fp_Lyra.pdf","LINK|| http://replays.robertsstream.com/racereplays/cust/nyss.php?play=MjAxNTEwMDExOTA0U1JOMTE=","Lyra","Stephen Schneider, William Siegel, Marthe Drolet","Winbak Farm","2 YO Filly Pace","Saratoga Harness"
"http://hhbnys.org/backend/Tables/uploads/ex_2cp_artmagic.pdf","LINK|| http://replays.robertsstream.com/racereplays/cust/nyss.php?play=MjAxNTEwMDExNzUzU1JONw==","Artmagic","Purple Haze Stables LLC","Hanover Shoe Farms Inc.","2 YO Colt & Gelding Pace","Saratoga Harness"
