"DATE","TRACK","VIDEO","HORSE","OWNER","BREEDER ","EVENT "
"5/16/2016","Yonkers","N/A","Dame Edna","D. R. Ackerman","Kg Bertmarks Hingstdepa Ab","3YO Filly Trot"
"5/16/2016","Yonkers","N/A","Bravamente","Margaret Butler & Amy Butler","Morrisville College Fdn Inc.","3YO Filly Trot"
"5/16/2016","Yonkers","N/A","Here Comes Ally ","Carla Dinova & John Stark Jr.","Carla Dinova & John Stark Jr.","3YO Filly Trot "
"5/16/2016","Yonkers","LINK||http://replays.robertsstream.com/racereplays/cust/nyss.php?play=MjAxNjA1MTYyMDA5WU9ONA==","I Will Take Credit ","Erv Miller ","Steve Jones","3YO Filly Trot "
"5/21/2016 ","Vernon ","LINK||http://replays.robertsstream.com/racereplays/cust/nyss.php?play=MjAxNjA1MjExOTA5VlJOMQ==","Conway's Dante","Paul Ferrari, Angelo Bergonzi & Susan Giannico ","Angelo Bergonzi, Paul Ferrari  & Susan Giannico  ","3 YO C & G Trot "
"5/21/2016  ","Vernon ","LINK||http://replays.robertsstream.com/racereplays/cust/nyss.php?play=MjAxNjA1MjExOTQ4VlJOMw==","Don Lindy ","Lindy Farms Of Conn & Robert Rudolph ","Lindy Racing Stable ","3 YO C & G Trot "
"5/21/2016 ","Vernon ","LINK||http://replays.robertsstream.com/racereplays/cust/nyss.php?play=MjAxNjA1MjEyMDI4VlJONQ==","Southern Palms ","Ronald Michelon & Anthony Lombardi ","Ed Lohmeyer & Patricia Hogan","3 YO C & G Trot "
"5/21/2016  ","Vernon ","LINK||http://replays.robertsstream.com/racereplays/cust/nyss.php?play=MjAxNjA1MjEyMTA3VlJONw==","Uncle Mack ","Richard Balog ","Richard Balog","3 YO C & G Trot "
"5/21/2016  ","Vernon ","LINK||http://replays.robertsstream.com/racereplays/cust/nyss.php?play=MjAxNjA1MjEyMjM4VlJOMTI=","Thanks For Playin ","Pine Hills Stables ","Perretti Farms ","3 YO C & G Trot "
"5/23/2016","Monticello","LINK||http://replays.robertsstream.com/racereplays/cust/nyss.php?play=MjAxNjA1MjMxMzA4TVJEMg==","Dw'sblissfulthinkn","Donald La Page","Michael MacDonald & W D La Page Stable","3 YO Filly Pace"
"5/23/2016","Monticello","LINK||http://replays.robertsstream.com/racereplays/cust/nyss.php?play=MjAxNjA1MjMxMzI5TVJEMw==","I Got The Life","Jim Graham & Rick Viola","Jim Graham & Rick Viola","3 YO Filly Pace"
"5/23/2016","Monticello","LINK||http://replays.robertsstream.com/racereplays/cust/nyss.php?play=MjAxNjA1MjMxNDEyTVJENQ==","Rolling Going Gone","Ross Bonafield","Ross Bonafield","3 YO Filly Pace"
"5/23/2016","Monticello","LINK||http://replays.robertsstream.com/racereplays/cust/nyss.php?play=MjAxNjA1MjMxNDU3TVJENw==","Milky Way Rae","Fortunate One LLC","Fortunate One LLC","3 YO Filly Pace"
"5/28/2016","Vernon","LINK||http://replays.robertsstream.com/racereplays/cust/nyss.php?play=MjAxNjA1MjgxODQ0VlJOMQ==","Ms Evil Woman","Kevin Verdon","Dale Lawton","3YO Filly Trot"
"5/28/2016","Vernon","LINK||http://replays.robertsstream.com/racereplays/cust/nyss.php?play=MjAxNjA1MjgxOTAzVlJOMg==","Royal Surprise","Ann-Marie Daley, James Crawford IV, Richard Lombardo & Michael White","Albert & Michelle Crawford","3YO Filly Trot"
"5/28/2016","Vernon","LINK|| http://replays.robertsstream.com/racereplays/cust/nyss.php?play=MjAxNjA1MjgxOTQ0VlJONA==","I Will Take Credit","Erv Miller","Steve Jones","3YO Filly Trot"
"5/28/2016","Vernon","LINK|| http://replays.robertsstream.com/racereplays/cust/nyss.php?play=MjAxNjA1MjgyMTAzVlJOOA==","Lts Sandie","Thomas Mc Tygue","Thomas Mc Tygue, Masie Stable LLC. & John Stark Jr.","3YO Filly Trot"
"5/28/2016","Vernon","LINK|| http://replays.robertsstream.com/racereplays/cust/nyss.php?play=MjAxNjA1MjgyMTQxVlJOMTA=","Barn Diva","Steve Pratt, Nancy Pratt & Purple Haze Stables LLC.","Jeffrey Ruch & Ted Macdonnell","3YO Filly Trot"
"5/28/2016","Vernon","LINK||http://replays.robertsstream.com/racereplays/cust/nyss.php?play=MjAxNjA1MjgyMTU3VlJOMTE=","Dame Edna","D. R. Ackerman","Kg Bertmarks Hingstdepa Ab","3YO Filly Trot"
"5/29/2016","Tioga","LINK||http://replays.robertsstream.com/racereplays/cust/nyss.php?play=MjAxNjA1MjkxODQzVFFOMg==","Just For Today","Patricia Stable, Joe Sbrocco & Hatfield Stables","Valley High Stable","3 YO C & G Trot"
"5/29/2016","Tioga","LINK||http://replays.robertsstream.com/racereplays/cust/nyss.php?play=MjAxNjA1MjkxOTAxVFFOMw==","Katch Kanna","Rick Berks & Lewis Whitaker Jr.","Claudean Cone","3 YO C & G Trot"
"5/29/2016","Tioga","LINK||http://replays.robertsstream.com/racereplays/cust/nyss.php?play=MjAxNjA1MjkxOTIyVFFONA==","Royal Bachelor","Ann-Mari Daley, James Crawford IV & Michael White","Kenneth Jacobs","3 YO C & G Trot"
"5/29/2016","Tioga","LINK||http://replays.robertsstream.com/racereplays/cust/nyss.php?play=MjAxNjA1MjkxOTQzVFFONQ==","Moneydontbuyulove","Big Sky Ranch & Kenneth Jacobs","Jesmeral Stable","3 YO C & G Trot"
"5/29/2016","Tioga","LINK||http://replays.robertsstream.com/racereplays/cust/nyss.php?play=MjAxNjA1MjkyMDAyVFFONg==","Coughlin","Burke Racing Stable LLC., Weaver Bruscemi LLC., Lawrence Karr & The Panhellenic Stable","James Petruccelli","3 YO C & G Trot"
"6/3/2016","Saratoga","LINK||http://replays.robertsstream.com/racereplays/cust/nyss.php?play=MjAxNjA2MDMxODQ0U1JOMQ==","Oh Mare Ahs Bella","Paul O'Mara, Cynthia O'Mara, Wayne Hughes","Morrisville Col Fdn Inc","3 YO Filly Pace"
"6/3/2016","Saratoga","LINK||http://replays.robertsstream.com/racereplays/cust/nyss.php?play=MjAxNjA2MDMyMTE3U1JOOQ==","Glow Boat","Robert Trossbach,Colleen Trossbach, John Nizlek, J Perry Simser","Winbak Farm","3 YO Filly Pace"
"6/3/2016","Saratoga","LINK||http://replays.robertsstream.com/racereplays/cust/nyss.php?play=MjAxNjA2MDMxOTIxU1JOMw==","Pretty Sammie","Kenneth Jacobs","Kenneth Jacobs","3 YO Filly Pace"
"6/3/2016","Saratoga","LINK||http://replays.robertsstream.com/racereplays/cust/nyss.php?play=MjAxNjA2MDMyMDAxU1JONQ==","Rolling Going Gone","Ross Bonafield","Ross Bonafield","3 YO Filly Pace"
"6/3/2016","Saratoga","LINK||http://replays.robertsstream.com/racereplays/cust/nyss.php?play=MjAxNjA2MDMyMjE1U1JOMTI=","Milky Way Rae","Fortunate One LLC","Fortunate One LLC","3 YO Filly Pace"
"6/5/2016","Monticello","LINK||http://replays.robertsstream.com/racereplays/cust/nyss.php?play=MjAxNjA2MDYxMjQ5TVJEMQ==","Its Just Too Much","Howard Slotoroff","John Carver","3 YO C&G Pace"
"6/5/2016","Monticello","LINK||http://replays.robertsstream.com/racereplays/cust/nyss.php?play=MjAxNjA2MDYxMzUwTVJENA==","Numerouno Bluechip","Stake Your Claim Stable, South Mountain Stable & Fred Wallace","Blue Chip Bloodstock Inc.","3 YO C&G Pace"
"6/5/2016","Monticello","LINK||http://replays.robertsstream.com/racereplays/cust/nyss.php?play=MjAxNjA2MDYxNDA4TVJENQ==","Brigadoon","Dennis Noud & Simone Noud","Barbara Muschera","3 YO C&G Pace"
"6/5/2016","Monticello","LINK||http://replays.robertsstream.com/racereplays/cust/nyss.php?play=MjAxNjA2MDYxNDI3TVJENg==","Combat","David Van Dusen, Kenneth Klein, Michael Cimaglio & Old Block Stables Inc.","Gregory Dey","3 YO C&G Pace"
"6/5/2016","Monticello","LINK||http://replays.robertsstream.com/racereplays/cust/nyss.php?play=MjAxNjA2MDYxNDUwTVJENw==","Spendabuckonme","Robert Tucker & Lauren Tucker","Robert Tucker & Lauren Tucker","3 YO C&G Pace"
"6/5/2016","Monticello","LINK||http://replays.robertsstream.com/racereplays/cust/nyss.php?play=MjAxNjA2MDYxNTI4TVJEOQ==","KJ Erich","Scott Woogen, Brenda Messenger and Philip Shapiro","Scott Woogen, Brenda Messenger and Philip Shapiro","3 YO C&G Pace"
"6/12/2016","Tioga","LINK||http://replays.robertsstream.com/racereplays/cust/nyss.php?play=MjAxNjA2MTIxNDM0VFFONA==","Wine Snob","Steve Jones, Jonathan Kurnit","Steve Jones","3 YO Filly Pace"
"6/12/2016","Tioga","LINK||http://replays.robertsstream.com/racereplays/cust/nyss.php?play=MjAxNjA2MTIxNDUyVFFONQ==","Youcantstopthis","Sergis Racing Stb.LLC","Steven Head","3 YO Filly Pace"
"6/12/2016","Tioga","LINK||http://replays.robertsstream.com/racereplays/cust/nyss.php?play=MjAxNjA2MTIxNzM4VFFOMTM=","Stirling Electra","Jennifer Davis, Joyce Nowicki","WJ Donovan","3 YO Filly Pace"
"6/12/2016","Tioga","LINK||http://replays.robertsstream.com/racereplays/cust/nyss.php?play=MjAxNjA2MTIxNzE5VFFOMTI=","Seafood Linda","Seafood Delight Stable","Seafood Delight Stable","3 YO Filly Pace"
"6/12/2016","Tioga","LINK||http://replays.robertsstream.com/racereplays/cust/nyss.php?play=MjAxNjA2MTIxNzU0VFFOMTQ=","Rolling Going Gone","Ross Bonafield","Ross Bonafield","3 YO Filly Pace"
"6/12/2016","Tioga","LINK||http://replays.robertsstream.com/racereplays/cust/nyss.php?play=MjAxNjA2MTIxODEwVFFOMTU=","Shesgotthebeat","Seafood Delight Stb., Kristie Leigh Farm Inc.,Joseph Betro","White Birch Farm","3 YO Filly Pace"
"6/15/2016","Buffalo","N/A","Americanation","Pine Hill Stables","George Miller","3 YO C&G Pace"
"6/15/2016","Buffalo","LINK||http://replays.robertsstream.com/racereplays/cust/nyss.php?play=MjAxNjA2MTUxNzU1QlVONA==","Here's The Scoop","William Fisher, Howard Taylor","Winbak Farm","3 YO C&G Pace"
"6/15/2016","Buffalo","LINK||http://replays.robertsstream.com/racereplays/cust/nyss.php?play=MjAxNjA2MTUxODMzQlVONg==","Hash-Tag Chrome","Matthew Bencic,Peter Barbato,Samuel Bova,Howard Berke","Bluechip Bloodstock Inc, AV & Son Bloodstock LLC","3 YO C&G Pace"
"6/15/2016","Buffalo","LINK||http://replays.robertsstream.com/racereplays/cust/nyss.php?play=MjAxNjA2MTUxOTQ4QlVOMTA=","Readysetletsroll","John Augenbergs, Andris Lacis","Janice Connor, Michelle Crawford","3 YO C&G Pace"
"6/22/2016","Buffalo","LINK||http://replays.robertsstream.com/racereplays/cust/nyss.php?play=MjAxNjA2MjIxNjU5QlVOMQ==","Wine Snob","Steve Jones, Jonathan Kurnit","Steve Jones","3 YO Filly Pace"
"6/22/2016","Buffalo","LINK||http://replays.robertsstream.com/racereplays/cust/nyss.php?play=MjAxNjA2MjIxOTE0QlVOOA==","Stirling Electra","Jennifer Davis,Joyce Nowicki","WJ Donovan","3 YO Filly Pace"
"6/22/2016","Buffalo","LINK||http://replays.robertsstream.com/racereplays/cust/nyss.php?play=MjAxNjA2MjIxODE3QlVONQ==","Rolling Going Gone","Ross Bonafield","Ross Bonafield","3 YO Filly Pace"
"6/24/2016","Yonkers","N/A","Its Just Too Much","Howard Slotoroff","John Carver","3 YO C&G Pace"
"6/24/2016","Yonkers","N/A","KJ Erich","Scott Woogen, Brenda Messenger and Phillip Shapiro","Scott Woogen, Brenda Messenger, Phillip Shapiro","3 YO C&G Pace"
"6/24/2016","Yonkers","N/A","Gaius Crastinus","Marilee Keene","Marilee Keene","3 YO C&G Pace"
"6/24/2016","Yonkers","LINK||http://replays.robertsstream.com/racereplays/cust/nyss.php?play=MjAxNjA2MjQxOTA4WU9OMQ==","Brigadoon","Dennis Noud and Simone Noud","Barbara Muschera","3 YO C&G Pace"
"6/24/2016","Yonkers","LINK||http://replays.robertsstream.com/racereplays/cust/nyss.php?play=MjAxNjA2MjQxOTI5WU9OMg==","Fresh Cut","Bay Pond Racing Stable","Winbak Farm","3 YO C&G Pace"
"6/26/2016","Buffalo","LINK||http://replays.robertsstream.com/racereplays/cust/nyss.php?play=MjAxNjA2MjYxMjI4QlVOMQ==","Thanks For Playin","Pine Hill Stables","Perretti Farms","3 YO C&G Trot"
"6/26/2016","Buffalo","LINK||http://replays.robertsstream.com/racereplays/cust/nyss.php?play=MjAxNjA2MjYxMjQ2QlVOMg==","Boxall","Little E LLC.","David Anderson","3 YO C&G Trot"
"6/26/2016","Buffalo","LINK||http://replays.robertsstream.com/racereplays/cust/nyss.php?play=MjAxNjA2MjYxNDM1QlVOOA==","Reasinforpleasin","Michael Polansky","Michael Polansky","3 YO C&G Trot"
"6/26/2016","Buffalo","LINK||http://replays.robertsstream.com/racereplays/cust/nyss.php?play=MjAxNjA2MjYxNTEwQlVOMTA=","Chargin Cadet","Ray Schnittker, Theodore Gewertz,Joseph Faraldo and Chargin Cadet Stable","Walnut Hall Limited","3 YO C&G Trot"
"6/29/2016","Buffalo","N/A","Ms Mcgillicuddys","Philip Hale and David Dewhurst","Douglas Kistler","2 YO Filly Trot"
"6/29/2016","Buffalo","LINK||http://replays.robertsstream.com/racereplays/cust/nyss.php?play=MjAxNjA2MjkxNzE3QlVOMg==","Onyx Blue Chip","Ray Schnittker","Blue Chip Bloodstock Inc., Stephen Demeter and Herbert Burns III","2 YO Filly Trot"
"6/29/2016","Buffalo","LINK||http://replays.robertsstream.com/racereplays/cust/nyss.php?play=MjAxNjA2MjkxOTQ2QlVOMTA=","Jenny's Dew Drop","Chauncey Bush & Linda Shaw Bush","Cherry Hill Farm","2 YO Filly Trot"
"6/30/2016","Monticello","LINK||http://replays.robertsstream.com/racereplays/cust/nyss.php?play=MjAxNjA2MzAxMjQ3TVJEMQ==","Winneress","Purple Haze Stables LLC. ","Arden Homestead Stable and Dunroven Stud LLC.","2 YO C&G Trot"
"6/30/2016","Monticello","LINK||http://replays.robertsstream.com/racereplays/cust/nyss.php?play=MjAxNjA2MzAxNDA2TVJENQ==","Second Career","Brian Cross and Gerald D'Alessandro","Winbak Farm","2 YO C&G Trot"
"6/30/2016","Monticello","LINK||http://replays.robertsstream.com/racereplays/cust/nyss.php?play=MjAxNjA2MzAxNTExTVJEOA==","Haloman","Ray Schnittker, Theodore Gewertz and Charles Iannazzo","Millstream Farm, Bruce Biegeleisen, Lawrence Barnett & Irwin Geiser","2 YO C&G Trot"
"6/30/2016","Monticello","LINK||http://replays.robertsstream.com/racereplays/cust/nyss.php?play=MjAxNjA2MzAxNTMyTVJEOQ==","New York Chrome","Philip Hale","Philip Hale","2 YO C&G Trot"
"6/30/2016","Monticello","LINK||http://replays.robertsstream.com/racereplays/cust/nyss.php?play=MjAxNjA2MzAxNjUxTVJEMTM=","Sheldon","Richard Gutnick, Joseph Lozito Jr. & Theodore Gewertz","Diamond Creek Farm LLC","2 YO C&G Trot"
"6/30/2016","Monticello","LINK|| http://replays.robertsstream.com/racereplays/cust/nyss.php?play=MjAxNjA2MzAxNzA5TVJEMTQ=","Winter Mint","Robert and Collen Trossbach, John Nizlek and Dennis Nye","White Birch Farm","2 YO C&G Trot"
"7/1/2016","Goshen","N/A","Here's The Scoop","William Fisher & Howard Taylor","Winbak Farm","3YO C&G Pace"
"7/1/2016","Goshen","N/A","Brigadoon","Dennis Noud and Simone Noud","Barbara Muschera","3YO C&G Pace"
"7/1/2016","Goshen","N/A","Americanation","Pine Hill Stable","George Miller","3YO C&G Pace"
"7/1/2016","Goshen","N/A","Its Just Too Much","Howard Slotoroff","John Carver","3YO C&G Pace"
"7/1/2016","Goshen","N/A","Milky Way Rae","Fortunate One LLC.","Fortunate One LLC.","3YO Filly Pace"
"7/1/2016","Goshen","N/A","Seafood Linda","Seafood Delight Stable","Seafood Delight Stable","3YO Filly Pace"
"7/1/2016","Goshen","N/A","Shesgotthebeat","Seafood Delight Stable, Kristie Leigh Farm Inc. and Joseph Betro","White Birch Farm","3YO Filly Pace"
"7/1/2016","Goshen","N/A","Dw'sblissfulthinkn","Donald La Page","W D La Page Stable","3YO Filly Pace"
"7/3/2016","Goshen","N/A","Credevie","Purple Haze Stable LLC.","Joie De Vie Farm LLC.","3YO C&G Trot"
"7/3/2016","Goshen","N/A","Dial A Chic","Roy Dobbins and Trotter Lane LLC","Roy Dobbins","3YO C&G Trot"
"7/3/2016","Goshen","N/A","Southern Palms","Ronald Michelon and Anthony Lombardi","Ed Lohmeyer and Patricia Hogan","3YO C&G Trot"
"7/3/2016","Goshen","N/A","Cupid","American Viking Racing Stable, Diane Giuliano and Purple Haze Stables LLC.","Walnut Hall Stock Farm","3YO C&G Trot"
"7/3/2016","Goshen","N/A","I Will Take Credit","Erv Miller","Steve Jones","3YO Filly Trot"
"7/3/2016","Goshen","N/A","American Gal K","Robert Key","Robert Key","3YO Filly Trot"
"7/3/2016","Goshen","N/A","Wendy's Girl","Howard Taylor and Edwin Gold","East Creek Stable","3YO Filly Trot"
"7/3/2016","Goshen","N/A","Royal Moxie","Ann-Mari Daley and Jlrl LLC","George Miller","3YO Filly Trot"
"7/3/2016","Goshen","N/A","One Way To Win","Bennett Farms Inc. of MI","Morrisville College Foundation Inc.","3YO Filly Trot"
"7/6/2016","Buffalo","LINK||http://replays.robertsstream.com/racereplays/cust/nyss.php?play=MjAxNjA3MDYxNjU4QlVOMQ==","FunkyMunkySunshine","Funky Munky Stable LLC","Adam Victor & Son Stable LLC. and Lindy Farms of Conn.","2YO Filly Pace"
"7/6/2016","Buffalo","LINK||http://replays.robertsstream.com/racereplays/cust/nyss.php?play=MjAxNjA3MDYxNzUwQlVONA==","Bullvillestephanie","Crevani Farms","Crevani Farms","2YO Filly Pace"
"7/6/2016","Buffalo","LINK||http://replays.robertsstream.com/racereplays/cust/nyss.php?play=MjAxNjA3MDYxODA5QlVONQ==","Haveiture Way Honey","Nick Surick Stable LLC., KDM Stables Corp. and Ervin Miller Stable Inc.","White Birch Farm","2YO Filly Pace"
"7/6/2016","Buffalo","LINK||http://replays.robertsstream.com/racereplays/cust/nyss.php?play=MjAxNjA3MDYxOTA1QlVOOA==","Hayleighs Hat","David Mc Duffee","David Mc Duffee","2YO Filly Pace"
"7/6/2016","Buffalo","LINK||http://replays.robertsstream.com/racereplays/cust/nyss.php?play=MjAxNjA3MDYxOTU5QlVOMTE=","Island Adventure","Blue Chip Bloodstock Inc., Tracey Brainard,  Howard Taylor and Charles Iannazzo","Winbak Farm","2YO Filly Pace"
"7/8/2016","Saratoga","LINK||http://replays.robertsstream.com/racereplays/cust/nyss.php?play=MjAxNjA3MDgxOTAwU1JOMg==","Read With Speed","Breakaway Racing","Winbak Farm","2YO C&G Pace"
"7/8/2016","Saratoga","LINK||http://replays.robertsstream.com/racereplays/cust/nyss.php?play=MjAxNjA3MDgxOTIwU1JOMw==","Percy's Z Tam","Pat Lachance, Z Tam Stables LLC., M&M Harness Racing LLC & Royal Flush Stable LLC.","Michael Parisi","2YO C&G Pace"
"7/8/2016","Saratoga","LINK||http://replays.robertsstream.com/racereplays/cust/nyss.php?play=MjAxNjA3MDgyMDAzU1JONQ==","Zampara","Anatolia Farm LLC.","Anatolia Racing Stable Inc.","2YO C&G Pace"
"7/8/2016","Saratoga","LINK||http://replays.robertsstream.com/racereplays/cust/nyss.php?play=MjAxNjA3MDgyMjI3U1JOMTI=","funknwaffles","Crawford Farms Racing","David Mc Duffee","2YO C&G Pace"
"7/8/2016","Saratoga","LINK||http://replays.robertsstream.com/racereplays/cust/nyss.php?play=MjAxNjA3MDgyMjQ2U1JOMTM=","Sammy B Happy","David Yarock","David Yarock","2YO C&G Pace"
"7/10/2016","Tioga","LINK||http://replays.robertsstream.com/racereplays/cust/nyss.php?play=MjAxNjA3MTAxMzI5VFFOMQ==","Starlingmoon","Roy Dobbins","Roy Dobbins","3YO Filly Trot"
"7/10/2016","Tioga","LINK||http://replays.robertsstream.com/racereplays/cust/nyss.php?play=MjAxNjA3MTAxMzQ2VFFOMg==","Barn Diva","Steve Pratt, Nancy Pratt & Purple Haze Stables LLC.","Jeffery Ruch & Ted Macdonnell","3YO Filly Trot"
"7/10/2016","Tioga","LINK||http://replays.robertsstream.com/racereplays/cust/nyss.php?play=MjAxNjA3MTAxNDAzVFFOMw==","Love Crazy Love","Crawford Partners LLC., Theodore Gewertz, Deborah Brunet & Y Brunet","Peninsula Farm Inc.","3YO Filly Trot"
"7/10/2016","Tioga","LINK||http://replays.robertsstream.com/racereplays/cust/nyss.php?play=MjAxNjA3MTAxNDM3VFFONQ==","Winky's Gal","Calvin Lasher","Calvin Lasher","3YO Filly Trot"
"7/10/2016","Tioga","LINK||http://replays.robertsstream.com/racereplays/cust/nyss.php?play=MjAxNjA3MTAxNTE0VFFONw==","Wendy's Girl","Howard Taylor & Edwin Gold","East Creek Stable","3YO Filly Trot"
"7/11/2016","Yonkers","LINK||http://replays.robertsstream.com/racereplays/cust/nyss.php?play=MjAxNjA3MTExOTI5WU9OMg==","Beaches De Vie","Pat Lachance & M&M Harness Racing LLC.","Antoinette Nigito","3YO C&G Pace"
"7/11/2016","Yonkers","N/A","It's Just Too Much","Howard Slotoroff","John Carver","3YO C&G Pace"
"7/11/2016","Yonkers","N/A","Endeavor","Helene Fillion","Barbara Muschera","3YO C&G Pace"
"7/11/2016","Yonkers","N/A","Cenovis","Enviro Stables LTD","Enviro Stables LTD","3YO C&G Pace"
"7/12/2016","Monticello","LINK||http://replays.robertsstream.com/racereplays/cust/nyss.php?play=MjAxNjA3MTIxMjQ5TVJEMQ==","Sevally","Purple Haze Stables and American Viking Racing Stable","Ralph Del Priore Jr. and Schare Adams","2YO Filly Trot"
"7/12/2016","Monticello","LINK||http://replays.robertsstream.com/racereplays/cust/nyss.php?play=MjAxNjA3MTIxNTAzTVJEOA==","Eternal Flame AS","ACL Stuteri AB","ACL Stuteri AB","2YO Filly Trot"
"7/12/2016","Monticello","LINK||http://replays.robertsstream.com/racereplays/cust/nyss.php?play=MjAxNjA3MTIxNjIyTVJEMTI=","Seven Diamonds","Ann-Mari Daley and James Crawford IV","Brittany Farms","2YO Filly Trot"
"7/12/2016","Monticello","LINK||http://replays.robertsstream.com/racereplays/cust/nyss.php?play=MjAxNjA3MTIxNjQyTVJEMTM=","Teasin N Pleasin","Edward Reich, Thomas Corelli and Fred Corelli","Winbak Farm","2YO Filly Trot"
"7/13/2016","Buffalo","LINK||http://replays.robertsstream.com/racereplays/cust/nyss.php?play=MjAxNjA3MTMxOTUxQlVOMTA=","Yank Me Away","KJ Stables LLC","Morrisville Col Fdn Inc","2YO C&G Trot"
"7/13/2016","Buffalo","LINK||http://replays.robertsstream.com/racereplays/cust/nyss.php?play=MjAxNjA3MTMyMDI3QlVOMTI=","Security Guard","Roy Dobbins","Roy Dobbins","2YO C&G Trot"
"7/13/2016","Buffalo","LINK||http://replays.robertsstream.com/racereplays/cust/nyss.php?play=MjAxNjA3MTMxNzU0QlVONA==","Carmen's Fluke","Rene Allard","Winbak Farm","2YO C&G Trot"
"7/13/2016","Buffalo","LINK||http://replays.robertsstream.com/racereplays/cust/nyss.php?play=MjAxNjA3MTMxODEzQlVONQ==","Chili","Paymaq Rcg,Robert McCormick, George Golemes","Let It Ride Stbs Inc, J&T Silva Stbs LLC, Mentally Stable Inc","2YO C&G Trot"
"7/13/2016","Buffalo","LINK||http://replays.robertsstream.com/racereplays/cust/nyss.php?play=MjAxNjA3MTMxOTE2QlVOOA==","Southwind Cruze","Andy Miller Stb Inc, Vincent Laurenzo, Robert Laurenzo","Southwind Farm","2YO C&G Trot"
"7/14/2016","Yonkers","N/A","Chargin Cadet","Ray Schnittker,Theodore Gewertz,Joseph Faraldo, Chargin Cadet Stb","Walnut Hall Ltd","3YO C&G Trot"
"7/14/2016","Yonkers","N/A","All Night Credit","Steve Smith","Jonas Schlabach","3YO C&G Trot"
"7/14/2016","Yonkers","N/A","Boxall","Little E LLC","David Anderson","3YO C&G Trot"
"7/14/2016","Yonkers","LINK|| http://replays.robertsstream.com/racereplays/cust/nyss.php?play=MjAxNjA3MTQxOTI5WU9OMg==","The Perfect Lindy","SRF Stable","KR Breeding LLC","3YO C&G Trot"
"7/15/2016","Yonkers","N/A","Freedom Rolls","S&P Rcg Stb LLC, Luanne Case","Winbak Farm","3YO Filly Pace"
"7/15/2016","Yonkers","N/A","Wine Snob","Steve Jones, Jonathan Kurnit","Steve Jones","3YO Filly Pace"
"7/15/2016","Yonkers","N/A","Rolling Going Gone","Ross Bonafield","Ross Bonafield","3YO Filly Pace"
"7/15/2016","Yonkers","N/A","Milky Way Rae","Fortunate One LLC","Fortunate One LLC","3YO Filly Pace"
"7/17/2016","Buffalo","LINK||http://replays.robertsstream.com/racereplays/cust/nyss.php?play=MjAxNjA3MTcxMjQ4QlVOMg==","Catalina Cash","Earl Beaman, Kathy Beaman","Earl Beaman, Kathy Beaman","3YO Filly Trot"
"7/17/2016","Buffalo","LINK||http://replays.robertsstream.com/racereplays/cust/nyss.php?play=MjAxNjA3MTcxNDQ0QlVOOA==","Barn Diva","Steven Pratt, Nancy Pratt,Purple Haze Stbs LLC","Jeffery Ruch, Ted Macdonnell","3YO Filly Trot"
"7/17/2016","Buffalo","LINK||http://replays.robertsstream.com/racereplays/cust/nyss.php?play=MjAxNjA3MTcxMzA3QlVOMw==","Fruition","Ervin Miller Stb Inc, Paymaq Rcg","Robert Brooks","3YO Filly Trot"
"7/17/2016","Buffalo","LINK||http://replays.robertsstream.com/racereplays/cust/nyss.php?play=MjAxNjA3MTcxMzQ4QlVONQ==","Outsidecourt","P&J Stables","P&J Stables","3YO Filly Trot"
"7/18/2016","Yonkers","LINK||http://replays.robertsstream.com/racereplays/cust/nyss.php?play=MjAxNjA3MTgxOTA5WU9OMQ==","Megyn K","Stephen Schneider, William Siegel, Jay Lieberman and Karen Munk","Robert Newman","2YO Filly Pace"
"7/18/2016","Yonkers","LINK||http://replays.robertsstream.com/racereplays/cust/nyss.php?play=MjAxNjA3MTgxOTI4WU9OMg==","Northern Fiesta","Connie Hochstetler, South Of The Tracks Racing Inc.and James Michels","Robert Horowitz","2YO Filly Pace"
"7/18/2016","Yonkers","LINK||http://replays.robertsstream.com/racereplays/cust/nyss.php?play=MjAxNjA3MTgxOTQ5WU9OMw==","Roll Baby Roll","Ross Bonafield","Ross Bonafield","2YO Filly Pace"
"7/18/2016","Yonkers","LINK||http://replays.robertsstream.com/racereplays/cust/nyss.php?play=MjAxNjA3MTgyMDA4WU9ONA==","Get A Clue","Black Horse Racing","Hanover Shoe Farms Inc.","2YO Filly Pace"
"7/18/2016","Yonkers","N/A","All About The Pace","Triple D Stables Inc.and JFE Enterprise LLC.","Fair Winds Farm Inc.","2YO Filly Pace"
"7/18/2016","Yonkers","N/A","Pine Bush Joe","Durazzano Stable LLC.","Durazzano Stable LLC.","2YO Filly Pace"
"7/18/2016","Yonkers","N/A","Queenannes Revenge","Eric Taddeo","Winbak Farm","2YO Filly Pace"
"7/18/2016","Yonkers","N/A","Pirinea's Princess","Latz A Luck Stable","Joseph Pirinea","2YO Filly Pace"
"7/20/2016","Buffalo","LINK||http://replays.robertsstream.com/racereplays/cust/nyss.php?play=MjAxNjA3MjAxOTExQlVOOA==","Sargeant Reckless","Blue Chip Bloodstock Inc,Tracy Brainard,Howard Taylor,Charles Iannazzo","Steve Jones","2YO C&G Pace"
"7/20/2016","Buffalo","LINK||http://replays.robertsstream.com/racereplays/cust/nyss.php?play=MjAxNjA3MjAxOTQ3QlVOMTA=","Watch Me Fly","Joseph Meylan","Black Knight Stables","2YO C&G Pace"
"7/20/2016","Buffalo","LINK||http://replays.robertsstream.com/racereplays/cust/nyss.php?play=MjAxNjA3MjAxNjU5QlVOMQ==","Percy's Z Tam","Pat Lachance,Z Tam Stbs LLC,M&M Harness Rcg LLC,Royal Flush Stb LLC","Michael Parisi","2YO C&G Pace"
"7/20/2016","Buffalo","LINK||http://replays.robertsstream.com/racereplays/cust/nyss.php?play=MjAxNjA3MjAxNzU3QlVONA==","Serious Major","Emerald Highlands Farm","Emerald Highlands Farm","2YO C&G Pace"
"7/20/2016","Buffalo","LINK||http://replays.robertsstream.com/racereplays/cust/nyss.php?play=MjAxNjA3MjAxODE2QlVONQ==","Funknwaffles","Crawford Farms Racing","David McDuffee","2YO C&G Pace"
"7/21/2016","Vernon","LINK||http://replays.robertsstream.com/racereplays/cust/nyss.php?play=MjAxNjA3MjExODQ0VlJOMQ==","Security Guard","Roy Dobbins","Roy Dobbins","2YO C&G Trot"
"7/21/2016","Vernon","LINK||http://replays.robertsstream.com/racereplays/cust/nyss.php?play=MjAxNjA3MjExOTA0VlJOMg==","Fitzmagic","Michael Pozefsky, William Pozefsky and Myron Ekstein","Atlantic Trot Inc.","2YO C&G Trot"
"7/21/2016","Vernon","LINK||http://replays.robertsstream.com/racereplays/cust/nyss.php?play=MjAxNjA3MjExOTA0VlJOMg==","Stone Cold Sober","Ann-Mari Daley, James Crawford IV and Donald Brenner","George Miller","2YO C&G Trot"
"7/21/2016","Vernon","LINK||http://replays.robertsstream.com/racereplays/cust/nyss.php?play=MjAxNjA3MjExOTQ2VlJONA==","Winneress","Purple Haze Stables LLC.","Arden Homestead Stable and Dunroven Stud LLC.","2YO C&G Trot"
"7/21/2016","Vernon","LINK||http://replays.robertsstream.com/racereplays/cust/nyss.php?play=MjAxNjA3MjEyMDA2VlJONQ==","Arch Credit","Purple Haze Stables LLC. and Marc Goldberg","Stirling Brook Farms Inc.","2YO C&G Trot"
"7/21/2016","Vernon","LINK||http://replays.robertsstream.com/racereplays/cust/nyss.php?play=MjAxNjA3MjEyMDI1VlJONg==","Southwind Cruze","Andy Miller Stable Inc., Vincent Laurenzo and Robert Laurenzo","Southwind Farm","2YO C&G Trot"
"7/21/2016","Vernon","LINK||http://replays.robertsstream.com/racereplays/cust/nyss.php?play=MjAxNjA3MjEyMjA0VlJOMTA=","Odeon Blue Chip","Blue Chip Bloodstock Inc. and Tracey Brainard","Blue Chip Bloodstock Inc.","2YO C&G Trot"
"7/21/2016","Vernon","LINK||http://replays.robertsstream.com/racereplays/cust/nyss.php?play=MjAxNjA3MjEyMjI4VlJOMTE=","TT Conway","Don Atlas and Lynn Borden","Don Atlas and Donald Atlas","2YO C&G Trot"
"7/21/2016","Vernon","LINK||http://replays.robertsstream.com/racereplays/cust/nyss.php?play=MjAxNjA3MjEyMjU0VlJOMTI=","Mr Will","Connie Hochstetler and Homer Hochstetler and Robert Buddiq","Winbak Farm","2YO C&G Trot"
"7/23/2016","Saratoga","LINK||http://replays.robertsstream.com/racereplays/cust/nyss.php?play=MjAxNjA3MjMxOTQ3U1JOMw==","Fresh Cut","Bay pond Racing Stable","Winbak Farm","3YO C&G Pace"
"7/23/2016","Saratoga","LINK||http://replays.robertsstream.com/racereplays/cust/nyss.php?play=MjAxNjA3MjMyMjU1U1JOMTI=","Midnite Pass","Gary Cartier","Albert and Michelle Crawford","3YO C&G Pace"
"7/23/2016","Saratoga","LINK||http://replays.robertsstream.com/racereplays/cust/nyss.php?play=MjAxNjA3MjMyMzEyU1JOMTM=","Cobra Joe","Joseph Smith and Falcon Racing LLC.","M. Weed and Kerry Feuker-Weed","3YO C&G Pace"
"7/23/2016","Saratoga","LINK||http://replays.robertsstream.com/racereplays/cust/nyss.php?play=MjAxNjA3MjMyMzI4U1JOMTQ=","Acting Out","Mike Simons, Christopher Giaccio and Albert Abdala III","Fair Winds Farm Inc,","3YO C&G Pace"
"7/24/2016","Vernon","LINK||http://replays.robertsstream.com/racereplays/cust/nyss.php?play=MjAxNjA3MjQxODQzVlJOMQ==","Freedom Rolls","S&P Rcg Stable LLC, Luanne Case","Winbak Farm","3YO Filly Pace"
"7/24/2016","Vernon","LINK||http://replays.robertsstream.com/racereplays/cust/nyss.php?play=MjAxNjA3MjQyMzE2VlJOMTQ=","Stirling Electra","Jennifer Davis, Joyce Nowicki","William Donovan","3YO Filly Pace"
"7/24/2016","Vernon","LINK||http://replays.robertsstream.com/racereplays/cust/nyss.php?play=MjAxNjA3MjQyMjI3VlJOMTE=","Lil Pieceofheaven","Adam Victor & Son Stable LLC","AV & Son Bloodstock LLC","3YO Filly Pace"
"7/24/2016","Vernon","LINK||http://replays.robertsstream.com/racereplays/cust/nyss.php?play=MjAxNjA3MjQyMzAxVlJOMTM=","Rolling Going Gone","Ross Bonafield","Ross Bonafield","3YO Filly Pace"
"7/25/2016","Batavia","LINK||http://replays.robertsstream.com/racereplays/cust/nyss.php?play=MjAxNjA3MjUxODEzQlROMQ==","Coolcreek Princess","Ray Schnittker, Theodore Gewertz","Diane Ingham, Harry Rutherford","2YO Filly Trot"
"7/25/2016","Batavia","LINK||http://replays.robertsstream.com/racereplays/cust/nyss.php?play=MjAxNjA3MjUyMDE5QlRONw==","May River","William Miller II","William Miller II","2YO Filly Trot"
"7/25/2016","Batavia","LINK||http://replays.robertsstream.com/racereplays/cust/nyss.php?play=MjAxNjA3MjUxODM1QlROMg==","Eternal Flame AS","ACL Stuteri AB","ACL Stuteri AB","2YO Filly Trot"
"7/25/2016","Batavia","LINK||http://replays.robertsstream.com/racereplays/cust/nyss.php?play=MjAxNjA3MjUxOTE4QlRONA==","Billie Blue","George Ducharme Stb LLC, Paul Fontaine, Charles Iannazzo","Joie De Vie Farm LLC","2YO Filly Trot"
"7/25/2016","Batavia","LINK||http://replays.robertsstream.com/racereplays/cust/nyss.php?play=MjAxNjA3MjUxOTU5QlRONg==","Teasin N Pleasin","Edward Reich, Thomas Corelli, Fred Corelli","Winbak Farm","2YO Filly Trot"
"7/27/2016","Saratoga","LINK||http://replays.robertsstream.com/racereplays/cust/nyss.php?play=MjAxNjA3MjcxOTIyU1JOMg==","Megyn K","Stephen Schneider, William Siegel, Jay Lieberman and Karen Munk","Robert Newman","2YO Filly Pace"
"7/27/2016","Saratoga","LINK||http://replays.robertsstream.com/racereplays/cust/nyss.php?play=MjAxNjA3MjcxOTM5U1JOMw==","Pirinea's Princess","Latz A Luck Stable","Joseph Pirinea","2YO Filly Pace"
"7/27/2016","Saratoga","LINK||http://replays.robertsstream.com/racereplays/cust/nyss.php?play=MjAxNjA3MjcyMDMwU1JONg==","Takeyourbreathaway","Blake Macintosh, Randy Zhok and Francis Dumouchel","Ross Bonafield & Glenn Bechtel","2YO Filly Pace"
"7/27/2016","Saratoga","LINK||http://replays.robertsstream.com/racereplays/cust/nyss.php?play=MjAxNjA3MjcyMTA1U1JOOA==","Touchamatic","Joseph Davino, Patrick O'Brien, Brad Shackman & Drennan Stable LLC.","Brittany Farms","2YO Filly Pace"
"7/27/2016","Saratoga","LINK||http://replays.robertsstream.com/racereplays/cust/nyss.php?play=MjAxNjA3MjcyMTIyU1JOOQ==","Susu Heaven","Ribbonships","Ribbonships","2YO Filly Pace"
"7/27/2016","Saratoga","LINK||http://replays.robertsstream.com/racereplays/cust/nyss.php?play=MjAxNjA3MjcyMTM5U1JOMTA=","Roll Baby Roll","Ross Bonafield","Ross Bonafield","2YO Filly Pace"
"7/27/2016","Saratoga","LINK||http://replays.robertsstream.com/racereplays/cust/nyss.php?play=MjAxNjA3MjcyMjEyU1JOMTI=","Osprey Blue Chip","Stake Your Claim Stable and Enviro Stables LTD","Blue Chip Bloodstock Inc.","2YO Filly Pace"
"7/27/2016","Saratoga","LINK||http://replays.robertsstream.com/racereplays/cust/nyss.php?play=MjAxNjA3MjcyMjI4U1JOMTM=","Nikki's Delight","John Stark Jr. & Carla Dinova","John Stark Jr. & Carla Dinova","2YO Filly Pace"
"7/27/2016","Saratoga","LINK||http://replays.robertsstream.com/racereplays/cust/nyss.php?play=MjAxNjA3MjcyMjQ1U1JOMTQ=","Northern Fiesta","Connie Hochstetler, South Of The Tracks Racing Inc. and James Michels","Robert Horowitz","2YO Filly Pace"
"7/29/2016","Tioga","LINK||http://replays.robertsstream.com/racereplays/cust/nyss.php?play=MjAxNjA3MjkxODQ2VFFOMg==","Heavens Storm","Gordon Swift, Phillip Fluet Stb LLC","Gordon Swift","2YO C&G Pace"
"7/29/2016","Tioga","LINK||http://replays.robertsstream.com/racereplays/cust/nyss.php?play=MjAxNjA3MjkyMTQzVFFOMTE=","Cultural Paradise","Triple D Stables Inc","Steve Stewart, Riverview Breeding LLC","2YO C&G Pace"
"7/29/2016","Tioga","LINK||http://replays.robertsstream.com/racereplays/cust/nyss.php?play=MjAxNjA3MjkyMjE4VFFOMTM=","Drunkonaplane","Triple D Stables Inc, JFE Enterprise LLC","Crawford Farms LLC","2YO C&G Pace"
"7/29/2016","Tioga","LINK||http://replays.robertsstream.com/racereplays/cust/nyss.php?play=MjAxNjA3MjkxOTIyVFFONA==","Zampara","Anatolia Farm LLC","Anatolia Racing Stable Inc","2YO C&G Pace"
"7/29/2016","Tioga","LINK||http://replays.robertsstream.com/racereplays/cust/nyss.php?play=MjAxNjA3MjkyMDAzVFFONg==","Outrajus Blue Chip","Ron Coyne Stbs Inc, Blair Corbeil, Aaron Lambert","Blue Chip Bloodstock Inc","2YO C&G Pace"
"7/29/2016","Tioga","LINK||http://replays.robertsstream.com/racereplays/cust/nyss.php?play=MjAxNjA3MjkyMTIzVFFOMTA=","Serious Major","Emerald Highlands Farm","Emerald Highlands Farm","2YO C&G Pace"
"7/29/2016","Tioga","LINK||http://replays.robertsstream.com/racereplays/cust/nyss.php?play=MjAxNjA3MjkyMjAxVFFOMTI=","Funknwaffles","Crawford Farm Racing","David McDuffee","2YO C&G Pace"
"8/1/2016","Yonkers","N/A","Reigning Autumn","Lynn Laniewski, Gregory Laniewski","Winbak Farm","3 YO Filly Trot"
"8/1/2016","Yonkers","N/A","Plot Twist","Maurice Krohl","Roger Slobody, Alfred Ross, Raymond Campbell Jr","3 YO Filly Trot"
"8/1/2016","Yonkers","N/A","Wendy's Girl","Howard Taylor, Edwin Gold","East Creek Stable","3 YO Filly Trot"
"8/1/2016","Yonkers","N/A","Dazzling Dollars","Purple Haze Stables LLC","Morrisville Col Fdn Inc","3 YO Filly Trot"
"8/1/2016","Yonkers","LINK||http://replays.robertsstream.com/racereplays/cust/nyss.php?play=MjAxNjA4MDExOTI4WU9OMg==","Royal Surprise","Ann-Mari Daley, James Crawford, Michael White","Albert Crawford, Michelle Crawford","3 YO Filly Trot"
"8/2/2016","Saratoga","LINK||http://replays.robertsstream.com/racereplays/cust/nyss.php?play=MjAxNjA4MDIxOTM5U1JOMw==","Cresurrey","Purple Haze Stables LLC.","Jonas Schlabach","2 YO C&G Trot"
"8/2/2016","Saratoga","LINK||http://replays.robertsstream.com/racereplays/cust/nyss.php?play=MjAxNjA4MDIyMDUxU1JONw==","Arch Credit","Purple Haze Stables LLC and Marc Goldberg","Stirling Brook Farms Inc.","2 YO C&G Trot"
"8/2/2016","Saratoga","LINK||http://replays.robertsstream.com/racereplays/cust/nyss.php?play=MjAxNjA4MDIyMTA5U1JOOA==","American Cheque","Michael Keeling","Michael Keeling and Ronald Keeling","2 YO C&G Trot"
"8/2/2016","Saratoga","LINK||http://replays.robertsstream.com/racereplays/cust/nyss.php?play=MjAxNjA4MDIyMTQ1U1JOMTA=","Odeon Blue Chip","Blue Chip Bloodstock Inc. and Tracey Brainard","Blue Chip Bloodstock Inc.","2 YO C&G Trot"
"8/2/2016","Saratoga","LINK||http://replays.robertsstream.com/racereplays/cust/nyss.php?play=MjAxNjA4MDIxOTA0U1JOMQ==","Dewey's Breeze","Fox Ridge Stable","Dr. Robert Boyce, Diane Ingham and Terry Hudson","2 YO C&G Trot"
"8/2/2016","Saratoga","LINK||http://replays.robertsstream.com/racereplays/cust/nyss.php?play=MjAxNjA4MDIxOTU3U1JONA==","Stone Cold Sober","Ann-Mari Daley, James Crawford IV and Donald Brenner","George K. Miller","2 YO C&G Trot"
"8/2/2016","Saratoga","LINK||http://replays.robertsstream.com/racereplays/cust/nyss.php?play=MjAxNjA4MDIyMDE1U1JONQ==","Mind Your Manners","Cheryl Mc Givern, DMCS Stable, Seth Coen, and Hojohn & Salls Racing","Arden Homestead Stable and Frank Baldassare","2 YO C&G Trot"
"8/2/2016","Saratoga","LINK||http://replays.robertsstream.com/racereplays/cust/nyss.php?play=MjAxNjA4MDIyMTI4U1JOOQ==","Item Eyes","Michael Woodward","Michael Woodward","2 YO C&G Trot"
"8/2/2016","Saratoga","LINK||http://replays.robertsstream.com/racereplays/cust/nyss.php?play=MjAxNjA4MDIyMjIwU1JOMTI=","Deepwell","Joseph Faraldo and Peter Venaglia","Joseph Faraldo and Peter Venaglia","2 YO C&G Trot"
"8/5/2016","Tioga","LINK||http://replays.robertsstream.com/racereplays/cust/nyss.php?play=MjAxNjA4MDUxOTI0VFFONA==","Billie Blue","George Ducharme Stable LLC., Paul Fontaine and Charles Iannazzo","Joie De Vie Farm LLC","2 YO Filly Trot"
"8/5/2016","Tioga","LINK||http://replays.robertsstream.com/racereplays/cust/nyss.php?play=MjAxNjA4MDUxOTQ1VFFONQ==","Dazzlash","Purple Haze Stables LLC","Morrisville College Foundation Inc.","2 YO Filly Trot"
"8/5/2016","Tioga","LINK||http://replays.robertsstream.com/racereplays/cust/nyss.php?play=MjAxNjA4MDUyMDQ0VFFOOA==","I'm An Angel","Denise Dennis and Dolne Farm Services LLC","Denise Dennis and Dolne Farm Services LLC","2 YO Filly Trot"
"8/5/2016","Tioga","LINK||http://replays.robertsstream.com/racereplays/cust/nyss.php?play=MjAxNjA4MDUyMTI3VFFOMTA=","Seven Magic Words","Richard Gutnick","Mark Ford & Frank Dettore Horse Racing LLC","2 YO Filly Trot"
"8/5/2016","Tioga","LINK||http://replays.robertsstream.com/racereplays/cust/nyss.php?play=MjAxNjA4MDUyMTQ0VFFOMTE=","Quick Summer","Roy Dobbins","Roy Dobbins","2 YO Filly Trot"
"8/5/2016","Tioga","LINK||http://replays.robertsstream.com/racereplays/cust/nyss.php?play=MjAxNjA4MDUyMTU4VFFOMTI=","Miss Prim","Patricia Hogan","Ed Lohmeyer","2 YO Filly Trot"
"8/6/2016","Vernon","LINK||http://replays.robertsstream.com/racereplays/cust/nyss.php?play=MjAxNjA4MDYxOTU1VlJONA==","Bonita Island","Robert Gale","White Birch Farm","2 YO Filly Pace"
"8/6/2016","Vernon","LINK||http://replays.robertsstream.com/racereplays/cust/nyss.php?play=MjAxNjA4MDYyMDE2VlJONQ==","Sky Fulla Star","Charles Nash, Julie Nash & Francene Nash","Steve Stewart and Lomangino Standardbreds","2 YO Filly Pace"
"8/6/2016","Vernon","LINK||http://replays.robertsstream.com/racereplays/cust/nyss.php?play=MjAxNjA4MDYyMDM3VlJONg==","Megyn K","Stephen Schneider, William Siegel, Jay Lieberman and Karen Munk","Robert Newman","2 YO Filly Pace"
"8/6/2016","Vernon","LINK||http://replays.robertsstream.com/racereplays/cust/nyss.php?play=MjAxNjA4MDYyMDU4VlJONw==","Pleasant Roll","Andy Miller Stable Inc. & JT45","Winbak Farm","2 YO Filly Pace"
"8/6/2016","Vernon","LINK||http://replays.robertsstream.com/racereplays/cust/nyss.php?play=MjAxNjA4MDYyMTE5VlJOOA==","All About The Pace","Triple D Stables Inc. and Jfe Enterprise LLC.","Fair Winds Farm Inc.","2 YO Filly Pace"
"8/6/2016","Vernon","LINK||http://replays.robertsstream.com/racereplays/cust/nyss.php?play=MjAxNjA4MDYyMjMxVlJOMTE=","Pirinea's Princess","Latz A Luck Stable ","Joseph Pirinea","2 YO Filly Pace"
"8/6/2016","Vernon","LINK||http://replays.robertsstream.com/racereplays/cust/nyss.php?play=MjAxNjA4MDYyMjUxVlJOMTI=","Opaline Blue Chip","Ringler Stable LLC.","Blue Chip Bloodstock Inc.","2 YO Filly Pace"
"8/6/2016","Vernon","LINK||http://replays.robertsstream.com/racereplays/cust/nyss.php?play=MjAxNjA4MDYyMzA5VlJOMTM=","Delilah De Vie","Scott Woogen and Brenda Messenger","Antoinette Nigito","2 YO Filly Pace"
"8/7/2016","Batavia","LINK||http://replays.robertsstream.com/racereplays/cust/nyss.php?play=MjAxNjA4MDcxMzEyQlROMQ==","Americanation","Pine Hill Stables","George K Miller","3 YO C&G Pace"
"8/7/2016","Batavia","LINK||http://replays.robertsstream.com/racereplays/cust/nyss.php?play=MjAxNjA4MDcxMzMxQlROMg==","Dateline Hanover","Rick Phillips, Peter Venturini, Deena Frost and Mark Harder","Hanover Shoe Farms Inc.","3 YO C&G Pace"
"8/7/2016","Batavia","LINK||http://replays.robertsstream.com/racereplays/cust/nyss.php?play=MjAxNjA4MDcxMzUwQlROMw==","Fresh Cut","Bay Pond Racing Stable","Winbak Farm","3 YO C&G Pace"
"8/8/2016","Monticello","LINK||http://replays.robertsstream.com/racereplays/cust/nyss.php?play=MjAxNjA4MDgxMzA4TVJEMg==","Sir Pugsley","Mortberg Trust 10-27-98","Mortberg Trust 10-27-98","2 YO C&G Pace"
"8/8/2016","Monticello","LINK||http://replays.robertsstream.com/racereplays/cust/nyss.php?play=MjAxNjA4MDgxMzI2TVJEMw==","Project Rock","Ian Behar and Kristie Leigh Farm Inc.","Ian Behar and Kristie Leigh Farm Inc.","2 YO C&G Pace"
"8/8/2016","Monticello","LINK||http://replays.robertsstream.com/racereplays/cust/nyss.php?play=MjAxNjA4MDgxMzUyTVJENA==","KJ Owen","Scott Woogen, Brenda Messenger and Philip Shapiro","Scott Woogen, Brenda Messenger and Philip Shapiro","2 YO C&G Pace"
"8/8/2016","Monticello","LINK||http://replays.robertsstream.com/racereplays/cust/nyss.php?play=MjAxNjA4MDgxNDMyTVJENg==","Serious Major","Emerald Highland Farm","Emerald Highland Farm","2 YO C&G Pace"
"8/8/2016","Monticello","LINK||http://replays.robertsstream.com/racereplays/cust/nyss.php?play=MjAxNjA4MDgxNTUyTVJEMTA=","Cultural Paradise","Triple D Stables Inc","Steve Stewart, Riverview Breeding LLC","2 YO C&G Pace"
"8/8/2016","Monticello","LINK||http://replays.robertsstream.com/racereplays/cust/nyss.php?play=MjAxNjA4MDgxNjMwTVJEMTI=","Zampara","Anatolia Farm LLC","Anatolia Racing Stb Inc","2 YO C&G Pace"
"8/9/2016","Saratoga","LINK||http://replays.robertsstream.com/racereplays/cust/nyss.php?play=MjAxNjA4MDkxOTAyU1JOMQ==","Cupid","Marc Reynolds","Walnut Hall Stock Farm","3 YO C&G Trot"
"8/9/2016","Saratoga","LINK||http://replays.robertsstream.com/racereplays/cust/nyss.php?play=MjAxNjA4MDkxOTE5U1JOMg==","Just For Today","Patricia Stb, Joe Sbrocco, Hatfield Stbs","Valley High Stable","3 YO C&G Trot"
"8/9/2016","Saratoga","LINK||http://replays.robertsstream.com/racereplays/cust/nyss.php?play=MjAxNjA4MDkxOTM2U1JOMw==","Kaylon's Prayer","Roy Dobbins","Roy Dobbins","3 YO C&G Trot"
"8/9/2016","Saratoga","LINK||http://replays.robertsstream.com/racereplays/cust/nyss.php?play=MjAxNjA4MDkxOTUzU1JONA==","Nono Lindy","John Zegarelli, Frank Mondi, Anthony Mondi, Anthony Mondi Jr","Lindy Racing Stable","3 YO C&G Trot"
"8/9/2016","Saratoga","LINK||http://replays.robertsstream.com/racereplays/cust/nyss.php?play=MjAxNjA4MDkyMTM3U1JOMTA=","Thanks For Playin","Pine Hill Stables","Perretti Farms","3 YO C&G Trot"
"8/11/2016","Yonkers","N/A","Stirling Electra","Jennifer Davis and Joyce Nowicki","William Donovan","3 YO Filly Pace"
"8/11/2016","Yonkers","N/A","Ghost Runner","Dr. Scott Leaf, Deborah Mackenzie, Gerald Fielding and Tom Jackson","Stonegate Standardbred Farm Inc.","3 YO Filly Pace"
"8/11/2016","Yonkers","N/A","Rolling Going Gone","Ross Bonafield","Ross Bonafield","3 YO Filly Pace"
"8/12/2016","Yonkers","N/A","Southwind Ferrari","Scott Woogen","Southwind Farm","2 YO C&G Trot"
"8/12/2016","Yonkers","N/A","Finally Michaels","Philip Hale and David Dewhurst","Stirling Brook Farm Inc.","2 YO C&G Trot"
"8/12/2016","Yonkers","N/A","Mikey Likes It","Eric Taddeo and Nancy Deluca","Eric Taddeo","2 YO C&G Trot"
"8/12/2016","Yonkers","N/A","Cresurrey","Purple Haze Stables LLC","Jonas Schlabach","2 YO C&G Trot"
"8/12/2016","Yonkers","LINK||http://replays.robertsstream.com/racereplays/cust/nyss.php?play=MjAxNjA4MTIxOTQ1WU9OMg==","American Cheque","Michael Keeling","Michael Keeling and Ronald Keeling","2 YO C&G Trot"
"8/12/2016","Yonkers","LINK||http://replays.robertsstream.com/racereplays/cust/nyss.php?play=MjAxNjA4MTIyMDAyWU9OMw==","Royal Arch","Ann-Mari Daley, James Crawford and Richard Lombardo","Silver Linden Farms","2 YO C&G Trot"
"8/12/2016","Yonkers","LINK||http://replays.robertsstream.com/racereplays/cust/nyss.php?play=MjAxNjA4MTIyMDIwWU9ONA==","Rufas De Vie","Lynette Buter, Gene Oldford Farms LLC, William Fuhs and Carol Fuhs","Joie De Vie Farm LLC","2 YO C&G Trot"
"8/13/2016","Batavia","LINK||http://replays.robertsstream.com/racereplays/cust/nyss.php?play=MjAxNjA4MTMxODEyQlROMQ==","Overjoyed","Raymond Campbell Jr.","Raymond Campbell Jr.","3 YO Filly Trot"
"8/13/2016","Batavia","LINK||http://replays.robertsstream.com/racereplays/cust/nyss.php?play=MjAxNjA4MTMxODMyQlROMg==","Dame Edna","D R Ackerman","Kq Bertmarks Hinqstdepa Ab","3 YO Filly Trot"
"8/13/2016","Batavia","LINK||http://replays.robertsstream.com/racereplays/cust/nyss.php?play=MjAxNjA4MTMxOTI5QlRONQ==","Wendy's Girl","Howard Taylor & Edwin Gold","East Creek Stable","3 YO Filly Trot"
"8/13/2016","Batavia","LINK||http://replays.robertsstream.com/racereplays/cust/nyss.php?play=MjAxNjA4MTMxOTQ4QlRONg==","Dazzling Dollars","Purple Haze Stables LLC.","Morrisville College Fdn. Inc.","3 YO Filly Trot"
"8/13/2016","Batavia","LINK||http://replays.robertsstream.com/racereplays/cust/nyss.php?play=MjAxNjA4MTMyMDA3QlRONw==","Hullaba Lulu","Edmund Smith Estate, Daniel Giannuzzi, James Giannuzzi  and Carol Wink","Cary Grady","3 YO Filly Trot"
"8/14/2016","Tioga","LINK||http://replays.robertsstream.com/racereplays/cust/nyss.php?play=MjAxNjA4MTQxMzI5VFFOMQ==","Dateline Hanover","Rick Phillips, Peter Venturini, Deena Frost and Mark Harder","Hanover Shoe Farms Inc.","3 YO C&G Pace"
"8/14/2016","Tioga","LINK||http://replays.robertsstream.com/racereplays/cust/nyss.php?play=MjAxNjA4MTQxNDA2VFFOMw==","Acting Out","Mike Simons, Christopher Giaccio & albert Abdala III","Fair Winds Farm Inc.","3 YO C&G Pace"
"8/14/2016","Tioga","LINK||http://replays.robertsstream.com/racereplays/cust/nyss.php?play=MjAxNjA4MTQxNTM0VFFOOA==","Have A Parodi","Jennifer Davis and Carol Davis","Fletcher Davis and  Stephen Dey IV","3 YO C&G Pace"
"8/14/2016","Tioga","LINK||http://replays.robertsstream.com/racereplays/cust/nyss.php?play=MjAxNjA4MTQxNTUzVFFOOQ==","Americanation","Pine Hill Stables","George K. Miller","3 YO C&G Pace"
"8/14/2016","Tioga","LINK||http://replays.robertsstream.com/racereplays/cust/nyss.php?play=MjAxNjA4MTQxNjI1VFFOMTE=","Fresh Cut","Bay Pond Racing Stable","Winbak Farm","3 YO C&G Pace"
"8/15/2016","Yonkers","LINK||http://replays.robertsstream.com/racereplays/cust/nyss.php?play=MjAxNjA4MTUxOTI3WU9OMg==","Prairie Diamonds","Laurie Poulin, Michael Deters, Frederick Morosini & Fritz Racing","Laurie Poulin","2 YO Filly Trot"
"8/15/2016","Yonkers","LINK||http://replays.robertsstream.com/racereplays/cust/nyss.php?play=MjAxNjA4MTUyMDA3WU9ONA==","Seventh Heaven","Richard Balog","Richard Balog","2 YO Filly Trot"
"8/15/2016","Yonkers","N/A","I'm an Angel","Denise Dennis and Dolne Farm Services LLC","Denise Dennis and Dolne Farm Services LLC","2 YO Filly Trot"
"8/15/2016","Yonkers","N/A","Bella Lisanti","Robert Mc Nerney","Robert Mc Nerney","2 YO Filly Trot"
"8/15/2016","Yonkers","N/A","Dewable","Bruce Clarke","Douglas Ackley and Tyra Ackley","2 YO Filly Trot"
"8/15/2016","Yonkers","N/A","Billie Blue","George Ducharme, Paul Fontaine and Charles Iannazzo","Joie De Vie Farm LLC","2 YO Filly Trot"
"8/18/2016","Yonkers","N/A","Sir Pugsley","Mortberg Trust 10-27-98","Mortberg Trust 10-27-98","2 YO C&G Pace"
"8/18/2016","Yonkers","N/A","Cultural Paradise","Triple D Stables Inc","Steve Stewart, Riverview Breeding LLC","2 YO C&G Pace"
"8/18/2016","Yonkers","N/A","Sammy B Happy","David Yarock","David Yarock","2 YO C&G Pace"
"8/18/2016","Yonkers","N/A","JK Pridenjoy","3 Brothers Stables","3 Brothers Stables, Camelot Stable Inc","2 YO C&G Pace"
"8/18/2016","Yonkers","LINK||http://replays.robertsstream.com/racereplays/cust/nyss.php?play=MjAxNjA4MTgyMDA5WU9ONA==","Valrhona","Ronald Knigge, Constance Knigge","John Kuhns, Dan Kuhns","2 YO C&G Pace"
"8/18/2016","Yonkers","LINK||http://replays.robertsstream.com/racereplays/cust/nyss.php?play=MjAxNjA4MTgyMDMwWU9ONQ==","Percy's Z Tam","Pat Lachance, Z Tam Stbs LLC, M&M Harness Rcg LLC, Royal Flush Stable LLC","Michael Parisi","2 YO C&G Pace"
"8/19/2016","Saratoga","LINK||http://replays.robertsstream.com/racereplays/cust/nyss.php?play=MjAxNjA4MTkxOTA0U1JOMQ==","Financial Focus","Bonnie Woodward, Michael Woodward","Bonnie Woodward","3 YO Filly Trot"
"8/19/2016","Saratoga","LINK||http://replays.robertsstream.com/racereplays/cust/nyss.php?play=MjAxNjA4MTkxOTIzU1JOMg==","Over Joyed","Raymond Campbell Jr","Raymond Campbell Jr","3 YO Filly Trot"
"8/19/2016","Saratoga","LINK||http://replays.robertsstream.com/racereplays/cust/nyss.php?play=MjAxNjA4MTkyMDA2U1JONA==","I Will Take Credit","Erv Miller","Steve Jones","3 YO Filly Trot"
"8/19/2016","Saratoga","LINK||http://replays.robertsstream.com/racereplays/cust/nyss.php?play=MjAxNjA4MTkyMDMwU1JONQ==","New Sheriff In Town","Melby Gard Inc","Steve Jones, Fair Wind Farm Inc","3 YO Filly Trot"
"8/19/2016","Saratoga","LINK||http://replays.robertsstream.com/racereplays/cust/nyss.php?play=MjAxNjA4MTkyMTM0U1JOOA==","Wendy's Girl","Howard Taylor, Edwin Gold","East Creek Stable","3 YO Filly Trot"
"8/20/2016","Batavia","LINK||http://replays.robertsstream.com/racereplays/cust/nyss.php?play=MjAxNjA4MjAxODI0QlROMQ==","Island Adventure","Blue Chip Bloodstock Inc, Tracy Brainard, Howard Taylor, Charles Iannazzo","Winbak Farms","2 YO Filly Pace"
"8/20/2016","Batavia","LINK||http://replays.robertsstream.com/racereplays/cust/nyss.php?play=MjAxNjA4MjAyMDU5QlROOQ==","Delilah De Vie","Scott Woogen, Brenda Messenger","Antoinette Nigito","2 YO Filly Pace"
"8/20/2016","Batavia","LINK||http://replays.robertsstream.com/racereplays/cust/nyss.php?play=MjAxNjA4MjAxODQyQlROMg==","Megyn K","Stephen Schneider, William Siegel, Jay Lieberman, Karen Munk","Robert Newman","2 YO Filly Pace"
"8/20/2016","Batavia","LINK||http://replays.robertsstream.com/racereplays/cust/nyss.php?play=MjAxNjA4MjAxOTAwQlROMw==","Bullvillestephanie","Crevani Farms","Crevani Farms","2 YO Filly Pace"
"8/20/2016","Batavia","LINK||http://replays.robertsstream.com/racereplays/cust/nyss.php?play=MjAxNjA4MjAxOTU2QlRONg==","Ann Hill","Tom Hill","Tom Hill","2 YO Filly Pace"
"8/20/2016","Batavia","LINK||http://replays.robertsstream.com/racereplays/cust/nyss.php?play=MjAxNjA4MjAyMDE0QlRONw==","Pirinea's Princess","Latz A Luck Stable","Joseph Pirinea","2 YO Filly Pace"
"8/21/2016","Tioga","LINK||http://replays.robertsstream.com/racereplays/cust/nyss.php?play=MjAxNjA4MjExMzI5VFFOMQ==","Finally Michaels","Philip Hale, David Dewhurst","Stirling Brook Farms Inc","2 YO C&G Trot"
"8/21/2016","Tioga","LINK||http://replays.robertsstream.com/racereplays/cust/nyss.php?play=MjAxNjA4MjExMzQyVFFOMg==","Lord Cromwell","Carolyn Atherton","Carolyn Atherton","2 YO C&G Trot"
"8/21/2016","Tioga","LINK||http://replays.robertsstream.com/racereplays/cust/nyss.php?play=MjAxNjA4MjExNjEzVFFOMTE=","Luck Isin The Air","Gideon Stables","Steve Stewart, Ernst Gerbaulet","2 YO C&G Trot"
"8/21/2016","Tioga","LINK||http://replays.robertsstream.com/racereplays/cust/nyss.php?play=MjAxNjA4MjExNjI5VFFOMTI=","Mikey Likes It","Eric Taddeo, Nancy DeLuca","Eric Taddeo","2 YO C&G Trot"
"8/21/2016","Tioga","LINK||http://replays.robertsstream.com/racereplays/cust/nyss.php?play=MjAxNjA4MjExMzU3VFFOMw==","Barn Winner","Steven Pratt, Nancy Pratt, Out In The Country Stable","Moni Market Breeders, Jeffery Ruch","2 YO C&G Trot"
"8/21/2016","Tioga","LINK||http://replays.robertsstream.com/racereplays/cust/nyss.php?play=MjAxNjA4MjExNTU2VFFOMTA=","Eye Ofa Tiger AS","ACL Stuteri AB. Kjell Johansson","ACL Stuteri AB","2 YO C&G Trot"
"8/21/2016","Tioga","LINK||http://replays.robertsstream.com/racereplays/cust/nyss.php?play=MjAxNjA4MjExNjQ1VFFOMTM=","Arch Enemy","Denise Dennis, Dolne Farm Services LLC","Denise Dennis, Dolne Farms Services LLC","2 YO C&G Trot"
"8/21/2016","Tioga","LINK||http://replays.robertsstream.com/racereplays/cust/nyss.php?play=MjAxNjA4MjExNzAxVFFOMTQ=","Southwind Cruze","Andy Miller Stb Inc, Vincent Laurenzo, Robert Laurenzo","Southwind Farm","2 YO C&G Trot"
"8/22/2016","Monticello","LINK||http://replays.robertsstream.com/racereplays/cust/nyss.php?play=MjAxNjA4MjIxMzA2TVJEMg==","Hotoff The Skillet","Winbak Farm","Winbak Farm","3 YO C&G Trot"
"8/22/2016","Monticello","LINK||http://replays.robertsstream.com/racereplays/cust/nyss.php?play=MjAxNjA4MjIxNTM4TVJEOQ==","Thanks For Playin","Pine Hill Stables","Perretti Farms","3 YO C&G Trot"
"8/22/2016","Monticello","LINK||http://replays.robertsstream.com/racereplays/cust/nyss.php?play=MjAxNjA4MjIxMjQ4TVJEMQ==","Boxall","Little E LLC","David Anderson","3 YO C&G Trot"
"8/22/2016","Monticello","LINK||http://replays.robertsstream.com/racereplays/cust/nyss.php?play=MjAxNjA4MjIxMzUwTVJENA==","The Perfect Lindy","SRF Stable","KR Breeding LLC","3 YO C&G Trot"
"8/22/2016","Monticello","LINK||http://replays.robertsstream.com/racereplays/cust/nyss.php?play=MjAxNjA4MjIxNDA4TVJENQ==","Just For Today","Patricia Stable, Joe Sbrocco, Hatfield Stables","Valley High Stable","3 YO C&G Trot"
"8/24/2016","Saratoga","LINK||http://replays.robertsstream.com/racereplays/cust/nyss.php?play=MjAxNjA4MjQxOTI4U1JOMg==","I'm An Angel","Denise Dennis, Dolne Farm Services LLC","Denise Dennis, Dolne Farm Services LLC","2 YO Filly Trot"
"8/24/2016","Saratoga","LINK||http://replays.robertsstream.com/racereplays/cust/nyss.php?play=MjAxNjA4MjQxOTQ1U1JOMw==","Pipe Dream Express","Deborah Brunet, Patricia Crawford","Gates Brunet, Patricia Crawford","2 YO Filly Trot"
"8/24/2016","Saratoga","LINK||http://replays.robertsstream.com/racereplays/cust/nyss.php?play=MjAxNjA4MjQyMjI0U1JOMTI=","May River","William Miller II","William Miller II","2 YO Filly Trot"
"8/24/2016","Saratoga","LINK||http://replays.robertsstream.com/racereplays/cust/nyss.php?play=MjAxNjA4MjQyMDAzU1JONA==","Toosmarttocheat","Theodore Gewertz","Theodore Gewertz","2 YO Filly Trot"
"8/24/2016","Saratoga","LINK||http://replays.robertsstream.com/racereplays/cust/nyss.php?play=MjAxNjA4MjQyMTExU1JOOA==","Miss Prim","Patricia Hogan","Ed Lohmeyer","2 YO Filly Trot"
"8/24/2016","Saratoga","LINK||http://replays.robertsstream.com/racereplays/cust/nyss.php?play=MjAxNjA4MjQyMTMyU1JOOQ==","Howdy Jane","Sandra Beaulieu","Sandra Beaulieu","2 YO Filly Trot"
"8/24/2016","Saratoga","LINK||http://replays.robertsstream.com/racereplays/cust/nyss.php?play=MjAxNjA4MjQyMTQ5U1JOMTA=","Royal Oaks","Jessica Okusko, Ronald LaClair","Dunroven Stud","2 YO Filly Trot"
"8/26/2016","Vernon","LINK||http://replays.robertsstream.com/racereplays/cust/nyss.php?play=MjAxNjA4MjYxOTIxVlJOMw==","KJ Owen","Scott Woogen, Brenda Messenger, Philip Shapiro","Scott Woogen, Brenda Messenger, Philip Shapiro","2 YO C&G Pace"
"8/26/2016","Vernon","LINK||http://replays.robertsstream.com/racereplays/cust/nyss.php?play=MjAxNjA4MjYxOTQwVlJONA==","Sir Pugsley","Mortberg Trust 10-27-98 CA","Mortberg Trust 10-27-98 CA","2 YO C&G Pace"
"8/26/2016","Vernon","LINK||http://replays.robertsstream.com/racereplays/cust/nyss.php?play=MjAxNjA4MjYyMDAwVlJONQ==","Manattack","M and L of Delaware LLC","Winbak Farm","2 YO C&G Pace"
"8/26/2016","Vernon","LINK||http://replays.robertsstream.com/racereplays/cust/nyss.php?play=MjAxNjA4MjYyMDIxVlJONg==","Project Rock","Ian Behar, Kristie Leigh Farm Inc","Ian Behar, Kristie Leight Farm Inc","2 YO C&G Pace"
"8/29/2016","Monticello","LINK||http://replays.robertsstream.com/racereplays/cust/nyss.php?play=MjAxNjA4MjkxMzUxTVJENA==","Jaybeebullville","Crevani Farms","Crevani Farms","2 YO Filly Pace"
"8/29/2016","Monticello","LINK||http://replays.robertsstream.com/racereplays/cust/nyss.php?play=MjAxNjA4MjkxNDA5TVJENQ==","Bestgirlfriendever","Eric Taddeo, Rosemarie Sienicki","Eric Taddeo","2 YO Filly Pace"
"8/29/2016","Monticello","LINK||http://replays.robertsstream.com/racereplays/cust/nyss.php?play=MjAxNjA4MjkxNDI3TVJENg==","Ashlee's Spitfire","Winbak Farm","Winbak Farm","2 YO Filly Pace"
"8/29/2016","Monticello","LINK||http://replays.robertsstream.com/racereplays/cust/nyss.php?play=MjAxNjA4MjkxMzEyTVJEMg==","Yourlipstogodsears","South Street Farm, George Rath, Theresa Rath","South Street Farm, George Rath, Theresa Rath","2 YO Filly Pace"
"8/29/2016","Monticello","LINK||http://replays.robertsstream.com/racereplays/cust/nyss.php?play=MjAxNjA4MjkxNTIyTVJEOQ==","Feel The Darkside","Megan Rogers Racing Stbs Inc","Brittany Farms, Doug & Steven Monieson","2 YO Filly Pace"
"8/29/2016","Monticello","LINK||http://replays.robertsstream.com/racereplays/cust/nyss.php?play=MjAxNjA4MjkxNTM4TVJEMTA=","Oceania","Royal Wire Products Inc, United Process Control Co","Brittany Farms","2 YO Filly Pace"
"8/29/2016","Monticello","LINK||http://replays.robertsstream.com/racereplays/cust/nyss.php?play=MjAxNjA4MjkxNTU2TVJEMTE=","Bullvillestephanie","Crevani Farms","Crevani Farms","2 YO Filly Pace"
"8/31/2016","Batavia","LINK||http://replays.robertsstream.com/racereplays/cust/nyss.php?play=MjAxNjA4MzExOTMxQlRONQ==","Thanks For Playin","Pine Hill Stables","Perretti Farms","3 YO C&G Trot"
"8/31/2016","Batavia","LINK||http://replays.robertsstream.com/racereplays/cust/nyss.php?play=MjAxNjA4MzExODE0QlROMQ==","Credevie","Purple Haze Stables","Joie De Vie Farm","3 YO C&G Trot"
"8/31/2016","Batavia","LINK||http://replays.robertsstream.com/racereplays/cust/nyss.php?play=MjAxNjA4MzExODM0QlROMg==","Royal Bachelor","Ann-Mari Daley, James Crawford IV, Michael White","Kenneth Jacobs","3 YO C&G Trot"
"9/1/2016","Yonkers","N/A","Winneress","Purple Haze Stables LLC","Arden Homestead Stable, Dunroven Stud LLC","2 YO C&G Trot"
"9/1/2016","Yonkers","N/A","Mind Your Manners","Cheryl McGivern, DMCS Stable, Seth Cohen, Hojohn & Salls Rcg","Arden Homestead Stable, Frank Baldassare","2 YO C&G Trot"
"9/1/2016","Yonkers","N/A","Lord Crowmwell","Carolyn Atherton","Carolyn Atherton","2 YO C&G Trot"
"9/1/2016","Yonkers","N/A","TT Conway","Don Atlas, Lynn Borden","Don Atlas, Donald Atlas","2 YO C&G Trot"
"9/1/2016","Yonkers","LINK||http://replays.robertsstream.com/racereplays/cust/nyss.php?play=MjAxNjA5MDExOTI4WU9OMg==","Southwind Ferrari","Scott Woogen","Southwind Farm","2 YO C&G Trot"
"9/1/2016","Yonkers","LINK||http://replays.robertsstream.com/racereplays/cust/nyss.php?play=MjAxNjA5MDExOTQ4WU9OMw==","Texican","Purple Haze Stables LLC","David Hanson","2 YO C&G Trot"
"9/1/2016","Yonkers","LINK||http://replays.robertsstream.com/racereplays/cust/nyss.php?play=MjAxNjA5MDEyMDMxWU9ONQ==","Barn Winner","Steven Pratt, Nancy Pratt, Out In The Country Stable","Moni Market Breeders, Jeffery Ruch","2 YO C&G Trot"
"9/2/2016","Vernon","LINK||http://replays.robertsstream.com/racereplays/cust/nyss.php?play=MjAxNjA5MDIxODQ0VlJOMQ==","She's Smoke","Ann-Mari Daley, James Crawford IV","Noelle Duspiva","2 YO Filly Trot"
"9/2/2016","Vernon","LINK||http://replays.robertsstream.com/racereplays/cust/nyss.php?play=MjAxNjA5MDIyMjA1VlJOMTE=","Onangelwings","George Ducharme Stb LLC, Alfred Ross, Paul Fontaine","Alfred Ross, Paul Fontaine, George Ducharme","2 YO Filly Trot"
"9/2/2016","Vernon","LINK||http://replays.robertsstream.com/racereplays/cust/nyss.php?play=MjAxNjA5MDIxOTIzVlJOMw==","Teasin N Pleasin","Edward Reich, Thomas Corelli, Fred Corelli","Winbak Farm","2 YO Filly Trot"
"9/2/2016","Vernon","LINK||http://replays.robertsstream.com/racereplays/cust/nyss.php?play=MjAxNjA5MDIyMDE5VlJONg==","Billie Blue","George Ducharme Stb LLC, Paul Fontaine, Charles Iannazzo","Joie De Vie Farm LLC","2 YO Filly Trot"
"9/2/2016","Vernon","LINK||http://replays.robertsstream.com/racereplays/cust/nyss.php?play=MjAxNjA5MDIyMDQwVlJONw==","Seventh Heaven","Richard Balog","Richard Balog","2 YO Filly Trot"
"9/3/2016","Batavia","LINK||http://replays.robertsstream.com/racereplays/cust/nyss.php?play=MjAxNjA5MDMxOTMwQlRONQ==","Sammy B Happy","David Yarock","David Yarock","2 YO C&G Pace"
"9/3/2016","Batavia","LINK||http://replays.robertsstream.com/racereplays/cust/nyss.php?play=MjAxNjA5MDMxODE0QlROMQ==","Rollin About","Anthony Lombardi, D Van Witzenburg, George Golemes","Herbert Burns III, Eduardo Amezcua","2 YO C&G Pace"
"9/3/2016","Batavia","LINK||http://replays.robertsstream.com/racereplays/cust/nyss.php?play=MjAxNjA5MDMxODMzQlROMg==","Percy's Z Tam","Pat Lachance, Z Tam Stbs LLC, M&M Harness Rcg LLC, Royal Flush Stb LLC","Michael Parisi","2 YO C&G Pace"
"9/5/2016","Vernon","N/A","Have A Parodi","Jennifer Davis, Carol Davis","Fletcher Davis, Stephen Dey IV","3 YO C&G Pace"
"9/5/2016","Vernon","LINK||http://replays.robertsstream.com/racereplays/cust/nyss.php?play=MjAxNjA5MDUxMzI0VlJOMQ==","Here's The Scoop","William Fisher, Howard Taylor","Winbak Farm","3 YO C&G Pace"
"9/5/2016","Vernon","LINK||http://replays.robertsstream.com/racereplays/cust/nyss.php?play=MjAxNjA5MDUxNTExVlJONw==","Endeavor","Helene Fillion","Barbara Muschera","3 YO C&G Pace"
"9/6/2016","Monticello","LINK||http://replays.robertsstream.com/racereplays/cust/nyss.php?play=MjAxNjA5MDYxNDA4TVJENQ==","Financial Focus","Bonnie Woodward, Michael Woodward","Bonnie Woodward","3 YO Filly Trot"
"9/6/2016","Monticello","LINK||http://replays.robertsstream.com/racereplays/cust/nyss.php?play=MjAxNjA5MDYxNTI3TVJEOQ==","Over Joyed","Raymond Campbell Jr","Raymond Campbell Jr","3 YO Filly Trot"
"9/6/2016","Monticello","LINK||http://replays.robertsstream.com/racereplays/cust/nyss.php?play=MjAxNjA5MDYxMjQ5TVJEMQ==","Love Crazy Love","Crawford Farms Rcg, Theodore Gewertz, Deborah Brunet, Y Brunet","Peninsula Farm Inc","3 YO Filly Trot"
"9/6/2016","Monticello","LINK||http://replays.robertsstream.com/racereplays/cust/nyss.php?play=MjAxNjA5MDYxMzA5TVJEMg==","I Will Take Credit","Erv Miller","Steve Jones","3 YO Filly Trot"
"9/6/2016","Monticello","LINK||http://replays.robertsstream.com/racereplays/cust/nyss.php?play=MjAxNjA5MDYxNjA1TVJEMTE=","LTs Sandie","Thomas McTygue, Masie Stable LLC, John Stark Jr","Thomas McTygue","3 YO Filly Trot"
"9/8/2016","Yonkers","N/A","Jaybeebullville","Crevani Farms","Crevani Farms","2 YO Filly Pace"
"9/8/2016","Yonkers","LINK||http://replays.robertsstream.com/racereplays/cust/nyss.php?play=MjAxNjA5MDgxOTQ5WU9OMw==","Delilah De Vie","Scott Woogen","Brenda Messenger","2 YO Filly Pace"
"9/8/2016","Yonkers","N/A","Touchamatic","Joseph Davino, Patrick O'Brien, Brad Shackman, Drennan Stb LLC","Brittany Farms","2 YO Filly Pace"
"9/8/2016","Yonkers","N/A","Honest Gambler","Michael Robinson, Steve Cheatham, Richard Lombardo, RBH Ventures Inc","Frederick Hertrich III","2 YO Filly Pace"
"9/8/2016","Yonkers","LINK||http://replays.robertsstream.com/racereplays/cust/nyss.php?play=MjAxNjA5MDgxOTA5WU9OMQ==","Ann Hill","Tom Hill","Tom Hill","2 YO Filly Pace"
"9/8/2016","Yonkers","LINK||http://replays.robertsstream.com/racereplays/cust/nyss.php?play=MjAxNjA5MDgxOTI5WU9OMg==","Oceania","Royal Wire Products Inc, United Process Control Co","Brittany Farms","2 YO Filly Pace"
"9/9/2016","Yonkers","N/A","Credeive","Purple Haze Stables LLC","Joie De Vie Farm LLC","3 YO C&G Trot"
"9/9/2016","Yonkers","N/A","Nono Lindy","John Zegarelli, Frank Mondi, Anthony Mondi, Anthony Mondi Jr","Lindy Racing Stable","3 YO C&G Trot"
"9/9/2016","Yonkers","LINK||http://replays.robertsstream.com/racereplays/cust/nyss.php?play=MjAxNjA5MDkxOTMwWU9OMg==","Top Of The Line","Timot Stable Inc","Timo Nurmos","3 YO C&G Trot"
"9/10/2016","Batavia","LINK||http://replays.robertsstream.com/racereplays/cust/nyss.php?play=MjAxNjA5MTAxODE0QlROMQ==","Ghost Runner","Scott Leaf, Deborah Mackenzie, Gerald Fielding, Tom Jackson","Stonegate Standardbred Farms Inc","3 YO Filly Pace"
"9/10/2016","Batavia","LINK||http://replays.robertsstream.com/racereplays/cust/nyss.php?play=MjAxNjA5MTAxODMyQlROMg==","Rolling Going Gone","Ross Bonafield","Ross Bonafield","3 YO Filly Pace"
"9/10/2016","Batavia","LINK||http://replays.robertsstream.com/racereplays/cust/nyss.php?play=MjAxNjA5MTAxOTI2QlRONQ==","Niche Blue Chip","Elizabeth Spalluto, Dyce Spalluto, Vernonica Dylo, David Widzinski","Blue Chip Bloodstock Inc","3 YO Filly Pace"
"9/12/2016","Yonkers","N/A","Sophia Lee Brook","Lee Brook Farms","Perry Racing Stable LLC","2 YO Filly Trot"
"9/12/2016","Yonkers","N/A","Too Cool To Fool","Angela Jackson","Matthew Gartland, Beryl Taylor","2 YO Filly Trot"
"9/12/2016","Yonkers","N/A","Seven Magic Words","Richard Gutnick","Mark Ford, Frank Dettore Horse Racing LLC","2 YO Filly Trot"
"9/12/2016","Yonkers","N/A","Hotel Royale","KJ Stables LLC","Morrisville Col Fdn Inc","2 YO Filly Trot"
"9/12/2016","Yonkers","LINK||http://replays.robertsstream.com/racereplays/cust/nyss.php?play=MjAxNjA5MTIxOTI3WU9OMg==","Royal Oaks","Jessica Okusko, Ronald LaClair","Dunroven Stud LLC","2 YO Filly Trot"
"9/14/2016","Batavia","LINK||http://replays.robertsstream.com/racereplays/cust/nyss.php?play=MjAxNjA5MTQxODM0QlROMg==","The Cuse Is Loose","David Smith, John Stark Jr, Daniel Giannuzzi, James Giannuzzi","Walnut Hall Limited","2 YO C&G Trot"
"9/14/2016","Batavia","LINK||http://replays.robertsstream.com/racereplays/cust/nyss.php?play=MjAxNjA5MTQyMDA5QlRONw==","Marvelous Marvin","Dennis Beaver","Dennis Beaver","2 YO C&G Trot"
"9/14/2016","Batavia","LINK||http://replays.robertsstream.com/racereplays/cust/nyss.php?play=MjAxNjA5MTQyMDA5QlRONw==","Cash N Chrome","Michael Collins, Angus MacDonald","Erin Shantal","2 YO C&G Trot"
"9/14/2016","Batavia","LINK||http://replays.robertsstream.com/racereplays/cust/nyss.php?play=MjAxNjA5MTQxODU1QlROMw==","American Cheque","Michael Keeling","Michael Keeling, Ronald Keeling","2 YO C&G Trot"
"9/14/2016","Batavia","LINK||http://replays.robertsstream.com/racereplays/cust/nyss.php?play=MjAxNjA5MTQxOTMxQlRONQ==","Top Flight Angel","Legendary Standardbred Farm","Alan Hainsworth","2 YO C&G Trot"
"9/14/2016","Batavia","LINK||http://replays.robertsstream.com/racereplays/cust/nyss.php?play=MjAxNjA5MTQxOTUwQlRONg==","Barn Winner","Steven Pratt, Nancy Pratt, Out In The Country Stable","Moni Market Breeders, Jeffery Ruch","2 YO C&G Trot"
