"DATE","TRACK","VIDEO","HORSE","OWNER ","BREEDER ","EVENT "
"5/16/2016","Yonkers ","LINK||http://replays.robertsstream.com/racereplays/cust/nyss.php?play=MjAxNjA1MTYxOTI4WU9OMg==","Lindylicious ","Gilbert Garcia-Herrera, Barbara & Donald Arnstine ","K R Breeding LLC","3 YO Filly Trot "
"5/16/2016 ","Yonkers  ","LINK||http://replays.robertsstream.com/racereplays/cust/nyss.php?play=MjAxNjA1MTYyMDI4WU9ONQ==","Young Bride ","Robert Young, Scott & Linda Worton, Premier & Associates Farm","Robert Young, David Garrett & Premier & Associates Farm ","3 YO Filly Trot  "
"5/16/2016 ","Yonkers  ","LINK||http://replays.robertsstream.com/racereplays/cust/nyss.php?play=MjAxNjA1MTYyMDQ3WU9ONg==","Credit To Thelimit","Matthew Bencic, Peter Barbato, Samuel Bova & Jodi Schillaci ","Chris Alexander ","3 YO Filly Trot  "
"5/16/2016 ","Yonkers  ","LINK||http://replays.robertsstream.com/racereplays/cust/nyss.php?play=MjAxNjA1MTYyMTA3WU9ONw==","Non Stick","Ake Svanstedt Inc.& Little E LLC","Michael Andrew & Steve Stewart","3 YO Filly Trot  "
"5/21/2016 ","Vernon","LINK||http://replays.robertsstream.com/racereplays/cust/nyss.php?play=MjAxNjA1MjEyMDQ4VlJONg==","Smalltownthrowdown  ","Ann Marie-Daley, James Crawford IV, Donald Brenner & Richard Lombardo ","David Firmstone ","3 YO C & G Trot "
"5/21/2016 ","Vernon ","LINK||http://replays.robertsstream.com/racereplays/cust/nyss.php?play=MjAxNjA1MjEyMTI3VlJOOA==","Sir Royson ","R-And-I Farms LLC ","Martin Sternberg","3 YO C & G Trot  "
"5/23/2016 ","Monticello ","LINK||http://replays.robertsstream.com/racereplays/cust/nyss.php?play=MjAxNjA1MjMxMzQ5TVJENA==","Soft Idea","South Mountain Stables, The Bay's Stable LLC., Radio Racing Stable & Little E LLC.","Winbak Farm","3 YO Filly Pace"
"5/23/2016 ","Monticello","LINK||http://replays.robertsstream.com/racereplays/cust/nyss.php?play=MjAxNjA1MjMxNTE3TVJEOA==","American Ivy ","Joe P Racing LLC  ","Boxwood Farm ","3 YO Filly Pace "
"5/28/2016","Vernon","LINK||http://replays.robertsstream.com/racereplays/cust/nyss.php?play=MjAxNjA1MjgyMDAyVlJONQ==","Stick Of Butter","Mario Mazza","Winbak Farm ","3 YO Filly Trot  "
"5/28/2016","Vernon","LINK||http://replays.robertsstream.com/racereplays/cust/nyss.php?play=MjAxNjA1MjgyMDQyVlJONw==","Non Stick","Ake Svanstedt Inc.& Little E LLC","Michael Andrew & Steve Stewart","3 YO Filly Trot "
"5/28/2016","Vernon","LINK||http://replays.robertsstream.com/racereplays/cust/nyss.php?play=MjAxNjA1MjgyMTI0VlJOOQ==","Open Access","Fair Winds Farm Inc.","Fair Winds Farm Inc.","3 YO Filly Trot "
"5/29/2016","Tioga","LINK||http://replays.robertsstream.com/racereplays/cust/nyss.php?play=MjAxNjA1MjkyMDIzVFFONw==","Dayson","Burke Racing Stable LLC., Our Horse Cents Stables, J&T Silva Stables LLC. & Rossie Smith","Salt Hill Farm LTD","3 YO C & G Trot "
"5/29/2016","Tioga","LINK||http://replays.robertsstream.com/racereplays/cust/nyss.php?play=MjAxNjA1MjkyMTA2VFFOOQ==","Sir Royson","R-And-I Farms LLC ","Martin Sternberg","3 YO C & G Trot "
"6/3/2016","Saratoga","LINK||http://replays.robertsstream.com/racereplays/cust/nyss.php?play=MjAxNjA2MDMxOTA5U1JOMg==","Time On My Hands","Michael Robinson, Robert Mondillo,Steve Cheatham,BFJ Stable","Riverview Farms","3 YO Filly Pace"
"6/3/2016","Saratoga","LINK||http://replays.robertsstream.com/racereplays/cust/nyss.php?play=MjAxNjA2MDMxOTQxU1JONA==","No Clouds Bluechip","Richard Carney, Farrell Carney,Barbara Berger","Blue Chip Bloodstock Inc","3 YO Filly Pace"
"6/3/2016","Saratoga","LINK||http://replays.robertsstream.com/racereplays/cust/nyss.php?play=MjAxNjA2MDMyMTU1U1JOMTE=","Dime A Dance","Our Horse Cents Stbls, Blue Chip Bloodstock Inc, J&T Silva Stbls LLC","Eugene Kurzrok, Richard Taylor, Stephen Springer","3 YO Filly Pace"
"6/5/2016","Monticello","LINK||http://replays.robertsstream.com/racereplays/cust/nyss.php?play=MjAxNjA2MDYxMzA5TVJEMg==","Talk Show","Talk Show Partners","Dunroven Stud","3 YO C&G Pace"
"6/5/2016","Monticello","LINK||http://replays.robertsstream.com/racereplays/cust/nyss.php?play=MjAxNjA2MDYxNTA5TVJEOA==","Craftship","Crawford Partners LLC, J Fodera N M Frank Stable, Joe Sbrocco & Craig Henderson","Brittany Farms","3 YO C&G Pace"
"6/5/2016","Monticello","LINK||http://replays.robertsstream.com/racereplays/cust/nyss.php?play=MjAxNjA2MDYxNTQ4TVJEMTA=","Manny","M and L of Delaware LLC. and Victoria Dickinson","Lindy Racing Stable","3 YO C&G Pace"
"6/12/2016","Tioga","LINK||http://replays.robertsstream.com/racereplays/cust/nyss.php?play=MjAxNjA2MTIxNTExVFFONg==","Angels Rockn Pink","Crawford Farms LLC","Diamond Creek Farm LLC","3 YO Filly Pace"
"6/12/2016","Tioga","LINK||http://replays.robertsstream.com/racereplays/cust/nyss.php?play=MjAxNjA2MTIxNzAwVFFOMTE=","Time On My Hands","Michael Robinson,Robert Mondillo,Steve Cheatham,BFJ Stable","Riverview Farms","3 YO Filly Pace"
"6/15/2016","Buffalo","LINK||http://replays.robertsstream.com/racereplays/cust/nyss.php?play=MjAxNjA2MTUxOTEwQlVOOA==","Fine Diamond","Burke Rcg Stb,Weaver Bruscemi LLC, Lawrence Karr & The Panhellenic Stb Corp","Steve Jones, Fair Winds Farm Inc","3 YO C&G Pace"
"6/15/2016","Buffalo","LINK||http://replays.robertsstream.com/racereplays/cust/nyss.php?play=MjAxNjA2MTUxOTI5QlVOOQ==","Missile J","KJ Stables LLC and Purple Haze Stables LLC","Bluechip Bloodstock Inc, AV & Son Bloodstock LLC","3 YO C&G Pace"
"6/22/2016","Buffalo","LINK||http://replays.robertsstream.com/racereplays/cust/nyss.php?play=MjAxNjA2MjIxNzE4QlVOMg==","American Ivy","Joe P Racing LLC","Boxwood Farm","3 YO Filly Pace"
"6/22/2016","Buffalo","LINK||http://replays.robertsstream.com/racereplays/cust/nyss.php?play=MjAxNjA2MjIxNzU3QlVONA==","Mother Of Art","Burke Rcg Stb, Frank Baldachino,Lawrence Karr and The Panhellenic Stb Corp","Moni Market Breeders, Carol Thayer","3 YO Filly Pace"
"6/24/2016","Yonkers","LINK||http://replays.robertsstream.com/racereplays/cust/nyss.php?play=MjAxNjA2MjQyMTE1WU9ONw==","Roll Away Joe","Howard Taylor,Stephen Demeter and Thomas Lazzaro","Twinbrook Limited","3 YO C&G Pace"
"6/24/2016","Yonkers","LINK||http://replays.robertsstream.com/racereplays/cust/nyss.php?play=MjAxNjA2MjQyMTM2WU9OOA==","Artmagic","Purple Haze Stables LLC","Hanover Shoe Farms Inc","3 YO C&G Pace"
"6/26/2016","Buffalo","LINK||http://replays.robertsstream.com/racereplays/cust/nyss.php?play=MjAxNjA2MjYxMzIyQlVONA==","The Royal Harry","Michael Pozefsky and William Pozefsky","Michael Pozefsky, Edward Wilson","3 YO C&G Trot"
"6/26/2016","Buffalo","LINK||http://replays.robertsstream.com/racereplays/cust/nyss.php?play=MjAxNjA2MjYxNDE3QlVONw==","Smalltownthrowdown","Ann-Mari Daley,James Crawford IV,Donald Brenner and Richard Lombardo","David Firmstone","3 YO C&G Trot"
"6/29/2016","Buffalo","LINK||http://replays.robertsstream.com/racereplays/cust/nyss.php?play=MjAxNjA2MjkxNzM1QlVOMw==","Mighty Surf","Roy Dobbins","Roy Dobbins","2 YO Filly Trot"
"6/29/2016","Buffalo","LINK||http://replays.robertsstream.com/racereplays/cust/nyss.php?play=MjAxNjA2MjkxNzU1QlVONA==","Heels On Wheels","Burke Racing Stable LLC., Crawford Farms LLC, Lawrence Karr & Weaver Bruscemi LLC","Michelle And Albert Crawford","2 YO Filly Trot"
"6/29/2016","Buffalo","LINK||http://replays.robertsstream.com/racereplays/cust/nyss.php?play=MjAxNjA2MjkxODMwQlVONg==","Cherry Royal Ruby","Cherry Hill Farm and Todd Van Alstyne","Cherry Hill Farm","2 YO Filly Trot"
"6/29/2016","Buffalo","LINK||http://replays.robertsstream.com/racereplays/cust/nyss.php?play=MjAxNjA2MjkxODQ5QlVONw==","Maewegonow","Carrie Norris and Acadia Farms Inc.","Stirling Brook Farms Inc.","2 YO Filly Trot"
"6/29/2016","Buffalo","LINK||http://replays.robertsstream.com/racereplays/cust/nyss.php?play=MjAxNjA2MjkxOTA4QlVOOA==","Run For Royalty","Simo Jalava","Simo Jalava","2 YO Filly Trot"
"6/29/2016","Buffalo","LINK||http://replays.robertsstream.com/racereplays/cust/nyss.php?play=MjAxNjA2MjkxOTA4QlVOOA==","Scarey Karie","Michael Woodward","Michael Woodward","2 YO Filly Trot"
"6/30/2016","Monticello","LINK||http://replays.robertsstream.com/racereplays/cust/nyss.php?play=MjAxNjA2MzAxMzA3TVJEMg==","Such An Angel","Sam Caruso Jr. and Wanda Polisseni","Diamond Creek Farm LLC.","2 YO C&G Trot"
"6/30/2016","Monticello","LINK|| http://replays.robertsstream.com/racereplays/cust/nyss.php?play=MjAxNjA2MzAxMzQ3TVJENA==","Barn Winner","Steven Pratt, Nancy Pratt and  Out In The Country Stable","Moni Market Breeders and Jeffery Ruch","2 YO C&G Trot"
"6/30/2016","Monticello","LINK|| http://replays.robertsstream.com/racereplays/cust/nyss.php?play=MjAxNjA2MzAxNDIzTVJENg==","Zack's Zoomer","Ervin Miller Stable Inc. and Harvey Eisman","Brittany Farms","2 YO C&G Trot"
"6/30/2016","Monticello","LINK|| http://replays.robertsstream.com/racereplays/cust/nyss.php?play=MjAxNjA2MzAxNjEwTVJEMTE=","Aces And Eights","Ann-Mari Daley, James Crawford IV, Richard Lombardo and Robert Brooks","Robert Brooks","2 YO C&G Trot"
"6/30/2016","Monticello","LINK||http://replays.robertsstream.com/racereplays/cust/nyss.php?play=MjAxNjA2MzAxNjMyTVJEMTI=","Money Macintosh","Stoy Inc.","Sherri Meirs and Steve Organ","2 YO C&G Trot"
"7/6/2016","Buffalo","LINK||http://replays.robertsstream.com/racereplays/cust/nyss.php?play=MjAxNjA3MDYxNzMyQlVOMw==","Planet Rock","Kenneth Jacobs","David Firmstone","2YO Filly Pace"
"7/6/2016","Buffalo","LINK||http://replays.robertsstream.com/racereplays/cust/nyss.php?play=MjAxNjA3MDYxODI4QlVONg==","Robin J","Kenneth Jacobs","Moni Market Breeders & Carol Thayer","2YO Filly Pace"
"7/6/2016","Buffalo","LINK||http://replays.robertsstream.com/racereplays/cust/nyss.php?play=MjAxNjA3MDYxODQ2QlVONw==","She's A Billionair","Frank Chick","Winbak Farm","2YO Filly Pace"
"7/6/2016","Buffalo","LINK||http://replays.robertsstream.com/racereplays/cust/nyss.php?play=MjAxNjA3MDYxOTI0QlVOOQ==","Okidoki Blue Chip","Blue Chip Bloodstock Inc., Tracy Brainard, Howard Taylor & Charles Iannazzo","Blue Chip Bloodstock Inc.","2YO Filly Pace"
"7/8/2016","Saratoga","LINK||http://replays.robertsstream.com/racereplays/cust/nyss.php?play=MjAxNjA3MDgxOTQyU1JONA==","Miso Fast","Burke Racing Stable LLC., Our Horse Cents Stables and J&T Silva Stables LLC.","Kentuckiana Farms LLC","2YO C&G Pace"
"7/8/2016","Saratoga","LINK||http://replays.robertsstream.com/racereplays/cust/nyss.php?play=MjAxNjA3MDgyMDQ0U1JONw==","Music Is Art","Peter Blood & Rick Berks","Frederick Hertrich III","2YO C&G Pace"
"7/8/2016","Saratoga","LINK||http://replays.robertsstream.com/racereplays/cust/nyss.php?play=MjAxNjA3MDgyMTIzU1JOOQ==","Rock It Scott","Burke Racing Stable LLC., Our Horse Cents Stables and J&T Silva Stables LLC.","4 Rose Stable","2YO C&G Pace"
"7/8/2016","Saratoga","LINK||http://replays.robertsstream.com/racereplays/cust/nyss.php?play=MjAxNjA3MDgyMjA1U1JOMTE=","Pointomygranson","Gold Standard Equine LLC","Kenneth Solomon","2YO C&G Pace"
"7/10/2016","Tioga","LINK||http://replays.robertsstream.com/racereplays/cust/nyss.php?play=MjAxNjA3MTAxNDIwVFFONA==","Fad Finance","Purple Haze Stables, Marc Goldberg and Rojan Stables","Margaret Dey","3YO Filly Trot"
"7/10/2016","Tioga","LINK||http://replays.robertsstream.com/racereplays/cust/nyss.php?play=MjAxNjA3MTAxNDU1VFFONg==","Swinging Royalty","George Ducharme Stable LLC., Jim Winske, Stephen Michaels & W. Donovan","Jonas Schlabach","3YO Filly Trot"
"7/10/2016","Tioga","LINK||http://replays.robertsstream.com/racereplays/cust/nyss.php?play=MjAxNjA3MTAxNTMyVFFOOA==","Open Access","Fair Winds Farm Inc.","Fair Winds Farm Inc.","3YO Filly Trot"
"7/11/2016","Yonkers","LINK||http://replays.robertsstream.com/racereplays/cust/nyss.php?play=MjAxNjA3MTEyMDQ5WU9ONg==","Roll Away Joe","Howard Taylor, Stephen Demeter and Thomas Lazzaro","Twinbrook Limited","3YO C&G Pace"
"7/11/2016","Yonkers","LINK||http://replays.robertsstream.com/racereplays/cust/nyss.php?play=MjAxNjA3MTEyMTA5WU9ONw==","Missile J","KJ Stables LLC & Purple Haze Stables LLC","Blue Chip Bloodstock Inc. and AV & Son Bloodstock LLC","3YO C&G Pace"
"7/12/2016","Monticello","LINK||http://replays.robertsstream.com/racereplays/cust/nyss.php?play=MjAxNjA3MTIxMzA4TVJEMg==","Heels On Wheels","Burke Racing Stable LLC., Crawford Farms LLC, Lawrence Karr & Weaver Bruscemi LLC","Michelle Crawford and Albert Crawford","2YO Filly Trot"
"7/12/2016","Monticello","LINK||http://replays.robertsstream.com/racereplays/cust/nyss.php?play=MjAxNjA3MTIxMzQ2TVJENA==","Mighty Surf","Roy Dobbins","Roy Dobbins","2YO Filly Trot"
"7/12/2016","Monticello","LINK||http://replays.robertsstream.com/racereplays/cust/nyss.php?play=MjAxNjA3MTIxNDA1TVJENQ==","Scarey Karie","Michael Woodward","Michael Woodward","2YO Filly Trot"
"7/12/2016","Monticello","LINK||http://replays.robertsstream.com/racereplays/cust/nyss.php?play=MjAxNjA3MTIxNjAyTVJEMTE=","Mamora Bay","Peter Barbato","Willow Pond Asset Corp.","2YO Filly Trot"
"7/12/2016","Monticello","LINK||http://replays.robertsstream.com/racereplays/cust/nyss.php?play=MjAxNjA3MTIxNzAxTVJEMTQ=","Flyhawk Charm","Joseph Flynn & Edward Flynn","Joseph Flynn & Edward Flynn","2YO Filly Trot"
"7/13/2016","Buffalo","LINK||http://replays.robertsstream.com/racereplays/cust/nyss.php?play=MjAxNjA3MTMxNzE2QlVOMg==","Big Man Ev","Andy Miller Stb Inc, Lindy Rcg Stb, Harvey Eisman","Lindy Racing Stable","2YO C&G Trot"
"7/13/2016","Buffalo","LINK||http://replays.robertsstream.com/racereplays/cust/nyss.php?play=MjAxNjA3MTMxNzM1QlVOMw==","Devious Man","Stroy Inc","Winbak Farm","2YO C&G Trot"
"7/13/2016","Buffalo","LINK||http://replays.robertsstream.com/racereplays/cust/nyss.php?play=MjAxNjA3MTMxODM5QlVONg==","Money Macintosh","Stroy Inc","Sherri Meirs, Steve Organ","2YO C&G Trot"
"7/13/2016","Buffalo","LINK||http://replays.robertsstream.com/racereplays/cust/nyss.php?play=MjAxNjA3MTMxODU2QlVONw==","Barn Winner","Steven Pratt, Nancy Pratt, Out In The Country Stb","Moni Market Breeders, Jeffery Ruch","2YO C&G Trot"
"7/14/2016","Yonkers","LINK||http://replays.robertsstream.com/racereplays/cust/nyss.php?play=MjAxNjA3MTQyMDM0WU9ONQ==","Dayson","Burke Rcg Stb LLC,Our Horse Cents Stbs,J&T Silva Stbs LLC,Rossie Smith","Salt Hill Farm","3YO C&G Trot"
"7/14/2016","Yonkers","LINK||http://replays.robertsstream.com/racereplays/cust/nyss.php?play=MjAxNjA3MTQyMTI0WU9ONw==","Dante","Courant AB","Diamond Creek Farm LLC","3YO C&G Trot"
"7/15/2016","Yonkers","LINK||http://replays.robertsstream.com/racereplays/cust/nyss.php?play=MjAxNjA3MTUyMDUzWU9ONg==","Soft Idea","South Mountain Stables,The Bay's Stable LLC, Radio Racing Stable,Little E LLC","Winbak Farm","3YO Filly Pace"
"7/15/2016","Yonkers","LINK||http://replays.robertsstream.com/racereplays/cust/nyss.php?play=MjAxNjA3MTUyMjQxWU9OMTE=","Time On My Hands","Michael Robinson,Robert Mondillo,Steve Cheatham,BFJ Stb","Riverview Farms","3YO Filly Pace"
"7/17/2016","Buffalo","LINK||http://replays.robertsstream.com/racereplays/cust/nyss.php?play=MjAxNjA3MTcxMjI5QlVOMQ==","Straight A Student","Paul Kelley Rcg Stb,Abraham Singer,Frederick Westerman,SRF Stb","Frederick Hertrich III","3YO Filly Trot"
"7/17/2016","Buffalo","LINK||http://replays.robertsstream.com/racereplays/cust/nyss.php?play=MjAxNjA3MTcxMzI5QlVONA==","Fad Finance","Purple Haze Stbs LLC,Marc Goldberg,Rojan Stbs","Margaret Dey","3YO Filly Trot"
"7/18/2016","Yonkers","LINK||http://replays.robertsstream.com/racereplays/cust/nyss.php?play=MjAxNjA3MTgyMDMyWU9ONQ==","Planet Rock","Kenneth Jacobs","David Firmstone","2YO Filly Pace"
"7/18/2016","Yonkers","LINK||http://replays.robertsstream.com/racereplays/cust/nyss.php?play=MjAxNjA3MTgyMDQ5WU9ONg==","Robin J","Kenneth Jacobs","Moni Market Breeders & Carol Thayer","2YO Filly Pace"
"7/18/2016","Yonkers","LINK||http://replays.robertsstream.com/racereplays/cust/nyss.php?play=MjAxNjA3MTgyMTA5WU9ONw==","That's How We Roll","Ray Schnittker, Mary Kinsey and Steven Arnold","Steve Jones","2YO Filly Pace"
"7/18/2016","Yonkers","LINK||http://replays.robertsstream.com/racereplays/cust/nyss.php?play=MjAxNjA3MTgyMTUxWU9OOQ==","World Apart","South Mountain Stables,The Bay's Stable LLC.,Little E. LLC. and Radio Racing Stable","Diamond Creek Farm LLC.","2YO Filly Pace"
"7/18/2016","Yonkers","LINK||http://replays.robertsstream.com/racereplays/cust/nyss.php?play=MjAxNjA3MTgyMjM3WU9OMTE=","Roaring To Go","Frank Chick","Carter Racing Stable LLC., Martha Frank, Concord Stud Farm LLC. and John Fodera","2YO Filly Pace"
"7/20/2016","Buffalo","LINK||http://replays.robertsstream.com/racereplays/cust/nyss.php?play=MjAxNjA3MjAxNzE4QlVOMg==","Windsong Napoleon","Carl Jamieson,Thomas Kyron,Douglas Good","Charalambos Christoforou,William Loyens","2YO C&G Pace"
"7/20/2016","Buffalo","LINK||http://replays.robertsstream.com/racereplays/cust/nyss.php?play=MjAxNjA3MjAxNzM4QlVOMw==","Miso Fast","Burke Rcg Stb LLC,Our Horse Cents Stb,J&T Silva Stbs LLC","Kentuckiana Farms LLC","2YO C&G Pace"
"7/20/2016","Buffalo","LINK||http://replays.robertsstream.com/racereplays/cust/nyss.php?play=MjAxNjA3MjAxODM0QlVONg==","What's Goin On","Rick Phillips,VIP Internet Stb LLC,Deena Frost,Mark Harder","Ronald Mersky,MT Pockets Stbs","2YO C&G Pace"
"7/21/2016","Vernon","LINK||http://replays.robertsstream.com/racereplays/cust/nyss.php?play=MjAxNjA3MjEyMDQ5VlJONw==","Stick With Me Kid","Paul Fontaine, Ashley Allyn and Donna Bonno","Walnut Hall Limited and Birnam Woods Farms","2YO C&G Trot"
"7/21/2016","Vernon","LINK||http://replays.robertsstream.com/racereplays/cust/nyss.php?play=MjAxNjA3MjEyMTExVlJOOA==","Such An Angel","Sam Caruso Jr. and Purple Haze Stables LLC.","Diamond Creek Farm LLC","2YO C&G Trot"
"7/21/2016","Vernon","LINK||http://replays.robertsstream.com/racereplays/cust/nyss.php?play=MjAxNjA3MjEyMTM2VlJOOQ==","Walner","Kenneth Jacobs","Overseas Farms LTD","2YO C&G Trot"
"7/23/2016","Saratoga","LINK||http://replays.robertsstream.com/racereplays/cust/nyss.php?play=MjAxNjA3MjMxOTIyU1JOMg==","Roll Away Joe","Howard Taylor, Stephen Demeter and Thomas Lazzaro","Twinbrook Limited","3YO C&G Pace"
"7/23/2016","Saratoga","LINK||http://replays.robertsstream.com/racereplays/cust/nyss.php?play=MjAxNjA3MjMyMDMyU1JONQ==","Ideal Son","Howard Taylor","Eugene Kurzrok","3YO C&G Pace"
"7/24/2016","Vernon","LINK||http://replays.robertsstream.com/racereplays/cust/nyss.php?play=MjAxNjA3MjQyMDEzVlJONQ==","No Clouds Bluechip","Richard Carney, Farrell Carney, Barbara Berger","Blue Chip Bloodstock Inc","3YO Filly Pace"
"7/24/2016","Vernon","LINK||http://replays.robertsstream.com/racereplays/cust/nyss.php?play=MjAxNjA3MjQyMTE5VlJOOA==","Dime A Dance","Our Horse Cents Stbs, Blue Chip Bloodstock Inc, J&T Silva Stbs LLC","Eugene Kurzrok, Richard Taylor, Stephen Springer","3YO Filly Pace"
"7/25/2016","Batavia","LINK||http://replays.robertsstream.com/racereplays/cust/nyss.php?play=MjAxNjA3MjUxODU1QlROMw==","Mighty Surf","Roy Dobbins","Roy Dobbins","2 YO Filly Trot"
"7/25/2016","Batavia","LINK||http://replays.robertsstream.com/racereplays/cust/nyss.php?play=MjAxNjA3MjUxOTM4QlRONQ==","Flyhawk Charm","Joseph Flynn, Edward Flynn","Joseph Flynn, Edward Flynn","2 YO Filly Trot"
"7/25/2016","Batavia","LINK||http://replays.robertsstream.com/racereplays/cust/nyss.php?play=MjAxNjA3MjUyMDM4QlROOA==","Mamora Bay","Peter Barbato","Willow Pond Asset Corp","2 YO Filly Trot"
"7/27/2016","Saratoga","LINK||http://replays.robertsstream.com/racereplays/cust/nyss.php?play=MjAxNjA3MjcyMDEzU1JONQ==","Artrageous","Bonnie Benson, John Johannsen,Andrew Stafford and Holly Case","Bonnie Benson, John Johannsen and Holly Case","2 YO Filly Pace"
"7/27/2016","Saratoga","LINK||http://replays.robertsstream.com/racereplays/cust/nyss.php?play=MjAxNjA3MjcyMDQ3U1JONw==","Planet Rock","Kenneth Jacobs","David Firmstone","2 YO Filly Pace"
"7/27/2016","Saratoga","LINK||http://replays.robertsstream.com/racereplays/cust/nyss.php?play=MjAxNjA3MjcyMTU1U1JOMTE=","Roaring To Go","Frank Chick","Carter Racing Stable LLC., Martha Frank, Concord Stud Farm LLC and John Fodera","2 YO Filly Pace"
"7/29/2016","Tioga","LINK||http://replays.robertsstream.com/racereplays/cust/nyss.php?play=MjAxNjA3MjkyMDIxVFFONw==","Miso Fast","Burke Rcg Stb LLC, Our Horse Cents Stbs, J&T Silva Stbs LLC","Kentuckiana Farms LLC","2 YO C&G Pace"
"7/29/2016","Tioga","LINK||http://replays.robertsstream.com/racereplays/cust/nyss.php?play=MjAxNjA3MjkyMDQwVFFOOA==","Rock It Scott","Burke Rcg Stb LLC, Our Horse Cents Stbs, J&T Silva Stbs LLC","4 Rose Stable","2 YO C&G Pace"
"7/29/2016","Tioga","LINK||http://replays.robertsstream.com/racereplays/cust/nyss.php?play=MjAxNjA3MjkyMTAyVFFOOQ==","Rock The Boat","Let It Ride Stbs Inc, Dana Parham","Let It Ride Stables Inc, J&T Silva Stables LLC, Robert Cooper Stables LLC","2 YO C&G Pace"
"8/1/2016","Yonkers","LINK||http://replays.robertsstream.com/racereplays/cust/nyss.php?play=MjAxNjA4MDEyMDQ4WU9ONg==","Earn Your Wings","SRF Stable","Steve Stewart, Black Creek Farm, Andrea Lea Racing Stables Inc","3 YO Filly Trot"
"8/1/2016","Yonkers","LINK||http://replays.robertsstream.com/racereplays/cust/nyss.php?play=MjAxNjA4MDEyMTA4WU9ONw==","Fad Finance","Purple Haze Stbs LLC, Marc Goldberg, Rojan Stables","Margaret Dey","3 YO Filly Trot"
"8/2/2016","Saratoga","LINK||http://replays.robertsstream.com/racereplays/cust/nyss.php?play=MjAxNjA4MDIxOTIxU1JOMg==","Big Man Erv","Andy Miller Stable Inc., Lindy Racing Stable and Harvey Eisman","Lindy Racing Stable","2 YO C&G Trot"
"8/2/2016","Saratoga","LINK||http://replays.robertsstream.com/racereplays/cust/nyss.php?play=MjAxNjA4MDIyMDMzU1JONg==","Such An Angel","Sam Caruso Jr. & Purple Haze Stables LLC","Diamond Creek Farm LLC","2 YO C&G Trot"
"8/2/2016","Saratoga","LINK||http://replays.robertsstream.com/racereplays/cust/nyss.php?play=MjAxNjA4MDIyMjAyU1JOMTE=","Walner","Kenneth Jacobs","Overseas Farms LTD","2 YO C&G Trot"
"8/5/2016","Tioga","LINK||http://replays.robertsstream.com/racereplays/cust/nyss.php?play=MjAxNjA4MDUyMDA1VFFONg==","Barn Bella","Steven Pratt, Nancy Pratt and Purple Haze Stables LLC.","Morrisville College Foundation Inc.","2 YO Filly Trot"
"8/5/2016","Tioga","LINK||http://replays.robertsstream.com/racereplays/cust/nyss.php?play=MjAxNjA4MDUyMDI1VFFONw==","Amber Ella","Enviro Stables LTD and Camelot Stables Inc.","Millstream Inc.","2 YO Filly Trot"
"8/5/2016","Tioga","LINK||http://replays.robertsstream.com/racereplays/cust/nyss.php?play=MjAxNjA4MDUyMTA2VFFOOQ==","Mighty Surf","Roy Dobbins","Roy Dobbins","2 YO Filly Trot"
"8/6/2016","Vernon","LINK||http://replays.robertsstream.com/racereplays/cust/nyss.php?play=MjAxNjA4MDYyMTQzVlJOOQ==","Robin J","Kenneth Jacobs","Moni Market Breeders and Carol Thayer","2 YO Filly Pace"
"8/6/2016","Vernon","LINK||http://replays.robertsstream.com/racereplays/cust/nyss.php?play=MjAxNjA4MDYyMjA2VlJOMTA=","Planet Rock","Kenneth Jacobs","David Firmstone","2 YO Filly Pace"
"8/7/2016","Batavia","LINK||http://replays.robertsstream.com/racereplays/cust/nyss.php?play=MjAxNjA4MDcxNDA5QlRONA==","Roll Away Joe","Howard Taylor, Stephen Demeter and Thomas Lazzaro","Twinbrook Limited","3 YO C&G Pace"
"8/7/2016","Batavia","LINK||http://replays.robertsstream.com/racereplays/cust/nyss.php?play=MjAxNjA4MDcxNDQ3QlRONg==","Talk Show","Talk Show Partners LLC., Bradley Grant & Howard Taylor ","Dunroven Stud","3 YO C&G Pace"
"8/8/2016","Monticello","LINK||http://replays.robertsstream.com/racereplays/cust/nyss.php?play=MjAxNjA4MDgxMjQ5TVJEMQ==","Barry Hanover","John Sixt","Hanover Shoe Farm Inc.","2 YO C&G Pace"
"8/8/2016","Monticello","LINK||http://replays.robertsstream.com/racereplays/cust/nyss.php?play=MjAxNjA4MDgxNDEzTVJENQ==","Miso Fast","Burke Rcg Stb LLC, Our Horse Cents Stbs, J&T Silva Stbs LLC","Kentuckiana Farms LLC","2 YO C&G Pace"
"8/8/2016","Monticello","LINK||http://replays.robertsstream.com/racereplays/cust/nyss.php?play=MjAxNjA4MDgxNTEyTVJEOA==","Funknwaffles","Crawford Farms Racing","David McDuffee","2 YO C&G Pace"
"8/9/2016","Saratoga","LINK||http://replays.robertsstream.com/racereplays/cust/nyss.php?play=MjAxNjA4MDkyMDExU1JONQ==","Dayson","Burke Rcg Stb LLC,Our Horse Cents Stbs,J&T Silva Stbs LLC,Rossie Smith","Salt Hill Farm LTD","3 YO C&G Trot"
"8/9/2016","Saratoga","LINK||http://replays.robertsstream.com/racereplays/cust/nyss.php?play=MjAxNjA4MDkyMTIwU1JOOQ==","Smalltownthrowdown","Ann-Mari Daley,James Crawford IV,Donald Brenner and Richard Lombardo","David Firmstone","3 YO C&G Trot"
"8/11/2016","Yonkers","LINK||http://replays.robertsstream.com/racereplays/cust/nyss.php?play=MjAxNjA4MTEyMDQ4WU9ONg==","Soft Idea","South Mountain Stables,The Bay's Stable LLC, Radio Racing Stable,Little E LLC","Winbak Farm","3 YO Filly Pace"
"8/11/2016","Yonkers","LINK||http://replays.robertsstream.com/racereplays/cust/nyss.php?play=MjAxNjA4MTEyMTExWU9ONw==","Dime A Dance","Our Horse Cents Stbs, Blue Chip Bloodstock Inc, J&T Silva Stbs LLC","Eugene Kurzrok, Richard Taylor, Stephen Springer","3 YO Filly Pace"
"8/12/2016","Yonkers","LINK||http://replays.robertsstream.com/racereplays/cust/nyss.php?play=MjAxNjA4MTIyMDU0WU9ONg==","Devious Man","Stroy Inc.","Winbak Farm","2 YO C&G Trot"
"8/12/2016","Yonkers","LINK||http://replays.robertsstream.com/racereplays/cust/nyss.php?play=MjAxNjA4MTIyMTE2WU9ONw==","Such An Angel","Sam Caruso Jr. and Purple Haze Stables LLC.","Diamond Creek Farm LLC.","2 YO C&G Trot"
"8/13/2016","Batavia","LINK||http://replays.robertsstream.com/racereplays/cust/nyss.php?play=MjAxNjA4MTMxODUxQlROMw==","Non Stick","Ake Svanstedt Inc. and Little E LLC","Michael Andrew & Steve Stewart","3 YO Filly Trot"
"8/13/2016","Batavia","LINK||http://replays.robertsstream.com/racereplays/cust/nyss.php?play=MjAxNjA4MTMxOTEwQlRONA==","Goosebump Hanover","Burke Racing Stable LLC, J&T Silva, Crawford Farms LLC & Joseph Di Scala Jr. ","Hanover Shoe Farms Inc.","3 YO Filly Trot"
"8/14/2016","Tioga","LINK||http://replays.robertsstream.com/racereplays/cust/nyss.php?play=MjAxNjA4MTQxNDQwVFFONQ==","American Passport","Brittany Farms, Riverview Racing LLC, Alagna Racing LLC and Jodi Siamis","Brittany Farms","3 YO C&G Pace"
"8/14/2016","Tioga","LINK||http://replays.robertsstream.com/racereplays/cust/nyss.php?play=MjAxNjA4MTQxNDU4VFFONg==","Roll Away Joe","Howard Taylor, Stephen Demeter and Thomas Lazzaro","Twinbrook Limited","3 YO C&G Pace"
"8/15/2016","Yonkers","LINK||http://replays.robertsstream.com/racereplays/cust/nyss.php?play=MjAxNjA4MTUyMDI3WU9ONQ==","Nightflix Hanover","Ray Schnittker, Charles Iannazzo, Theodore Gewertz and Thomas Spatorico","Hanover Shoe Farm","2 YO Filly Trot"
"8/15/2016","Yonkers","LINK||http://replays.robertsstream.com/racereplays/cust/nyss.php?play=MjAxNjA4MTUyMDQ3WU9ONg==","Mamora Bay","Peter Barbato","Willow Pond Asset Corp.","2 YO Filly Trot"
"8/15/2016","Yonkers","LINK||http://replays.robertsstream.com/racereplays/cust/nyss.php?play=MjAxNjA4MTUyMTA3WU9ONw==","Barn Bella","Steven Pratt, Nancy Pratt and Purple Haze Stables LLC","Morrisville College Fdn Inc.","2 YO Filly Trot"
"8/18/2016","Yonkers","LINK||http://replays.robertsstream.com/racereplays/cust/nyss.php?play=MjAxNjA4MTgyMDU2WU9ONg==","Serious Major","Emerald Highlands Farm","Emerald Highlands Farm","2 YO C&G Pace"
"8/18/2016","Yonkers","LINK||http://replays.robertsstream.com/racereplays/cust/nyss.php?play=MjAxNjA4MTgyMTE0WU9ONw==","Funknwaffles","Crawford Farm Racing","David McDuffee","2 YO C&G Pace"
"8/19/2016","Saratoga","LINK||http://replays.robertsstream.com/racereplays/cust/nyss.php?play=MjAxNjA4MTkxOTQ0U1JOMw==","Fad Finance","Purple Haze Stbs LLC, Marc Goldberg, Rojan Stbs","Margaret Dey","3 YO Filly Trot"
"8/19/2016","Saratoga","LINK||http://replays.robertsstream.com/racereplays/cust/nyss.php?play=MjAxNjA4MTkyMDUyU1JONg==","Non Stick","Ake Svanstedt Inc, Little E LLC","Michael Andrew, Steve Stewart","3 YO Filly Trot"
"8/20/2016","Batavia","LINK||http://replays.robertsstream.com/racereplays/cust/nyss.php?play=MjAxNjA4MjAxOTIwQlRONA==","Robin J","Kenneth Jacobs","Moni Market Breeders, Carol Thayer","2 YO Filly Pace"
"8/21/2016","Tioga","LINK||http://replays.robertsstream.com/racereplays/cust/nyss.php?play=MjAxNjA4MjExNDQzVFFONg==","Money Macintosh","Stroy Inc","Sherri Meirs, Steve Organ","2 YO C&G Trot"
"8/21/2016","Tioga","LINK||http://replays.robertsstream.com/racereplays/cust/nyss.php?play=MjAxNjA4MjExNTM5VFFOOQ==","Devious Man","Stroy Inc","Winbak Farms","2 YO C&G Trot"
"8/22/2016","Monticello","LINK||http://replays.robertsstream.com/racereplays/cust/nyss.php?play=MjAxNjA4MjIxNTEzTVJEOA==","Smalltownthrowdown","Ann-Mari Daley, James Crawford IV, Donald Brenner, Richard Lombardo","David Firmstone","3 YO C&G Trot"
"8/22/2016","Monticello","LINK||http://replays.robertsstream.com/racereplays/cust/nyss.php?play=MjAxNjA4MjIxNjIxTVJEMTE=","The Royal Harry","Michael Pozefsky, William Pozefsky","Michael Pozefsky, Edward Wilson","3 YO C&G Trot"
"8/24/2016","Saratoga","LINK||http://replays.robertsstream.com/racereplays/cust/nyss.php?play=MjAxNjA4MjQxOTA0U1JOMQ==","Barn Bella","Steven Pratt, Nancy Pratt, Purple Haze Stables LLC","Morrisville Col Fdn Inc","2 YO Filly Trot"
"8/24/2016","Saratoga","LINK||http://replays.robertsstream.com/racereplays/cust/nyss.php?play=MjAxNjA4MjQyMDIxU1JONQ==","Mamora Bay","Peter Barbato","Willow Pond Asset Corp","2 YO Filly Trot"
"8/24/2016","Saratoga","LINK||http://replays.robertsstream.com/racereplays/cust/nyss.php?play=MjAxNjA4MjQyMjA2U1JOMTE=","Amber Ella","Enviro Stables LTD, Camelot Stables Inc","Millstream Inc","2 YO Filly Trot"
"8/26/2016","Vernon","LINK||http://replays.robertsstream.com/racereplays/cust/nyss.php?play=MjAxNjA4MjYyMDQzVlJONw==","Major Moe","Emerald Highlands Farm","Emerald Highlands Farm","2 YO C&G Pace"
"8/26/2016","Vernon","LINK||http://replays.robertsstream.com/racereplays/cust/nyss.php?play=MjAxNjA4MjYyMTAyVlJOOA==","Funknwaffles","Crawford Farms Racing","David McDuffee","2 YO C&G Pace"
"8/29/2016","Monticello","LINK||http://replays.robertsstream.com/racereplays/cust/nyss.php?play=MjAxNjA4MjkxMjQ4TVJEMQ==","Planet Rock","Kenneth Jacobs","David Firmstone","2 YO Filly Pace"
"8/29/2016","Monticello","LINK||http://replays.robertsstream.com/racereplays/cust/nyss.php?play=MjAxNjA4MjkxNTA0TVJEOA==","Robin J","Kenneth Jacobs","Moni Market Breeders, Carol Thayer","2 YO Filly Pace"
"8/31/2016","Batavia","LINK||http://replays.robertsstream.com/racereplays/cust/nyss.php?play=MjAxNjA4MzExODUyQlROMw==","A Jersey Contract","Tom Vassiliou, Nicholas Tallarico","Jean Goehlen","3 YO C&G Trot"
"8/31/2016","Batavia","LINK||http://replays.robertsstream.com/racereplays/cust/nyss.php?play=MjAxNjA4MzExOTEyQlRONA==","Dayson","Burke Rcg Stb LLC, Our Horse Cents Stbs, J&T Silva Stbs LLC, Rossie Smith","Salt Hill Farm","3 YO C&G Trot"
"9/1/2016","Yonkers","LINK||http://replays.robertsstream.com/racereplays/cust/nyss.php?play=MjAxNjA5MDEyMDUzWU9ONg==","Money Macintosh","Stroy Inc","Sherri Meirs, Steve Organ","2 YO C&G Trot"
"9/1/2016","Yonkers","LINK||http://replays.robertsstream.com/racereplays/cust/nyss.php?play=MjAxNjA5MDEyMTExWU9ONw==","Devious Man","Stroy Inc","Winbak Farm","2 YO C&G Trot"
"9/2/2016","Vernon","LINK||http://replays.robertsstream.com/racereplays/cust/nyss.php?play=MjAxNjA5MDIyMDAwVlJONQ==","Flyhawk Charm","Joseph Flynn, Edward Flynn","Joseph Flynn, Edward Flynn","2 YO Filly Trot"
"9/2/2016","Vernon","LINK||http://replays.robertsstream.com/racereplays/cust/nyss.php?play=MjAxNjA5MDIyMTAyVlJOOA==","Amber Ella","Enviro Stbs Ltd, Camelot Stbs Inc","Millstream Inc","2 YO Filly Trot"
"9/2/2016","Vernon","LINK||http://replays.robertsstream.com/racereplays/cust/nyss.php?play=MjAxNjA5MDIyMTI0VlJOOQ==","Barn Bella","Steven Pratt, Nancy Pratt, Purple Haze Stbs LLC","Morrisville Col Fdn Inc","2 YO Filly Trot"
"9/3/2016","Batavia","LINK||http://replays.robertsstream.com/racereplays/cust/nyss.php?play=MjAxNjA5MDMxODUyQlROMw==","Americanfirewater","Rock And Roll Stable Inc","Blue Chip Bloodstock Inc","2 YO C&G Pace"
"9/3/2016","Batavia","LINK||http://replays.robertsstream.com/racereplays/cust/nyss.php?play=MjAxNjA5MDMxOTExQlRONA==","Pointomygranson","Gold Standard Equine LLC","Kenneth Solomon","2 YO C&G Pace"
"9/5/2016","Vernon","LINK||http://replays.robertsstream.com/racereplays/cust/nyss.php?play=MjAxNjA5MDUxNDM4VlJONQ==","Fresh Cut","Bay Pond Racing Stable","Winbak Farm","3 YO C&G Pace"
"9/5/2016","Vernon","LINK||http://replays.robertsstream.com/racereplays/cust/nyss.php?play=MjAxNjA5MDUxNTMwVlJOOA==","Bottom Deals","CC Rcg LLC, Camelot Stb Inc, John Cancelliere","Winbak Farm","3 YO C&G Pace"
"9/6/2016","Monticello","LINK||http://replays.robertsstream.com/racereplays/cust/nyss.php?play=MjAxNjA5MDYxMzQ4TVJENA==","Goosebump Hanover","Burke Rcg Stb LLC, J&T Silva Stbs LLC, Crawford Farms Rcg, Joseph DiScala","Hanover Shoe Farms Inc","3 YO Filly Trot"
"9/6/2016","Monticello","LINK||http://replays.robertsstream.com/racereplays/cust/nyss.php?play=MjAxNjA5MDYxNDI4TVJENg==","Earn Your Wings","SRF Stable","Steve Stewart, Black Creek Farm, Andrea Lea Rcg Stbs Inc","3 YO Filly Trot"
"9/8/2016","Yonkers","N/A","Roaring To Go","Frank Chick","Carter Rcg Stb LLC, Martha Frank, Concord Stud Farm LLC, John Fodera","2 YO Filly Pace"
"9/8/2016","Yonkers","LINK||http://replays.robertsstream.com/racereplays/cust/nyss.php?play=MjAxNjA5MDgyMDUxWU9ONg==","Tequila Monday","Susan Oakes, Chuck Pompey","Winbak Farm","2 YO Filly Pace"
"9/9/2016","Yonkers","LINK||http://replays.robertsstream.com/racereplays/cust/nyss.php?play=MjAxNjA5MDkyMDMzWU9ONQ==","Smalltownthrowdown","Ann-Mari Daley, James Crawford IV, Donald Brenner, Richard Lombardo","David Firmstone","3 YO C&G Trot"
"9/9/2016","Yonkers","LINK||http://replays.robertsstream.com/racereplays/cust/nyss.php?play=MjAxNjA5MDkyMDU1WU9ONg==","The Royal Harry","Michael Pozefsky, William Pozefsky, ","Michael Pozefsky, Edward Wilson","3 YO C&G Trot"
"9/10/2016","Batavia","LINK||http://replays.robertsstream.com/racereplays/cust/nyss.php?play=MjAxNjA5MTAxODQ5QlROMw==","Milky Way Rae","Fortunate One LLC","Fortunate One LLC","3 YO Filly Pace"
"9/10/2016","Batavia","LINK||http://replays.robertsstream.com/racereplays/cust/nyss.php?play=MjAxNjA5MTAxOTA3QlRONA==","Wishy Washy Girl","Michael Cimaglio, Stephen Demeter","Scott Dillon, Thomas Dillon","3 YO Filly Pace"
"9/12/2016","Yonkers","LINK||http://replays.robertsstream.com/racereplays/cust/nyss.php?play=MjAxNjA5MTIyMDI4WU9ONQ==","Mamora Bay","Peter Barbato","Willow Pond Asset Corp","2 YO Filly Trot"
"9/12/2016","Yonkers","LINK||http://replays.robertsstream.com/racereplays/cust/nyss.php?play=MjAxNjA5MTIyMDQ4WU9ONg==","Amber Ella","Enviro Stables Ltd, Camelot Stables Inc","Millstream Inc","2 YO Filly Trot"
"9/12/2016","Yonkers","LINK||http://replays.robertsstream.com/racereplays/cust/nyss.php?play=MjAxNjA5MTIyMTA4WU9ONw==","Teasin N Pleasin","Edward Reich, Thomas Corelli, Fred Corelli","Winbak Farm","2 YO Filly Trot"
"9/14/2016","Batavia","LINK||http://replays.robertsstream.com/racereplays/cust/nyss.php?play=MjAxNjA5MTQxODE0QlROMQ==","Devious Man","Stroy Inc","Winbak Farm","2 YO C&G Trot"
"9/14/2016","Batavia","LINK||http://replays.robertsstream.com/racereplays/cust/nyss.php?play=MjAxNjA5MTQxOTEzQlRONA==","Zack's Zoomer","Ervin Miller Stable Inc, Harvey Eisman","Brittany Farms","2 YO C&G Trot"
"9/17/2016","Vernon","LINK||http://replays.robertsstream.com/racereplays/cust/nyss.php?play=MjAxNjA5MTcxOTU2VlJONQ==","Zette Starlet","Cozette Mcavoy","William Donovan","3 YO Filly Trot Consolation"
"9/17/2016","Vernon","LINK||http://replays.robertsstream.com/racereplays/cust/nyss.php?play=MjAxNjA5MTcyMDE1VlJONg==","Major Millie","SSG Stables","Flintlock Farm Inc","3 YO Filly Pace Consolation"
"9/17/2016","Vernon","LINK||http://replays.robertsstream.com/racereplays/cust/nyss.php?play=MjAxNjA5MTcyMTUzVlJOMTE=","JK Heaven Sent","Michi Abday, Barbara Arnstine, Donald Arnstine","3 Brothers Stables","3 YO C&G Pace Consolation"
"9/17/2016","Vernon","LINK||http://replays.robertsstream.com/racereplays/cust/nyss.php?play=MjAxNjA5MTcyMjA4VlJOMTI=","Royal Bachelor","Ann-Mari Daley, James Crawford IV, Michael White","Kenneth Jacobs","3 YO C&G Trot Consolation"
"9/29/2016","Saratoga","LINK||http://replays.robertsstream.com/racereplays/cust/nyss.php?play=MjAxNjA5MjkxNjE5U1JOMg==","Top Flight Angel","Legendary Standardbred Farm","Alan Hainsworth","2 YO C&G Trot Consolation"
"9/29/2016","Saratoga","LINK||http://replays.robertsstream.com/racereplays/cust/nyss.php?play=MjAxNjA5MjkxNzEyU1JONQ==","Teasin N Pleasin","Edward Reich, Thomas Corelli, Fred Corelli","Winbak Farm","2 YO Filly Trot Consolation"
