"PHOTO","VIDEO","NAME OF HORSE","OWNER(S)","BREEDER (S)","NYSS COUNTY FAIR FINAL"
"http://hhbnys.org/backend/Tables/uploads/cf_3cp_midnite_pass.pdf","LINK||http://replays.robertsstream.com/racereplays/cust/nyss.php?play=MjAxNjA5MDcxODE0QlROMQ=="," Midnite Pass"," Gary Cartier"," Albert Crawford, Michelle Crawford","3 Year Old Colt & Gelding Pace"
"http://hhbnys.org/backend/Tables/uploads/cf_3fp_niche-blue-chip.pdf","LINK||http://replays.robertsstream.com/racereplays/cust/nyss.php?play=MjAxNjA5MDcxOTI5QlRONQ=="," Niche Blue Chip"," Elizabeth Spalluto, Dyce Spalluto, Veronica Dylo, David Widzinski"," Blue Chip Bloodstock Inc","3 Year Old Filly Pace"
"http://hhbnys.org/backend/Tables/uploads/cf_3ct_trooper_jim.pdf","LINK||http://replays.robertsstream.com/racereplays/cust/nyss.php?play=MjAxNjA5MDcxOTExQlRONA=="," Trooper Jim"," Barry White, Heather White","Barry White","3 Year Old Colt & Gelding Trot"
"http://hhbnys.org/backend/Tables/uploads/cf_3ft_kz_crazee.pdf","LINK||http://replays.robertsstream.com/racereplays/cust/nyss.php?play=MjAxNjA5MDcyMDA1QlRONw=="," KZ Crazee"," Beth Smith"," Lindy Farms of Conn","3 Year Old Filly Trot"
"http://hhbnys.org/backend/Tables/uploads/cf_2cp_napper_tandy.pdf","LINK||http://replays.robertsstream.com/racereplays/cust/nyss.php?play=MjAxNjA5MDcxODUwQlROMw=="," Napper Tandy"," Donald Cosgrove"," Donald Cosgrove","2 Year Old Colt & Gelding Pace"
"http://hhbnys.org/backend/Tables/uploads/cf_2fp_bonita_island.pdf","LINK||http://replays.robertsstream.com/racereplays/cust/nyss.php?play=MjAxNjA5MDcxOTQ3QlRONg=="," Bonita Island"," Robert Gale"," White Birch Farm","2 Year Old Filly Pace"
"http://hhbnys.org/backend/Tables/uploads/cf_2ct_DWs_Revenge.pdf","LINK||http://replays.robertsstream.com/racereplays/cust/nyss.php?play=MjAxNjA5MDcyMDIzQlROOA=="," DW's Revenge"," Sally Cartier","  W D LaPage Stable","2 Year Old Colt & Gelding Trot"
"http://hhbnys.org/backend/Tables/uploads/cf_2ft_tocooltofool.pdf","LINK||http://replays.robertsstream.com/racereplays/cust/nyss.php?play=MjAxNjA5MDcxODMyQlROMg==","Too Cool To Fool","Angela Jackson","Matthew Gartland, Beryl Taylor","2 Year Old Filly Trot"
