"DATE","TRACK","VIDEO","NAME OF HORSE","OWNER","BREEDER","EVENT"
" 5/17"," Vernon","LINK||http://replays.robertsstream.com/racereplays/cust/nyss.php?play=MjAxNDA1MTcyMDI2VlJONg==","Glowngold
","Andy Miller Stable Inc., Blue Chip Bloodstock Inc., Highland Green Farms &Stephen W. Demeter
","Claudean T. Cone
"," 3 YO Filly Trot"
" 5/17"," Vernon","LINK||http://replays.robertsstream.com/racereplays/cust/nyss.php?play=MjAxNDA1MTcyMTEyVlJOOA==","Lady With Credit
"," White Birch Farm
"," White Birch Farm
"," 3 YO Filly Trot"
"5/23
"," Tioga
","LINK||http://replays.robertsstream.com/racereplays/cust/nyss.php?play=MjAxNDA1MjMxODQ5VFFOMw=="," Flyhawk El Durado
"," Martin Scharf
"," Kathleen Pratt & Andrea Pratt
"," 3 YO C&G Trot
"
"5/23
"," Tioga
","LINK||http://replays.robertsstream.com/racereplays/cust/nyss.php?play=MjAxNDA1MjMxOTUyVFFONg=="," Expressive Action
"," John Grasso Stable Inc."," John Grasso Stable Inc.
"," 3 YO C&G Trot
"
"5/30
"," Vernon
","LINK|| http://replays.robertsstream.com/racereplays/cust/nyss.php?play=MjAxNDA1MzAyMDQ0VlJONw=="," Precocious Beauty
"," James Avritt Sr.
"," James Avitt Sr.
"," 3 YO Filly Pace
"
"5/30
"," Vernon
","LINK||http://replays.robertsstream.com/racereplays/cust/nyss.php?play=MjAxNDA1MzAyMTA2VlJOOA=="," Bettor Chill Out
"," Joseph Meaney
"," White Birch Farm
"," 3 YO Filly Pace
"
"5/30
"," Vernon
","LINK||http://replays.robertsstream.com/racereplays/cust/nyss.php?play=MjAxNDA1MzAyMTI2VlJOOQ=="," Table Talk
"," The Wiz Kids Stable LLC
"," Big Als Stables Inc., David Smith & Mr. Dana Parham
"," 3 YO Filly Pace
"
"6/1
"," Tioga
","LINK|| http://replays.robertsstream.com/racereplays/cust/nyss.php?play=MjAxNDA2MDExNTI0VFFONg=="," Sir Sam's Z Tam"," Pat Lachance, M & M Racing LLC. & Ira Rosenblum
"," Frederick Hertrich III
"," 3 YO C&G Pace
"
"6/1
"," Tioga
","LINK|| http://replays.robertsstream.com/racereplays/cust/nyss.php?play=MjAxNDA2MDExNjA4VFFOOA=="," El Bloombito
"," Stake Your Claim Stable, Camelot Stable Inc. & Fred Wallace
"," Fairwinds Farm Inc.
"," 3 YO C&G Pace
"
"6/1
"," Tioga
","LINK|| http://replays.robertsstream.com/racereplays/cust/nyss.php?play=MjAxNDA2MDExNzIwVFFOMTE=","Twin B Speedo
"," Martin Scharf & Glenn Ellis
"," Twinbrook Limited
"," 3 YO C&G Pace
"
" 6/6","Monticello","LINK||http://replays.robertsstream.com/racereplays/cust/nyss.php?play=MjAxNDA2MDYyMjIyTVJEMg==","  Just Add Vodka
"," Blue Chip Bloodstock Inc., Stephen Demeter, Herbert Burns III & Nahuel Agosti
"," Blood Chip Bloodstock Inc., Herbert Burns III & Stephen Demeter
"," 3 YO Filly Pace
"
" 6/6
"," Monticello
","LINK||http://replays.robertsstream.com/racereplays/cust/nyss.php?play=MjAxNDA2MDYyMjIyTVJEMw=="," Spreester
"," Kimberley Zabielski
"," Kimberley Zabielski
"," 3 YO Filly Pace
"
" 6/6
"," Monticello
","LINK|| http://replays.robertsstream.com/racereplays/cust/nyss.php?play=MjAxNDA2MDYyMjIyTVJENw==","  Carlota Blue Chip
"," Purple Haze Stables LLC
"," Blue Chip Bloodstock Inc.
"," 3 YO Filly Pace
"
" 6/6
"," Monticello
","LINK|| http://replays.robertsstream.com/racereplays/cust/nyss.php?play=MjAxNDA2MDYyMjIyTVJEOA=="," It Was Fascination
"," Riverview Racing LLC., Alagna Racing LLC. & The Bay's Stable LLC.
"," Steve Stewart & Michael Sofer
"," 3 YO Filly Pace
"
"6/8"," Vernon","LINK|| http://replays.robertsstream.com/racereplays/cust/nyss.php?play=MjAxNDA2MDgyMDAwVlJONQ=="," Jeneral Patton"," Kenneth Jacobs"," Steve Stewart & Birch Hollow Farms","  3 YO C&G Pace "
" 6/8"," Vernon","LINK||http://replays.robertsstream.com/racereplays/cust/nyss.php?play=MjAxNDA2MDgyMDQzVlJONw=="," El Bloombito"," Stake your Claim Stable, Camelot Stable Inc. & Fred Wallace"," Fair Winds Farm Inc","   3 YO C&G Pace"
" 6/8"," Vernon","LINK||http://replays.robertsstream.com/racereplays/cust/nyss.php?play=MjAxNDA2MDgyMTAxVlJOOA=="," All Bets Off"," Burke Racing Stable LLC., Frank Baldachino, The Panhellenic Stb Corp. & Rosemary Shelswell"," Robert Tucker & Greg Tucker"," 3 YO C&G Pace"
" 6/15"," Buffalo","LINK||http://replays.robertsstream.com/racereplays/cust/nyss.php?play=MjAxNDA2MTUxMzU5QlVONA=="," Glowngold"," Andy Miller Stable Inc., Blue Chip Bloodstock Inc., Highland Green Farms & Stephen Demeter"," Claudean Cone"," 3 YO Filly Trot"
" 6/15"," Buffalo","LINK||http://replays.robertsstream.com/racereplays/cust/nyss.php?play=MjAxNDA2MTUxNTA5QlVOOA=="," Market Rally"," Burke Racing Stable LLC., Our Horse Cents Stables, Weaver Bruscemi LLC. & The Panhellenic Stable Corp."," Winbak Farm"," 3 YO Filly Trot"
" 6/18"," Buffalo","LINK||http://replays.robertsstream.com/racereplays/cust/nyss.php?play=MjAxNDA2MTgxNzE2QlVOMg==","Blush Hanover"," Stake Your Claim Stable,Seth Coen, George Derocker"," Hanover Shoe Farm Inc","  3 YO Filly Pace "
" 6/18"," Buffalo","LINK||http://replays.robertsstream.com/racereplays/cust/nyss.php?play=MjAxNDA2MTgxODExQlVONQ=="," Sweetnsinful"," Connie Hochstetler,Homer Hochstetler, James Michels"," AC Crawford Futures Ltd"," 3 YO Filly Pace"
" 6/19"," Yonkers","LINK||http://replays.robertsstream.com/racereplays/cust/nyss.php?play=MjAxNDA2MTkyMDEyWU9ONA=="," Jeneral Patton"," Kenneth Jacobs"," Steve Stewart & Birch Hollow Farms","  3 YO C&G Pace "
" 6/19"," Yonkers","LINK||http://replays.robertsstream.com/racereplays/cust/nyss.php?play=MjAxNDA2MTkyMjQyWU9OMTE="," Ideal Cowboy"," Bamond Racing LLC and J&T Silva Stables LLC"," Mac T Nichol"," 3 YO C&G Pace "
" 6/19"," Yonkers","LINK||http://replays.robertsstream.com/racereplays/cust/nyss.php?play=MjAxNDA2MTkxOTA2WU9OMQ=="," Western Conquest"," Tanah Merah Farms LLC"," Tanah Merah Farms LLC"," 3 YO C&G Pace "
" 6/20"," Saratoga","LINK||http://replays.robertsstream.com/racereplays/cust/nyss.php?play=MjAxNDA2MjAxOTI0U1JOMw=="," Gural Hanover"," Burke Racing Stable LLC, Weaver Bruscemi LLC, Little E LLC & The Panhellenic Stable Corp."," Hanover Shoe Farms Inc"," 3 YO C&G Trot"
" 6/20"," Saratoga","LINK||http://replays.robertsstream.com/racereplays/cust/nyss.php?play=MjAxNDA2MjAyMDA0U1JONQ=="," Cash Me Out"," Traylor Racing LLC"," Lawrence Smith"," 3 YO C&G Trot"
" 6/20"," Saratoga","LINK||http://replays.robertsstream.com/racereplays/cust/nyss.php?play=MjAxNDA2MjAyMjA3U1JOMTE="," Lukas Hall"," Wayne Chrebet & Little E LLC","  Little E LLC "," 3 YO C&G Trot"
" 6/23"," Tioga","LINK||http://replays.robertsstream.com/racereplays/cust/nyss.php?play=MjAxNDA2MjMyMDAyVFFONw=="," Avalicious"," Michelle Crawford, Albert Crawford & Patricia Crawford"," Winbak Farm"," 3 YO Filly Trot"
" 6/23"," Tioga","LINK||http://replays.robertsstream.com/racereplays/cust/nyss.php?play=MjAxNDA2MjMyMDQ1VFFOOQ=="," Market Rally"," Burke Racing Stable LLC, Our horse Cents Stable, Weaver Bruscemi LLC & The Panhellanic Stable Corp."," Winbak Farm","  3 YO Filly Trot "
" 6/26"," Vernon","LINK||http://replays.robertsstream.com/racereplays/cust/nyss.php?play=MjAxNDA2MjYxOTU3VlJONQ=="," Frou Frou"," Leigh Raymer,James A Crawford IV, Crawford Partners LLC"," Norval Pratt, Kathleen Pratt"," 2 YO Filly Trot"
" 6/26"," Vernon","LINK||http://replays.robertsstream.com/racereplays/cust/nyss.php?play=MjAxNDA2MjYyMDM2VlJONw=="," Concentration"," Raymond WJ Campbell Jr","Stirling Brook Farms Inc "," 2 YO Filly Trot"
" 6/26"," Vernon","LINK||http://replays.robertsstream.com/racereplays/cust/nyss.php?play=MjAxNDA2MjYyMTE1VlJOOQ=="," Zanna Blu"," Crawford Partners LLC, James A Crawford IV"," Stein Racing Stable Inc"," 2 YO Filly Trot"
" 6/26"," Vernon","LINK||http://replays.robertsstream.com/racereplays/cust/nyss.php?play=MjAxNDA2MjYyMTU1VlJOMTE="," Hot Start"," Green Acquisition Corp","Perretti Farms "," 2 YO Filly Trot"
" 6/28"," Tioga","LINK||http://replays.robertsstream.com/racereplays/cust/nyss.php?play=MjAxNDA2MjgxOTE0VFFONA=="," Table Talk"," The Wiz Kids Stable LLC"," Big Als Stables Inc., David S Smith, Dana Parham"," 3 YO Filly Pace"
" 6/28"," Tioga","LINK||http://replays.robertsstream.com/racereplays/cust/nyss.php?play=MjAxNDA2MjgyMDEzVFFONw=="," Medusa"," WJ Donovan","White Birch Farm "," 3 YO Filly Pace"
" 6/28"," Tioga","LINK||http://replays.robertsstream.com/racereplays/cust/nyss.php?play=MjAxNDA2MjgyMDU1VFFOOQ=="," Blush Hanover"," Stake Your Claim Stable, Seth Cohen, George Derocker"," Hanover Shoe Farms Inc","  3 YO Filly Pace "
" 6/29","Buffalo","LINK||http://replays.robertsstream.com/racereplays/cust/nyss.php?play=MjAxNDA2MjkxMzIxQlVOMg=="," Cash Me Out"," Traylor Racing LLC"," Lawrence S Smith"," 3 YO C&G Trot"
" 6/29"," Buffalo","LINK||http://replays.robertsstream.com/racereplays/cust/nyss.php?play=MjAxNDA2MjkxNDE3QlVONQ=="," Gural Hanover","  Burke Racing Stable LLC, Weaver Bruscemi LLC, Little E LLC, The Panhellenic Stb Corp. "," Hanover Shoe Farms Inc","  3 YO C&G Trot"
" 7/2"," Buffalo","LINK||http://replays.robertsstream.com/racereplays/cust/nyss.php?play=MjAxNDA3MDIxNzM4QlVOMw=="," Cartoon Daddy"," Burke Racing Stable LLC. & Joseph Di Scala Jr."," Robert Newman"," 2 YO C&G Pace"
" 7/2"," Buffalo","LINK||http://replays.robertsstream.com/racereplays/cust/nyss.php?play=MjAxNDA3MDIxNzU5QlVONA=="," Mikado Blue Chip"," Mark Ford"," Blue Chip Bloodstock Inc"," 2 YO C&G Pace"
" 7/2"," Buffalo","LINK||http://replays.robertsstream.com/racereplays/cust/nyss.php?play=MjAxNDA3MDIxODU1QlVONw=="," Aimo Hanover"," Doug Ackerman Stables Inc."," Jamie Paquet & In Front Racing"," 2 YO C&G Pace"
" 7/4"," Monticello","LINK||http://replays.robertsstream.com/racereplays/cust/nyss.php?play=MjAxNDA3MDQyMjIyTVJEMg=="," She's Heavenly"," Robert Horowitz"," Robert Horowitz"," 2 YO Filly Pace"
" 7/4"," Monticello","LINK||http://replays.robertsstream.com/racereplays/cust/nyss.php?play=MjAxNDA3MDQyMjIyTVJENg=="," Band Of Angels"," William Donovan","  Steve Stewart & Birch Hollow Farms "," 2 YO Filly Pace"
" 7/4"," Monticello","LINK||http://replays.robertsstream.com/racereplays/cust/nyss.php?play=MjAxNDA3MDQyMjIyTVJENw=="," Bettor N Better"," Our Horse Cents Stables & Blue Chip Bloodstock Inc."," 4 Rose Stable"," 2 YO Filly Pace"
" 7/4"," Monticello","LINK||http://replays.robertsstream.com/racereplays/cust/nyss.php?play=MjAxNDA3MDQyMjIyTVJEMTA="," Sassa Hanover"," Burke Racing Stable LLC., The Panhellenic Stable Corp., Weaver Bruscemi LLC. & Lawrence Karr"," Hanover Shoe Farms Inc"," 2 YO Filly Pace"
" 7/9","Buffalo","LINK||http://replays.robertsstream.com/racereplays/cust/nyss.php?play=MjAxNDA3MDkxNzE2QlVOMg=="," Stoneham"," Overseas Farm Ltd"," Perretti Farms","  2 YO C&G Trot "
" 7/9"," Buffalo","LINK||http://replays.robertsstream.com/racereplays/cust/nyss.php?play=MjAxNDA3MDkxNzM0QlVOMw=="," Royal Deceptor"," Charles Foster, Michael Sentiwany Jr., Michael J. James"," Jesmeral Stable","  2 YO C&G Trot "
" 7/9"," Buffalo","LINK||http://replays.robertsstream.com/racereplays/cust/nyss.php?play=MjAxNDA3MDkxODAwQlVONQ=="," Gabe The Bear Dean"," Raymond Schnittker, Minx Stable"," Hanover Shoe Farms Inc","  2 YO C&G Trot "
"7/9","Buffalo","LINK||http://replays.robertsstream.com/racereplays/cust/nyss.php?play=MjAxNDA3MDkxODUwQlVONw==","Pier Ho Exotic","John Paul Cummings Jr","Jean Pierre Houle, Pascale Houle"," 2 YO C&G Trot "
"7/11"," Tioga ","LINK||http://replays.robertsstream.com/racereplays/cust/nyss.php?play=MjAxNDA3MTExOTMwVFFONQ==","Nunkeri","Millstream Inc., Nunkeri Stable","Steve Jones, Neal Goldman","2 YO Filly Trot"
"7/11"," Tioga ","LINK||http://replays.robertsstream.com/racereplays/cust/nyss.php?play=MjAxNDA3MTExOTU1VFFONg==","Barn Doll","Steven Pratt, Nancy Pratt, Purple Haze Stables LLC","Little E LLC","2 YO Filly Trot"
"7/11"," Tioga ","LINK||http://replays.robertsstream.com/racereplays/cust/nyss.php?play=MjAxNDA3MTEyMDMxVFFOOA==","Betcha","Ann-Mari Daley, James A Crawford IV, Michael F White","David R Firmstone","2 YO Filly Trot"
"7/11"," Tioga ","LINK||http://replays.robertsstream.com/racereplays/cust/nyss.php?play=MjAxNDA3MTEyMDUzVFFOOQ==","My Twisted Sister","Paul Kelley, Theodore Gewertz","Steve Jones","2 YO Filly Trot"
"7/12","Saratoga","LINK||http://replays.robertsstream.com/racereplays/cust/nyss.php?play=MjAxNDA3MTIxOTAyU1JOMg==","K-Rock","Eugene Kurzrok","Eugene Kurzrok","2 YO C&G Pace"
"7/12","Saratoga","LINK||http://replays.robertsstream.com/racereplays/cust/nyss.php?play=MjAxNDA3MTIxOTIzU1JOMw==","Rockntouch","Fred Monteleone Stbl LLC","Knox Services Inc","2 YO C&G Pace"
"7/12","Saratoga","LINK||http://replays.robertsstream.com/racereplays/cust/nyss.php?play=MjAxNDA3MTIxOTQxU1JONA==","Oneisalonelynumber","West Wins Stable, Adriano Sorella","Robert Brady, Rebecca Brady, Kenneth Jackson, Lisa Jackson","2 YO C&G Pace"
"7/12","Saratoga","LINK||http://replays.robertsstream.com/racereplays/cust/nyss.php?play=MjAxNDA3MTIyMDEyU1JONQ==","Aimo Hanover","Doug Ackerman Stables Inc","Jamie Paquet, In Front Racing","2 YO C&G Pace"
"7/12","Saratoga","LINK||http://replays.robertsstream.com/racereplays/cust/nyss.php?play=MjAxNDA3MTIyMDMyU1JONg==","Freedomformysoul","Freedomformysoul Stable","Bulletproof Enterprises","2 YO C&G Pace"
"7/13","Buffalo","LINK||http://replays.robertsstream.com/racereplays/cust/nyss.php?play=MjAxNDA3MTMxMzIxQlVOMg==","Our Hot Majorette","Millar Farms","Michael Bennett Wilt","2 YO Filly Pace"
"7/13","Buffalo","LINK||http://replays.robertsstream.com/racereplays/cust/nyss.php?play=MjAxNDA3MTMxMzU2QlVONA==","Bin N Heaven","Frank J Bellino","Newman Racing Stable","2 YO Filly Pace"
"7/13","Buffalo","LINK||http://replays.robertsstream.com/racereplays/cust/nyss.php?play=MjAxNDA3MTMxNDMwQlVONg==","Bossers Joy","Francis Azur","Kentuckiana Farms Gen Par","2 YO Filly Pace"
"7/14","Yonkers","LINK||http://replays.robertsstream.com/racereplays/cust/nyss.php?play=MjAxNDA3MTQyMDI5WU9ONQ==","Market Rally","Burke Racing Stb LLC, Our Horse Cents Stbs, Weaver Bruscemi LLC. and The Panhellenic Stb Corp","Winbak Farms","3 YO Filly Trot"
"7/14","Yonkers","LINK||http://replays.robertsstream.com/racereplays/cust/nyss.php?play=MjAxNDA3MTQyMDQ5WU9ONg==","L Dees Scripture","Lawrence Dumain, Carlo Lattinelli"," Brittany Farms ","3 YO Filly Trot"
"7/15","Monticello","LINK||http://replays.robertsstream.com/racereplays/cust/nyss.php?play=MjAxNDA3MTUyMjIyTVJEOA==","Gural Hanover","Burke Racing Stable Inc., Weaver Bruscemi LLC., Little E LLC. & The Panhellenic Stable Corp.","Hanover Shoe Farms Inc","3 YO C&G Trot"
"7/15","Monticello","LINK||http://replays.robertsstream.com/racereplays/cust/nyss.php?play=MjAxNDA3MTUyMjIyTVJEMTI=","Zoey De Vie","Jesse De Long & John De Long","Joie De Vie Farm LLC","3 YO C&G Trot"
"7/17","Yonkers","LINK||http://replays.robertsstream.com/racereplays/cust/nyss.php?play=MjAxNDA3MTcxOTA3WU9OMQ==","Twin B Tenacious","West Wins Stable","Twin Brook Limited","3 YO C&G Pace"
"7/17","Yonkers","LINK||http://replays.robertsstream.com/racereplays/cust/nyss.php?play=MjAxNDA3MTcyMDEwWU9ONA==","Capital Account","Brittany Farms","Brittany Farms","3 YO C&G Pace"
"7/17","Yonkers","LINK||http://replays.robertsstream.com/racereplays/cust/nyss.php?play=MjAxNDA3MTcyMTU1WU9OOQ==","Forty Five Red","Burke Racing Stable LLC., Our Horse Cents Stables","Kentuckiana Farms General Partners","3 YO C&G Pace"
"7/18","Tioga","LINK||http://replays.robertsstream.com/racereplays/cust/nyss.php?play=MjAxNDA3MTgxODU2VFFOMw==","Royal Lad","Helping Hands Stables","Silver Lindon Farms","2 YO C&G Trot"
"7/18","Tioga","LINK||http://replays.robertsstream.com/racereplays/cust/nyss.php?play=MjAxNDA3MTgxOTE3VFFONA==","Royal Deceptor","Charles Foster, Michael Sentiwany Jr. & Michael James","Jesmeral Stable","2 YO C&G Trot"
"7/18","Tioga","LINK||http://replays.robertsstream.com/racereplays/cust/nyss.php?play=MjAxNDA3MTgyMDAwVFFONg==","Mambo Blue Chip","Mal & Janet Burroughs LLC.","Perretti Farms","2 YO C&G Trot"
"7/18","Tioga","LINK||http://replays.robertsstream.com/racereplays/cust/nyss.php?play=MjAxNDA3MTgyMDIyVFFONw==","Wings Of Royalty","Raymond Campbell Jr","Raymond Campbell Jr","2 YO C&G Trot"
"7/19","Saratoga","LINK||http://replays.robertsstream.com/racereplays/cust/nyss.php?play=MjAxNDA3MTkxOTIxU1JOMg==","Ken Doll J","Kenneth Jacobs","Estate Of George F. Hempt Trust","3 YO Filly Pace"
"7/19","Saratoga","LINK||http://replays.robertsstream.com/racereplays/cust/nyss.php?play=MjAxNDA3MTkxOTQzU1JOMw==","Major Dancer","West Wins Stable, Mac Nichol & Adriano Sorella","Frederick Hertrich III","3 YO Filly Pace"
"7/19","Saratoga","LINK||http://replays.robertsstream.com/racereplays/cust/nyss.php?play=MjAxNDA3MTkyMDA2U1JONA==","Spreester","Kimberley Zabielski","Kimberley Zabielski","3 YO Filly Pace"
"7/20","Buffalo","LINK||http://replays.robertsstream.com/racereplays/cust/nyss.php?play=MjAxNDA3MjAxMzAzQlVOMQ==","Cherry Crown Jewel","Margaret Waterbury, Todd Van Alstyne, Ann-Mari Daley & James Crawford IV","Cherry Hill Farm","2 YO Filly Trot"
"7/20","Buffalo","LINK||http://replays.robertsstream.com/racereplays/cust/nyss.php?play=MjAxNDA3MjAxMzQwQlVOMw==","Betcha","Ann-Mari Daley, James Crawford IV & Michael White","David Firmstone","2 YO Filly Trot"
"7/20","Buffalo","LINK||http://replays.robertsstream.com/racereplays/cust/nyss.php?play=MjAxNDA3MjAxNDM5QlVONg==","Barn Doll","Steven Pratt, Nancy Pratt & Purple Haze Stables LLC","Little E LLC","2 YO Filly Trot"
"7/20","Buffalo","LINK||http://replays.robertsstream.com/racereplays/cust/nyss.php?play=MjAxNDA3MjAxNTAwQlVONw==","Miss B'ville J","KJ Stables LLC","Morrisville College Foundation Inc.","2 YO Filly Trot"
"7/21","Monticello","LINK||http://replays.robertsstream.com/racereplays/cust/nyss.php?play=MjAxNDA3MjExMjQ3TVJEMQ==","Freedomformysoul","Freedomforoursoul Stable","Bulletproof Enterprises","2 YO C&G Pace"
"7/21","Monticello","LINK||http://replays.robertsstream.com/racereplays/cust/nyss.php?play=MjAxNDA3MjExMzQ2TVJENA==","Twin B Stingray","J&T Silva Stables LLC. & C&G Racing Stable","Twinbrook Limited","2 YO C&G Pace"
"7/21","Monticello","LINK||http://replays.robertsstream.com/racereplays/cust/nyss.php?play=MjAxNDA3MjExNTEwTVJEOA==","Southwind Masimo","Hudson Standardbred Stable Inc. & Conrad Leber","Southwind Farm","2 YO C&G Pace"
"7/21","Monticello","LINK||http://replays.robertsstream.com/racereplays/cust/nyss.php?play=MjAxNDA3MjExNTUzTVJEMTA=","Americanprimetime","Rock And Roll Stable Inc.","Rock And Roll Stable Inc.","2 YO C&G Pace"
"7/21","Monticello","LINK||http://replays.robertsstream.com/racereplays/cust/nyss.php?play=MjAxNDA3MjExNjMwTVJEMTI=","My Spirit Soars","David Van Wart","Creative Racing Stable Co","2 YO C&G Pace"
"7/22","Yonkers","LINK||http://replays.robertsstream.com/racereplays/cust/nyss.php?play=MjAxNDA3MjIxOTI4WU9OMg==","Sassa Hanover","Burke Racing Stable LLC., The Panhellenic Stable Corp., Weaver Bruscemi LLC. & Lawrence Karr","Hanover Shoe Farm  Inc","2 YO Filly Pace"
"7/22","Yonkers","LINK||http://replays.robertsstream.com/racereplays/cust/nyss.php?play=MjAxNDA3MjIyMDA5WU9ONA==","Bettor B Steppin","Val D' Or Farm, Rojan Stables & Theodore Gewertz","Fredrick Hertrich III","2 YO Filly Pace"
"7/22","Yonkers","LINK||http://replays.robertsstream.com/racereplays/cust/nyss.php?play=MjAxNDA3MjIyMDI5WU9ONQ==","Band Of Angels","W. Donovan","Steve Stewart & Birch Hollow Farm","2 YO Filly Pace"
"7/22","Yonkers","LINK||http://replays.robertsstream.com/racereplays/cust/nyss.php?play=MjAxNDA3MjIyMDU0WU9ONg==","Bettor N Better","Our Horse Cents Stables & Blue Chip Bloodstock Inc","4 Rose Stable","2 YO Filly Pace"
"7/23","Saratoga","LINK||http://replays.robertsstream.com/racereplays/cust/nyss.php?play=MjAxNDA3MjMyMDU5U1JONw==","Market Rally","Burke Racing Stb LLC, Our Horse Cents Stbs, Weaver Bruscemi LLC, and The Panhellenic Stb Corp","Winbak Farm","3 YO Filly Trot"
"7/23","Saratoga","LINK||http://replays.robertsstream.com/racereplays/cust/nyss.php?play=MjAxNDA3MjMyMTM2U1JOOQ==","Driving Miss Crazy","Theodore Gewertz, Y Brunet & Deborah Brunet","Bloodstock Farm & Stables","3 YO Filly Trot"
"7/24","Yonkers","LINK||http://replays.robertsstream.com/racereplays/cust/nyss.php?play=MjAxNDA3MjQxOTI4WU9OMg==","Flyhawk El Durado","Martin Scharf","Kathleen Pratt & Andrea Pratt","3 YO C&G Trot"
"7/24","Yonkers","LINK||http://replays.robertsstream.com/racereplays/cust/nyss.php?play=MjAxNDA3MjQyMDI5WU9ONQ==","Gural Hanover","Burke Racing Stable Inc., Weaver Bruscemi LLC., Little E LLC. & The Panhellenic Stable Corp.","Hanover Shoe Farms Inc","3 YO C&G Trot"
"7/25","Yonkers","LINK||http://replays.robertsstream.com/racereplays/cust/nyss.php?play=MjAxNDA3MjUxOTI4WU9OMg==","Gabe The Bear Dean","Raymond Schnittker & Minix Stb","Hanover Shoe Farms Inc","2 YO C&G Trot"
"7/25","Yonkers","LINK||http://replays.robertsstream.com/racereplays/cust/nyss.php?play=MjAxNDA3MjUyMDEwWU9ONA==","Mambo Blue Chip","Mal & Janet Burroughs LLC ","Peretti Farms","2 YO C&G Trot"
"7/25","Yonkers","LINK||http://replays.robertsstream.com/racereplays/cust/nyss.php?play=MjAxNDA3MjUyMDMxWU9ONQ==","Andy Ray","Paymaq Racing, Ronald Michelon, Harvey Eisman","Lindy Racing Stable","2 YO C&G Trot"
"7/25","Yonkers","LINK||http://replays.robertsstream.com/racereplays/cust/nyss.php?play=MjAxNDA3MjUyMTE0WU9ONw==","Buen Camino","Purple Haze Stables LLC","Ernest Martinez II & WCB Rcg Stb","2 YO C&G Trot"
"7/27","Batavia","LINK||http://replays.robertsstream.com/racereplays/cust/nyss.php?play=MjAxNDA3MjcxMzEyQlROMQ==","All Bets Off","Burke Rcg Stb LLC, Frank Baldachino, The Panhellenic Stb Corp, Rosemary Shelswell","Robert Tucker & Greg Tucker","3 YO C&G Pace"
"7/27","Batavia","LINK||http://replays.robertsstream.com/racereplays/cust/nyss.php?play=MjAxNDA3MjcxMzMwQlROMg==","Moliere Hanover","Bamond Racing LLC","Hanover Shoe Farms Inc","3 YO C&G Pace"
"7/27","Batavia","LINK||http://replays.robertsstream.com/racereplays/cust/nyss.php?play=MjAxNDA3MjcxNDA2QlRONA==","Big Boy Dreams","Dominick Rosato","Blue Chip Bloodstock Inc","3 YO C&G Pace"
"7/28","Yonkers","LINK||http://replays.robertsstream.com/racereplays/cust/nyss.php?play=MjAxNDA3MjgyMDU1WU9ONg==","Delightful Dragon","Adam Victor & Son Stble LLC","Adam Victor & Son Stble LLC","3 YO Filly Pace"
"7/28","Yonkers","LINK||http://replays.robertsstream.com/racereplays/cust/nyss.php?play=MjAxNDA3MjgyMTE1WU9ONw==","It Was Fascination","Riverview Racing LLC, Alagna Racing LLC, The Bay's Stable LLC","Riverview Farms, Steve H Stewart, Michael Sofer","3 YO Filly Pace"
"7/28","Yonkers","LINK||http://replays.robertsstream.com/racereplays/cust/nyss.php?play=MjAxNDA3MjgyMTM1WU9OOA==","Medusa","WJ Donovan","White Birch Farm","3 YO Filly Pace"
"7/29","Yonkers","LINK||http://replays.robertsstream.com/racereplays/cust/nyss.php?play=MjAxNDA3MjkxOTI4WU9OMg==","Pig Hunt","Jennifer Connor & Janice Connor","Raymond Schnittker, Stephen Demeter, Herbert Burns III","2 YO Filly Trot"
"7/29","Yonkers","LINK||http://replays.robertsstream.com/racereplays/cust/nyss.php?play=MjAxNDA3MjkxOTQ5WU9OMw==","Shaqline","Brixton Medical AB","Steve Jones & Fair Winds Farm Inc","2 YO Filly Trot"
"7/29","Yonkers","LINK||http://replays.robertsstream.com/racereplays/cust/nyss.php?play=MjAxNDA3MjkyMDI5WU9ONQ==","Summer Scent","Ann-Mari Daley & JLRL LLC","Winbak Farms","2 YO Filly Trot"
"7/29","Yonkers","LINK||http://replays.robertsstream.com/racereplays/cust/nyss.php?play=MjAxNDA3MjkyMTE0WU9ONw==","Barn Doll","Steven Pratt, Nancy Pratt, Purple Haze Stables LLC","Little E LLC","2 YO Filly Trot"
"7/29","Yonkers","LINK||http://replays.robertsstream.com/racereplays/cust/nyss.php?play=MjAxNDA3MjkyMTM4WU9OOA==","Stirling Debutant","Rick Zeron Stbls, Cool Cat Rcng, Inc., James Walker","WJ Donovan","2 YO Filly Trot"
"7/30","Saratoga","LINK||http://replays.robertsstream.com/racereplays/cust/nyss.php?play=MjAxNDA3MzAyMDAzU1JONA==","Sassa Hasnover","Burke Racing Stable LLC., The Panhellenic Stable Corp., Weaver Bruscemi LLC. & Lawrence Karr","Hanover Shoe Farms Inc","2 YO Filly Pace"
"7/30","Saratoga","LINK||http://replays.robertsstream.com/racereplays/cust/nyss.php?play=MjAxNDA3MzAyMDIzU1JONQ==","Bettor N Better","Our Horse Cents Stables & Blue Chip Bloodstock Inc","4 Rose Stable","2 YO Filly Pace"
"7/30","Saratoga","LINK||http://replays.robertsstream.com/racereplays/cust/nyss.php?play=MjAxNDA3MzAyMTE1U1JOOA==","Band Of Angels","W. Donovan","Steve Stewart & Birch Hollow Farms","2 YO Filly Pace"
"7/31","Yonkers","LINK||http://replays.robertsstream.com/racereplays/cust/nyss.php?play=MjAxNDA3MzEyMDQ5WU9ONg==","Southwind Masimo","Hudson Standardbred Stable Inc. & Conrad Leber","Southwind Farm","2 YO C&G Pace"
"7/31","Yonkers","LINK||http://replays.robertsstream.com/racereplays/cust/nyss.php?play=MjAxNDA3MzEyMTE0WU9ONw==","Bet You","Christina Takter, John Fielding, Joyce Mc Clelland & Jim Fielding","Hanover Shoe Farms Inc","2 YO C&G Pace"
"7/31","Yonkers","LINK||http://replays.robertsstream.com/racereplays/cust/nyss.php?play=MjAxNDA3MzEyMTM5WU9OOA==","Cartoon Daddy","Burke Racing Stable LLC. & Joseph Di Scala Jr","Robert Newman","2 YO C&G Pace"
"7/31","Yonkers","LINK||http://replays.robertsstream.com/racereplays/cust/nyss.php?play=MjAxNDA3MzEyMjAwWU9OOQ==","Americanprimetime","Rock And Roll Stable Inc.","Rock And Roll Stable Inc.","2 YO C&G Pace"
"7/31","Yonkers","LINK||http://replays.robertsstream.com/racereplays/cust/nyss.php?play=MjAxNDA3MzEyMjIzWU9OMTA=","Azorean Art","Christina Takter, Brixton Medical Ab, Hatfield Stables & Lothlorien","Louie Camara","2 YO C&G Pace"
"8/1","Batavia","LINK||http://replays.robertsstream.com/racereplays/cust/nyss.php?play=MjAxNDA4MDExODMyQlROMQ==","Flyhawk El Durado","Martin Scharf","Kathleen Pratt & Andrea Prat","3 YO C&G Trot"
"8/1","Batavia","LINK||http://replays.robertsstream.com/racereplays/cust/nyss.php?play=MjAxNDA4MDEyMDI0QlRONw==","Gural Hanover","Burke Rcg Stb LLC, Weaver Bruscemi LLC, Little E LLC, The Panhellenic Stb Corp","Hanover Shoe Farms Inc","3 YO C&G Trot"
"8/2","Vernon","LINK||http://replays.robertsstream.com/racereplays/cust/nyss.php?play=MjAxNDA4MDIyMDE5VlJONg==","Insomniac","Paul Kelley & William Weaver III","Bloodstock Farm & Stables","2 YO C&G Trot"
"8/2","Vernon","LINK||http://replays.robertsstream.com/racereplays/cust/nyss.php?play=MjAxNDA4MDIyMDU4VlJOOA==","Wings Of Royalty","Raymond WJ Campbell Jr","Raymond WJ Campbell Jr","2 YO C&G Trot"
"8/2","Vernon","LINK||http://replays.robertsstream.com/racereplays/cust/nyss.php?play=MjAxNDA4MDIyMTIwVlJOOQ==","Crazy Wow","Joseph Hess","Peter Pan Stables Inc","2 YO C&G Trot"
"8/4","Yonkers","LINK||http://replays.robertsstream.com/racereplays/cust/nyss.php?play=MjAxNDA4MDQxOTI4WU9OMg==","Cutup Hanover","Golden Gate Stable","Hanover Shoe Farms Inc","3 YO Filly Trot"
"8/4","Yonkers","LINK||http://replays.robertsstream.com/racereplays/cust/nyss.php?play=MjAxNDA4MDQyMTEyWU9ONw==","Market Rally","Burke Racing Stb LLC, Our Horse Cents Stbs, Weaver Bruscemi LLC, and The Panhellenic Stb Corp","Winbak Farm","3 YO Filly Trot"
"8/6","Saratoga","LINK||http://replays.robertsstream.com/racereplays/cust/nyss.php?play=MjAxNDA4MDYxOTQwU1JOMw==","Pig Hunt","Jennifer Connor & Janice Connor","Ray Schnittker, Stephen Demeter & Herbert Burns III","2 YO Filly Trot"
"8/6","Saratoga","LINK||http://replays.robertsstream.com/racereplays/cust/nyss.php?play=MjAxNDA4MDYyMDE2U1JONQ==","Dancewithme Chuck","Leonard Buckner","Leonard Buckner","2 YO Filly Trot"
"8/6","Saratoga","LINK|| http://replays.robertsstream.com/racereplays/cust/nyss.php?play=MjAxNDA4MDYyMDU0U1JONw==","Counsellor AS","ACL Stuteri Ab","ACL Stuteri Ab","2 YO Filly Trot"
"8/6","Saratoga","LINK||http://replays.robertsstream.com/racereplays/cust/nyss.php?play=MjAxNDA4MDYyMTMwU1JOOQ==","Miss B'Ville J","KJ Stables LLC","Morrisville College Foundation Inc.","2 YO Filly Trot"
"8/6","Saratoga","LINK||http://replays.robertsstream.com/racereplays/cust/nyss.php?play=MjAxNDA4MDYyMjA2U1JOMTE=","Concentration","Raymond Campbell Jr","Stirling Brook Farms Inc.	","2 YO Filly Trot"
"8/7","Vernon","LINK||http://replays.robertsstream.com/racereplays/cust/nyss.php?play=MjAxNDA4MDcxOTMxVlJOMw==","Band Of Angels","W. Donovan","Steve Stewart & Birch Hollow Farms","2 YO Filly Pace"
"8/7","Vernon","LINK||http://replays.robertsstream.com/racereplays/cust/nyss.php?play=MjAxNDA4MDcyMDI5VlJONg==","My Little Delight","Adam Victor & Son Stable LLC.","AV & Son Bloodstock LLC","2 YO Filly Pace"
"8/7","Vernon","LINK||http://replays.robertsstream.com/racereplays/cust/nyss.php?play=MjAxNDA4MDcyMTQ2VlJOMTA=","Sassa Hanover","Burke Racing Stable LLC., The Panhellenic Stable Corp., Weaver Bruscemi LLC. & Lawrence Karr","Hanover Shoe Farms Inc","2 YO Filly Pace"
"8/10","Tioga","LINK||http://replays.robertsstream.com/racereplays/cust/nyss.php?play=MjAxNDA4MTAxNDIxVFFONA==","The Spy","Mac Nichol","Mac Nichol","2 YO C&G Pace
"
"8/10","Tioga","LINK||http://replays.robertsstream.com/racereplays/cust/nyss.php?play=MjAxNDA4MTAxNTAxVFFONg==","Lone Survivor","Shannon Depinto, Nicholas Depinto, Howard Taylor & Kovach Stables LLC.","Perretti Racing Stable LLC","2 YO C&G Pace
"
"8/10","Tioga","LINK||http://replays.robertsstream.com/racereplays/cust/nyss.php?play=MjAxNDA4MTAxNTUxVFFOOA==","Americanprimetime","Rock And Roll Stable Inc","Rock And Roll Stable Inc","2 YO C&G Pace
"
"8/10","Tioga","LINK||http://replays.robertsstream.com/racereplays/cust/nyss.php?play=MjAxNDA4MTAxNjM0VFFOMTA=","Southwind Masimo","Hudson Standardbred Stable Inc. & Conrad Leber","Southwind Farm","2 YO C&G Pace
"
"8/11","Monticello","LINK||http://replays.robertsstream.com/racereplays/cust/nyss.php?play=MjAxNDA4MTExMjQ3TVJEMQ==","Sugarmakesmecrazy","Melby Gard Inc","Valley High Stable","2 YO C&G Trot
"
"8/11","Monticello","LINK||http://replays.robertsstream.com/racereplays/cust/nyss.php?play=MjAxNDA4MTExNDE0TVJENQ==","Gabe The Bear Dean","Ray Schnittker & Minix Stable","Hanover Shoe Farms Inc","2 YO C&G Trot
"
"8/11","Monticello","LINK||http://replays.robertsstream.com/racereplays/cust/nyss.php?play=MjAxNDA4MTExNTEwTVJEOA==","Mambo Blue Chip","Mal & Janet Burroughs LLC","Perretti Farms","2 YO C&G Trot
"
"8/12","Yonkers","LINK||http://replays.robertsstream.com/racereplays/cust/nyss.php?play=MjAxNDA4MTIxOTI3WU9OMg==","Flyhawk El Durado","Martin Scharf","Kathleen Pratt & Andrea Pratt","3 YO C&G Trot"
"8/12","Yonkers","LINK||http://replays.robertsstream.com/racereplays/cust/nyss.php?play=MjAxNDA4MTIyMTE0WU9ONw==","Gural Hanover","Burke Rcg Stb LLC, Weaver Bruscemi LLC, Little E LLC, The Panhellenic Stb Corp","Hanover Shoe Farms Inc","3 YO C&G Trot"
"8/13","Batavia","LINK||http://replays.robertsstream.com/racereplays/cust/nyss.php?play=MjAxNDA4MTMxODMyQlROMQ==","Avalicious","Michelle Crawford, Albert Crawford, Patricia Crawford","Patricia Crawford","3 YO Filly Trot"
"8/13","Batavia","LINK||http://replays.robertsstream.com/racereplays/cust/nyss.php?play=MjAxNDA4MTMxOTI2QlRONA==","Driving Miss Crazy","Theodore Gewertz, Y Jean Brunet, Deborah Brunet","Bloodstock Farm & Stables","3 YO Filly Trot"
"8/14","Yonkers","LINK||http://replays.robertsstream.com/racereplays/cust/nyss.php?play=MjAxNDA4MTQyMTE0WU9ONw==","Mosquito Blue Chip","Our Three Sons Stb LLC, Donato Falcicchio, Paul Jessop","Blue Chip Bloodstock Inc. & AV & Son Bloodstock LLC","2 YO Filly Pace"
"8/14","Yonkers","LINK||http://replays.robertsstream.com/racereplays/cust/nyss.php?play=MjAxNDA4MTQyMTU4WU9OOQ==","Band Of Angels","WJ Donovan","Steve Stewart & Birch Hollow Farms","2 YO Filly Pace"
"8/16","Saratoga","LINK|| http://replays.robertsstream.com/racereplays/cust/nyss.php?play=MjAxNDA4MTYxOTQ1U1JOMw==","Winds Of Change","Brittany Farms & Val D'Or Farms","Brittany Farms & Val D'Or Farms","3 YO C&G Pace"
"8/16","Saratoga","LINK|| http://replays.robertsstream.com/racereplays/cust/nyss.php?play=MjAxNDA4MTYyMDQxU1JONg==","Stay Up Late","West Wins Stable","Fair Winds Farm Inc","3 YO C&G Pace"
"8/16","Saratoga","LINK|| http://replays.robertsstream.com/racereplays/cust/nyss.php?play=MjAxNDA4MTYyMjE5U1JOMTE=","Natural Leda","Stephen Gordon, Gilberto Garcia-Herrera, Brian Gordon","Frederick Hertrich III","3 YO C&G Pace"
"8/17","Batavia","LINK||http://replays.robertsstream.com/racereplays/cust/nyss.php?play=MjAxNDA4MTcxMzMwQlROMg==","Kaliska","Ray Schnittker, Thomas Spatorico, Pepin Stable, Fam Alber Horse Racing LLC","Fam Alber Horse Racing LLC","3 YO C&G Pace"
"8/17","Batavia","LINK||http://replays.robertsstream.com/racereplays/cust/nyss.php?play=MjAxNDA4MTcxNDIyQlRONA==","Nunkeri","Millstream Inc & Nunkeri Stable","Steve Jones & Neal Goldman","3 YO C&G Pace"
"8/17","Batavia","LINK||http://replays.robertsstream.com/racereplays/cust/nyss.php?play=MjAxNDA4MTcxNDIyQlRONg==","Zanna Blu","Albert Crawford, Michelle Crawford, James Crawford IV","Stein Racing Stable Inc","3 YO C&G Pace"
"8/17","Batavia","LINK||http://replays.robertsstream.com/racereplays/cust/nyss.php?play=MjAxNDA4MTcxNTIyQlROOA==","Barn Doll","Steven Pratt, Nancy Pratt, Purple Haze Stables LLC","Little E LLC","3 YO C&G Pace"
"8/18","Yonkers","LINK||http://replays.robertsstream.com/racereplays/cust/nyss.php?play=MjAxNDA4MTgyMDA5WU9ONA==","Major Dancer","West Wins Stable, Mac T Nichol, Adriano Sorella","Frederick Hertrich III","3 YO Filly Pace"
"8/18","Yonkers","LINK||http://replays.robertsstream.com/racereplays/cust/nyss.php?play=MjAxNDA4MTgyMDI5WU9ONQ==","Jaded Dream","Burke Racing Stb LLC, Weaver Bruscemi LLC, The Panhellenic Stb Corp","Bulletproof Enterprises","3 YO Filly Pace"
"8/18","Yonkers","LINK||http://replays.robertsstream.com/racereplays/cust/nyss.php?play=MjAxNDA4MTgyMTQ5WU9OOQ==","A La Notte Hanover","Burke Racing Stb LLC, Weaver Bruscemi LLC, Frank Baldachino, Lawrence Karr","Hanover Shoe Farms Inc","3 YO Filly Pace"
"8/19","Yonkers","LINK||http://replays.robertsstream.com/racereplays/cust/nyss.php?play=MjAxNDA4MTkyMTE2WU9ONw==","Southwind Masimo","Hudson Standardbred Stb Inc & Conrad Leber","Southwind Farm","2 YO C&G Pace"
"8/19","Yonkers","LINK||http://replays.robertsstream.com/racereplays/cust/nyss.php?play=MjAxNDA4MTkyMTM1WU9OOA==","Cartoon Daddy","Burke Racing Stable LLC & Joseph DiScala Jr","Robert Newman","2 YO C&G Pace"
"8/19","Yonkers","LINK||http://replays.robertsstream.com/racereplays/cust/nyss.php?play=MjAxNDA4MTkyMTU3WU9OOQ==","Bet You","Christina Takter, John Fielding, Joyce McClelland, Jim Fielding","Hanover Shoe Farms Inc","2 YO C&G Pace"
"8/20","Batavia","LINK||http://replays.robertsstream.com/racereplays/cust/nyss.php?play=MjAxNDA4MjAxOTI5QlRONA==","Tidquist","Robert Brooks, Jana Bowen, John Buettner, Charlene Long","Charlene Long","2 YO C&G Trot"
"8/20","Batavia","LINK||http://replays.robertsstream.com/racereplays/cust/nyss.php?play=MjAxNDA4MjAyMDQ0QlROOA==","Buen Camino","Purple Haze Stables LLC","Ernest Martinez II & WCB Racing Stable","2 YO C&G Trot"
"8/21","Monticello","LINK||http://replays.robertsstream.com/racereplays/cust/nyss.php?play=MjAxNDA4MjExNDI1TVJENg==","Market Rally","Burke Rcg Stable LLC, Our Horse Cents Stables, Weaver Bruscemi LLC, The Panhellenic Stb Corp","Winbak Farm","3 YO Filly Trot"
"8/21","Monticello","LINK||http://replays.robertsstream.com/racereplays/cust/nyss.php?play=MjAxNDA4MjExNTA5TVJEOA==","Avalicious","Michelle Crawford, Albert Crawford, Patricia Crawford","Patricia Crawford","3 YO Filly Trot"
"8/22","Vernon","LINK||http://replays.robertsstream.com/racereplays/cust/nyss.php?play=MjAxNDA4MjIyMDE2VlJONg==","Flyhawk El Durado","Martin Scharf","Kathleen Pratt & Andrea Pratt","3 YO C&G Trot"
"8/22","Vernon","LINK||http://replays.robertsstream.com/racereplays/cust/nyss.php?play=MjAxNDA4MjIyMTEyVlJOOQ==","Gural Hanover","Burke Rcg Stb LLC, Weaver Bruscemi LLC, Little E LLC, The Panhellenic Stb Corp","Hanover Shoe Farms Inc","3 YO C&G Trot"
"8/25","Yonkers","LINK||http://replays.robertsstream.com/racereplays/cust/nyss.php?play=MjAxNDA4MjUyMDA5WU9ONA==","Pig Hunt","Jennifer Connor & Janice Connor","Ray Schnittker, Stephen Demeter, Herbert Burns III","2 YO Filly Trot"
"8/25","Yonkers","LINK||http://replays.robertsstream.com/racereplays/cust/nyss.php?play=MjAxNDA4MjUyMDI5WU9ONQ==","Counsellor AS","ACL Stuteri AB","ACL Stuteri AB","2 YO Filly Trot"
"8/25","Yonkers","LINK||http://replays.robertsstream.com/racereplays/cust/nyss.php?play=MjAxNDA4MjUyMDQ5WU9ONg==","Barn Doll","Steven Pratt, Nancy Pratt, Purple Haze Stables LLC","Little E LLC","2 YO Filly Trot"
"8/25","Yonkers","LINK||http://replays.robertsstream.com/racereplays/cust/nyss.php?play=MjAxNDA4MjUyMTQ5WU9OOQ==","Concentration","Raymond WJ Campbell Jr","Stirling Brook Farms Inc","2 YO Filly Trot"
"8/26","Monticello","LINK||http://replays.robertsstream.com/racereplays/cust/nyss.php?play=MjAxNDA4MjYxMjQ3TVJEMQ==","All Bets Off","Burke Rcg Stb LLC, Frank Baldachino, The Panhellenic Stb Corp., Rosemary Shelswell","Robert Tucker & Greg Tucker","3 YO C&G Pace"
"8/26","Monticello","LINK||http://replays.robertsstream.com/racereplays/cust/nyss.php?play=MjAxNDA4MjYxMzU2TVJENA==","Stay Up Late","West Win Stable","Fair Winds Farm Inc","3 YO C&G Pace"
"8/26","Monticello","LINK||http://replays.robertsstream.com/racereplays/cust/nyss.php?play=MjAxNDA4MjYxNTA5TVJEOA==","For A Bettor Time","West Wins Stable, J Robert Darrow, Ron Broadstone","Fred Kruszelnicki","3 YO C&G Pace"
"8/27","Batavia","LINK||http://replays.robertsstream.com/racereplays/cust/nyss.php?play=MjAxNDA4MjcxODMyQlROMQ==","Mosquito Blue Chip","Our Three Sons Stb LLC, Donato Falcicchio, Paul Jessop","Blue Chip Bloodstock Inc & AV & Son Bloodstock LLC","2 YO Filly Pace"
"8/27","Batavia","LINK||http://replays.robertsstream.com/racereplays/cust/nyss.php?play=MjAxNDA4MjcxOTI2QlRONA==","Sassa Hanover","Burke Rcg Stb LLC, The Panhellenic Stb Corp, Weaver Bruscemi LLC, Lawrence Karr","Hanover Shoe Farms Inc","2 YO Filly Pace"
"8/27","Batavia","LINK||http://replays.robertsstream.com/racereplays/cust/nyss.php?play=MjAxNDA4MjcyMDQwQlROOA==","Bettor N Better","Our Horse Cents Stables & Blue Chip Bloodstock Inc","4 Rose Stable","2 YO Filly Pace"
"8/28","Saratoga","LINK|| http://replays.robertsstream.com/racereplays/cust/nyss.php?play=MjAxNDA4MjgyMDE3U1JONQ==","Sugarmakesmecrazy","Melby Gard Inc","Valley High Stable","2 YO C&G Trot"
"8/28","Saratoga","LINK|| http://replays.robertsstream.com/racereplays/cust/nyss.php?play=MjAxNDA4MjgyMDU0U1JONw==","Andy Ray","Paymaq Racing, Ronald Michelon, Harvey Eisman","Lindy Racing Stable","2 YO C&G Trot"
"8/28","Saratoga","LINK||http://replays.robertsstream.com/racereplays/cust/nyss.php?play=MjAxNDA4MjgyMTMxU1JOOQ==","Buen Camino","Purple Haze Stables LLC","Ernest Martinez II & WCB Racing Stable","2 YO C&G Trot"
"8/30","Vernon","LINK||http://replays.robertsstream.com/racereplays/cust/nyss.php?play=MjAxNDA4MzAyMDI4VlJONg==","Azorean Art","Christina Takter, Brixton Medical AB, Hatfield Stables, Lothlorien","Louie Camara","2 YO C&G Pace"
"8/30","Vernon","LINK||http://replays.robertsstream.com/racereplays/cust/nyss.php?play=MjAxNDA4MzAyMDU2VlJONw==","Betting Exchange","Howard Taylor, Susan Kajfasz, Thomas Fanning","Flintlock Farm Inc","2 YO C&G Pace"
"8/30","Vernon","LINK||http://replays.robertsstream.com/racereplays/cust/nyss.php?play=MjAxNDA4MzAyMTMyVlJOOQ==","Penji Hanover","W Springtime Racing Stable","Brittany Farms","2 YO C&G Pace"
"8/31","Batavia","LINK||http://replays.robertsstream.com/racereplays/cust/nyss.php?play=MjAxNDA4MzExNDA3QlRONA==","Just Add Vodka","Blue Chip Bloodstock Inc, Stephen Demeter, Herbert Burns III, Nahuel Agosti","Blue Chip Bloodstock Inc, Herbert Burns III, Stephen Demeter","3 YO Filly Pace"
"8/31","Batavia","LINK||http://replays.robertsstream.com/racereplays/cust/nyss.php?play=MjAxNDA4MzExNTAwQlRONw==","Spreester","Kimberly Zabielski","Kimberly Zabielski","3 YO Filly Pace"
"8/31","Batavia","LINK||http://replays.robertsstream.com/racereplays/cust/nyss.php?play=MjAxNDA4MzExNTE4QlROOA==","Ken Doll J","Kenneth Jacobs","Est. Of George F Hempt Trust","3 YO Filly Pace"
"9/3","Monticello","LINK||http://replays.robertsstream.com/racereplays/cust/nyss.php?play=MjAxNDA5MDMxMzQ1TVJENA==","Concentration","Raymond WJ Campbell Jr","Stirling Brook Farms Inc","2 YO Filly Trot"
"9/3","Monticello","LINK||http://replays.robertsstream.com/racereplays/cust/nyss.php?play=MjAxNDA5MDMxNTIwTVJEOQ==","Shaqline","Brixton Medical AB","Steve Jones & Fair Winds Farm Inc","2 YO Filly Trot"
"9/3","Monticello","LINK||http://replays.robertsstream.com/racereplays/cust/nyss.php?play=MjAxNDA5MDMxNTU3TVJEMTE=","Kaliska","Ray Schnittker, Thomas Spatorico, Pepin Stb, Fam Alber Horse Racing LLC","Fam Alber Horse Racing LLC","2 YO Filly Trot"
"9/4","Tioga","LINK||http://replays.robertsstream.com/racereplays/cust/nyss.php?play=MjAxNDA5MDQxODMwVFFOMg==","Sassa Hanover","Burke Rcg Stb LLC, The Panhellenic Stb Corp, Weaver Bruscemi LLC, Lawrence Karr","Hanover Shoe Farms Inc","2 YO Filly Pace"
"9/4","Tioga","LINK||http://replays.robertsstream.com/racereplays/cust/nyss.php?play=MjAxNDA5MDQxOTI1VFFONQ==","Mosquito Blue Chip","Our Three Sons Stb LLC, Donato Falcicchio, Paul Jessop","Blue Chip Bloodstock Inc. & AV & Son Bloodstock LLC","2 YO Filly Pace"
"9/5","Yonkers","LINK||http://replays.robertsstream.com/racereplays/cust/nyss.php?play=MjAxNDA5MDUyMDMxWU9ONQ==","Insomniac","Paul Kelley & William Weaver III","Bloodstock Farm & Stables","2 YO C&G Trot"
"9/5","Yonkers","LINK||http://replays.robertsstream.com/racereplays/cust/nyss.php?play=MjAxNDA5MDUyMDUzWU9ONg==","Crazy Wow","Joseph Hess","Peter Pan Stables Inc","2 YO C&G Trot"
"9/5","Yonkers","LINK||http://replays.robertsstream.com/racereplays/cust/nyss.php?play=MjAxNDA5MDUyMTE0WU9ONw==","Buen Camino","Purple Haze Stables LLC","Ernest Martinez II & WCB Racing Stable","2 YO C&G Trot"
"9/6","Batavia","LINK||http://replays.robertsstream.com/racereplays/cust/nyss.php?play=MjAxNDA5MDYxOTQ1QlRONQ==","Betting Exchange","Howard Taylor, Susan Kajfasz, Thomas Fanning","Flintlock Farm Inc","2 YO C&G Pace"
"9/6","Batavia","LINK||http://replays.robertsstream.com/racereplays/cust/nyss.php?play=MjAxNDA5MDYyMDU5QlROOQ==","Berkley","Randall Bendis, Reed Broadway, Thomas Pollack","Steve Stewart & Royal Breeders Inc","2 YO C&G Pace"
