"PHOTO","VIDEO","NAME OF HORSE","OWNER(S)","BREEDER(S)","NYSS COUNTY FAIR FINAL"
" "," http://replays.robertsstream.com/racereplays/echoplay/replay.php?d=2014-09-02&r=10&tc=MRD&cust=NYSS&t=1472498369&h=d1695cc8960839b4528a029f73921fc3"," Kings Maninblack"," Joseph Chindano Sr, Gianfranco Pozzolini"," Guy Hammond"," 3 Year Old Colt & Gelding Pace"
" "," http://replays.robertsstream.com/racereplays/echoplay/replay.php?d=2014-09-02&r=7&tc=MRD&cust=NYSS&t=1472498397&h=271f47c402eff1f7c87a684b680fbead"," Inside The Glass"," Rosemarie Moore"," Perretti Farms"," 3 Year Old Filly Pace"
" "," http://replays.robertsstream.com/racereplays/echoplay/replay.php?d=2014-09-02&r=8&tc=MRD&cust=NYSS&t=1472498414&h=ed37fdaf96793ddd7bdd19476e050445"," Stirling Cadet"," Harold Smith"," Stirling Brook Farms Inc"," 3 Year Old Colt & Gelding Trot"
" "," http://replays.robertsstream.com/racereplays/echoplay/replay.php?d=2014-09-02&r=1&tc=MRD&cust=NYSS&t=1472498444&h=e83c147a4802a42173b739106252a759"," Driving Me Lindy"," Michael Euto"," Lindy Racing Stable"," 3 Year Old Filly Trot"
" "," http://replays.robertsstream.com/racereplays/echoplay/replay.php?d=2014-09-02&r=11&tc=MRD&cust=NYSS&t=1472498457&h=c0b015205e3afce80e9888e63b8dfdc5"," Adonis Bay"," Harold Smith"," Bulletproof Enterprises"," 2 Year Old Colt & Gelding Pace"
" "," http://replays.robertsstream.com/racereplays/echoplay/replay.php?d=2014-09-02&r=6&tc=MRD&cust=NYSS&t=1472498475&h=798eeb57e897995c086758b00eedf413"," Kruella"," Joseph Robbins Jr, Bonnie Kowalcyk"," David Firmstone"," 2 Year Old Filly Pace"
" "," http://replays.robertsstream.com/racereplays/echoplay/replay.php?d=2014-09-02&r=9&tc=MRD&cust=NYSS&t=1472498491&h=f86cdb79a4b715a3f938401886cec5b1"," J A T O"," Margaret Butler, Amy Butler"," Steuben Farms"," 2 Year Old Colt & Gelding Trot"
"","http://replays.robertsstream.com/racereplays/echoplay/replay.php?d=2014-09-02&r=4&tc=MRD&cust=NYSS&t=1472498507&h=76ed7c82f3c8e0b190791a87f49d7a3d","Ron's Coren"," Ronald LaClair","Doug Ackerman Stables Inc","2 Year Old Filly Trot"
