"PHOTO","VIDEO","NAME OF HORSE","OWNER(S)","BREEDER(S)","NIGHT OF CHAMPIONS"
"http://hhbnys.org/backend/Tables/uploads/noc2fp_tequila_monday.pdf","LINK||http://replays.robertsstream.com/racereplays/cust/nyss.php?play=MjAxNjA5MjQxOTA4WU9OMQ==","Tequila Monday","Susan Oakes, Chuck Pompey","Winbak Farm","2 YO Filly Pace"
"http://hhbnys.org/backend/Tables/uploads/noc2cp_Funknwaffles.pdf","LINK||http://replays.robertsstream.com/racereplays/cust/nyss.php?play=MjAxNjA5MjQxOTUwWU9OMw==","Funknwaffles","Crawford Farms Racing, Susan Oakes","David McDuffee","2 YO C&G Pace"
"http://hhbnys.org/backend/Tables/uploads/noc2ft_Barn_Bella.pdf","LINK||http://replays.robertsstream.com/racereplays/cust/nyss.php?play=MjAxNjA5MjQyMTAwWU9ONg==","Barn Bella","Steven Pratt, Nancy Pratt, Purple Haze Stables LLC","Morrisville Col Fdn Inc","2 YO Filly Trot"
"http://hhbnys.org/backend/Tables/uploads/noc2ct_Devious_man.pdf","LINK||http://replays.robertsstream.com/racereplays/cust/nyss.php?play=MjAxNjA5MjQyMDE2WU9ONA==","Devious Man ","Stroy Inc","Winbak Farm","2 YO C&G Trot"
"http://hhbnys.org/backend/Tables/uploads/noc3fp_Wishy_Washy_Girl.pdf","LINK||http://replays.robertsstream.com/racereplays/cust/nyss.php?play=MjAxNjA5MjQyMDM2WU9ONQ==","Wishy Washy Girl","Michael Cimaglio, Stephen Demeter","Scott Dillon, Thomas Dillon","3 YO Filly Pace"
"http://hhbnys.org/backend/Tables/uploads/noc3cp_Roll_Away_Joe.pdf","LINK||http://replays.robertsstream.com/racereplays/cust/nyss.php?play=MjAxNjA5MjQyMTIzWU9ONw==","Roll Away Joe","Howard Taylor, Stephen Demeter, Thomas Lazzaro","Twinbrook Limited","3 YO C&G Pace"
"http://hhbnys.org/backend/Tables/uploads/noc3ft_non_stick.pdf","LINK||http://replays.robertsstream.com/racereplays/cust/nyss.php?play=MjAxNjA5MjQxOTMzWU9OMg==","Non Stick","Ake Svanstedt Inc, Little E LLC","Michael Andrew, Steve Stewart","3 YO Filly Trot"
"http://hhbnys.org/backend/Tables/uploads/noc3ct_smalltownthrowdown.pdf","LINK||http://replays.robertsstream.com/racereplays/cust/nyss.php?play=MjAxNjA5MjQyMTQxWU9OOA==","Smalltownthrowdown","Ann-Mari Daley, James Crawford IV, Donald Brenner, Richard Lombardo","David Firmstone","3 YO C&G Trot"
