"PHOTO","VIDEO","NAME OF HORSE (S)","OWNER(S)","BREEDER(S)","EVENT","TRACK"
"http://hhbnys.org/backend/Tables/uploads/ex_3ft_Wendys_girl.pdf","LINK||http://replays.robertsstream.com/racereplays/cust/nyss.php?play=MjAxNjA5MTcxOTM3VlJONA=="," Wendy's Girl"," Howard Taylor, Edwin Gold"," East Creek Stable"," 3 YO Filly Trot"," Vernon"
"http://hhbnys.org/backend/Tables/uploads/ex_3fp_Ghost Runner.pdf","LINK||http://replays.robertsstream.com/racereplays/cust/nyss.php?play=MjAxNjA5MTcyMDU2VlJOOA=="," Ghost Runner"," Dr. Scott Leaf, Deborah Mackenzie, Gerald Fielding, Tom Jackson"," Stonegate Standardbred Farms Inc"," 3 YO Filly Pace"," Vernon"
"http://hhbnys.org/backend/Tables/uploads/ex_3ct_just for today.pdf","LINK||http://replays.robertsstream.com/racereplays/cust/nyss.php?play=MjAxNjA5MTcyMTE2VlJOOQ=="," Just For Today"," Patricia Stable, Joe Sbrocco, Hatfield Stables"," Valley High Stable"," 3 YO Colt Trot"," Vernon"
"http://hhbnys.org/backend/Tables/uploads/ex_3cp_Endeavor.pdf","LINK||http://replays.robertsstream.com/racereplays/cust/nyss.php?play=MjAxNjA5MTcyMTIwVlJOMTA="," Endeavor"," Helene Fillion"," Barbara Muschera"," 3 YO Colt Pace"," Vernon"
"http://hhbnys.org/backend/Tables/uploads/ex_2ft_royal_oaks.pdf","LINK||http://replays.robertsstream.com/racereplays/cust/nyss.php?play=MjAxNjA5MjkxODI0U1JOOQ=="," Royal Oaks"," Jessica Okusko, Ronald LaClair"," Dunroven Stud LLC"," 2 YO Filly Trot"," Saratoga"
"http://hhbnys.org/backend/Tables/uploads/ex_2fp_Pirineas_princess.pdf","LINK||http://replays.robertsstream.com/racereplays/cust/nyss.php?play=MjAxNjA5MjkxODQyU1JOMTA="," Pirinea's Princess"," Latz A Luck Stable"," Joseph Pirinea"," 2 YO Filly Pace"," Saratoga"
"http://hhbnys.org/backend/Tables/uploads/ex_2ct_Barn_Winner.pdf","LINK||http://replays.robertsstream.com/racereplays/cust/nyss.php?play=MjAxNjA5MjkxNzQ3U1JONw=="," Barn Winner"," Steven Pratt, Nancy Pratt, Out In The Country Stable"," Moni Market Breeders, Jeffery Ruch"," 2 YO C&G Trot"," Saratoga"
"http://hhbnys.org/backend/Tables/uploads/ex_2cp_Perscys_z_tam.pdf","LINK||http://replays.robertsstream.com/racereplays/cust/nyss.php?play=MjAxNjA5MjkxNzMwU1JONg==","Percy's Z Tam"," Pat Lachance, Z Tam Stables LLC, M&M Harness Racing LLC, Royal Flush Stable LLC","Michael Parisi"," 2 YO C&G Pace","Saratoga"
