"DATE","TRACK","VIDEO","HORSE","OWNER","BREEDER","EVENT"
"5/28/17","Tioga Downs","LINK||http://replays.robertsstream.com/racereplays/cust/nyss.php?play=MjAxNzA1MjgxODQ5VFFOMQ==","Anja","Philip K Hale","Timo Nurmos","3 YO Filly Trot"
"5/28/17","Tioga Downs ","LINK||http://replays.robertsstream.com/racereplays/cust/nyss.php?play=MjAxNzA1MjgxOTA5VFFOMg==","Running Prayer","Roy D Dobbins","Roy D Dobbins","3 YO Filly Trot"
"5/28/17","Tioga Downs","LINK||http://replays.robertsstream.com/racereplays/cust/nyss.php?play=MjAxNzA1MjgyMTQ5VFFOMTA=","Seven Magic Words ","Richard S Gutnick","Mark Ford","3 YO Filly Trot"
"5/28/17","Tioga Downs ","LINK||http://replays.robertsstream.com/racereplays/cust/nyss.php?play=MjAxNzA1MjgyMjA5VFFOMTE=","Miss Prim ","Patricia Hogan","Edward Lohmeyer","3 YO Filly Trot"
"5/28/17","Tioga Downs ","LINK||http://replays.robertsstream.com/racereplays/cust/nyss.php?play=MjAxNzA1MjgyMjI5VFFOMTI=","Cinnamon Prayer","Roy D Dobbins","Roy D Dobbins"," 3 YO Filly Trot"
" 5/29/17"," Vernon Downs ","LINK||http://replays.robertsstream.com/racereplays/cust/nyss.php?play=MjAxNzA1MjkxMzA0VlJOMQ=="," Rufas De Vie"," Lynette Buter"," Joie De Vie Farm LLC"," 3 YO Colt Trot"
" 5/29/17"," Vernon Downs","LINK||http://replays.robertsstream.com/racereplays/cust/nyss.php?play=MjAxNzA1MjkxMzIyVlJOMg==","The Cuse is Loose"," David B. Smith"," Walnut Hall Limited"," 3 YO Colt Trot"
" 5/29/17"," Vernon Downs ","LINK||http://replays.robertsstream.com/racereplays/cust/nyss.php?play=MjAxNzA1MjkxMzQxVlJOMw=="," Optimist Blue Chip"," Blue Chip Bloodstock Inc."," Blue Chip Bloodstock Inc."," 3 YO Colt Trot "
" 5/29/17"," Vernon Downs ","LINK||http://replays.robertsstream.com/racereplays/cust/nyss.php?play=MjAxNzA1MjkxNDIxVlJONQ=="," Guardian Angel As "," ACL Stuteri AB"," ACL Stuteri AB"," 3 YO Colt Trot "
"5/29/17 "," Vernon Downs ","LINK||http://replays.robertsstream.com/racereplays/cust/nyss.php?play=MjAxNzA1MjkxNTAwVlJONw=="," Dw's Revenge "," Sally Cartier","W D Lapage Stable"," 3 YO Colt Trot "
"5/29/17","Vernon Downs","LINK||http://replays.robertsstream.com/racereplays/cust/nyss.php?play=MjAxNzA1MjkxNTIxVlJOOA==","Patton","George Ducharme Stb LLC","Walnut Hall Limited","3 YO Colt Trot "
"5/29/17","Vernon Downs ","LINK||http://replays.robertsstream.com/racereplays/cust/nyss.php?play=MjAxNzA1MjkxNjAxVlJOMTA=","Skidaway ","Rosalia Huff","Pat Morris Biddy","3 YO Colt Trot "
"5/29/17 ","Vernon Downs ","LINK||http://replays.robertsstream.com/racereplays/cust/nyss.php?play=MjAxNzA1MjkxNjE4VlJOMTE=","Royalty on Ice ","Keith Ball","Morrisville Col Fdn Inc","3 YO Colt Trot "
"6/2/17","Saratoga Harness","LINK||http://replays.robertsstream.com/racereplays/cust/nyss.php?play=MjAxNzA2MDIxODQzU1JOMQ==","Art Center","Winbak Farm ","Winbak Farm ","3 YO Filly Pace"
"6/2/17","Saratoga Harness","LINK||http://replays.robertsstream.com/racereplays/cust/nyss.php?play=MjAxNzA2MDIxOTQyU1JONA==","Roll With Faith ","Finish Line Investors","Morrisville Col Fdn Inc","3 YO Filly Pace"
"6/2/17","Saratoga Harness","LINK||http://replays.robertsstream.com/racereplays/cust/nyss.php?play=MjAxNzA2MDIyMDU2U1JOOA==","Sydneydreamweaver","Frank J Bellino","Frank J Bellino","3 YO Filly Pace "
"6/2/17","Saratoga Harness","LINK||http://replays.robertsstream.com/racereplays/cust/nyss.php?play=MjAxNzA2MDIyMTU0U1JOMTE=","Kiss Kiss","John Devito & Rocco Manniello","Docs Farm Inc C/O Gold","3 YO Filly Pace"
"6/2/17","Saratoga Harness","LINK||http://replays.robertsstream.com/racereplays/cust/nyss.php?play=MjAxNzA2MDIyMjQ4U1JOMTQ=","Shesarocker","Michael Hill","Michael Hill","3 YO Filly Pace"
"6/2/17","Saratoga Harness","LINK||http://replays.robertsstream.com/racereplays/cust/nyss.php?play=MjAxNzA2MDIxOTA1U1JOMg==","UF Lana Rae","Perry Simser, Up Front Racing, LLC & Gary Greenhouse","Estate of George F Hempt Trust","3 YO Filly Pace "
"6/2/17","Saratoga Harness","LINK||http://replays.robertsstream.com/racereplays/cust/nyss.php?play=MjAxNzA2MDIyMjMwU1JOMTM=","Lucky and Good","Ross G Bonafield,","Ross G Bonafield,","3 YO Filly Pace "
"6/7/17","Buffalo Raceway","LINK||http://replays.robertsstream.com/racereplays/cust/nyss.php?play=MjAxNzA2MDcxNjU5QlVOMQ==","Bold and Brassy","Robert L. Hamather","Robert L. Hamather","3 YO Colt & Gelding Pave"
"6/7/17","Buffalo Raceway","LINK||http://replays.robertsstream.com/racereplays/cust/nyss.php?play=MjAxNzA2MDcxNzE3QlVOMg==","Beckarama","Melissa Beckwith","Melissa Beckwith","3 YO Colt & Gelding Pace"
"6/9/17","Vernon Downs","LINK||http://replays.robertsstream.com/racereplays/cust/nyss.php?play=MjAxNzA2MDkxODQ0VlJOMQ==","Miss Roll Joe","Jim Graham","Purple Haze Stables LLC","3 YO Filly Pace"
"6/9/17","Vernon Downs","LINK||http://replays.robertsstream.com/racereplays/cust/nyss.php?play=MjAxNzA2MDkxOTIyVlJOMw==","Ok Jasmine","Hudson Standardbrd Stable Inc","Oak Knoll Stables","3 YO Filly Pace"
"6/9/17","Vernon Downs","LINK||http://replays.robertsstream.com/racereplays/cust/nyss.php?play=MjAxNzA2MDkxOTU5VlJONQ==","Shepulledthegoalie","Matthew K Bencic","Steve Jones","3 YO Filly Pace "
"6/9/17","Vernon Downs","LINK||http://replays.robertsstream.com/racereplays/cust/nyss.php?play=MjAxNzA2MDkyMTQ1VlJOMTA=","Shesarocker","Michael Hill","Michael Hill","3 YO Filly Pace "
"6/9/17","Vernon Downs","LINK||http://replays.robertsstream.com/racereplays/cust/nyss.php?play=MjAxNzA2MDkyMjAxVlJOMTE=","Lets Havea Party","Brittany Farms ","WJ Donovan","3 YO Filly Pace "
"6/9/17","Vernon Downs","LINK||http://replays.robertsstream.com/racereplays/cust/nyss.php?play=MjAxNzA2MDkyMjE5VlJOMTI=","Touchamatic","Joseph Davino","Brittany Farms ","3 YO Filly Pace"
"6/9/17","Vernon Downs","LINK||http://replays.robertsstream.com/racereplays/cust/nyss.php?play=MjAxNzA2MDkyMjM1VlJOMTM=","Roll With Ann","Kristie Leigh Farm Inc","Kristie Leigh Farm Inc ","3 YO Filly Pace "
"6/18/17","Vernon Downs","LINK||http://replays.robertsstream.com/racereplays/cust/nyss.php?play=MjAxNzA2MTgxMzQ1VlJOMw==","Tribal War","James Harper III","Diamond Creek Farm LLC","3 YO Colt & Gelding Pace"
"6/18/17","Vernon Downs","LINK||http://replays.robertsstream.com/racereplays/cust/nyss.php?play=MjAxNzA2MTgxNjE2VlJOMTA=","Joey Goodfellow","Roland Mallar & Jeffrey Nanna","Blue Chip Bloodstock Inc","3 YO Colt & Gelding Pace"
"6/18/17","Vernon Downs","LINK||http://replays.robertsstream.com/racereplays/cust/nyss.php?play=MjAxNzA2MTgxNjM1VlJOMTE=","Valrhona","Mark Lancaster,Neal Rosenberg,Margery Ames","John Kuhns,Robert Kuhns,Dan Kuhns","3 YO Colt & Gelding Pace"
"6/18/17","Vernon Downs","LINK||http://replays.robertsstream.com/racereplays/cust/nyss.php?play=MjAxNzA2MTgxNjUxVlJOMTI=","Geez Joe","Bay Pond Racing Stable","Winbak Farm","3 YO Colt & Gelding Pace"
"6/18/17","Vernon Downs","LINK||http://replays.robertsstream.com/racereplays/cust/nyss.php?play=MjAxNzA2MTgxNzA1VlJOMTM=","Olde Broadside","Francis Morse","Francis Morse","3 YO Colt & Gelding Pace"
"6/21/17","Buffalo Raceway","LINK||http://replays.robertsstream.com/racereplays/cust/nyss.php?play=MjAxNzA2MjExODI5QlVONg==","Miss Roll Joe","Jim Graham","Purple Haze Stables LLC","3 YO Filly Pace"
"6/21/17","Buffalo Raceway","LINK||http://replays.robertsstream.com/racereplays/cust/nyss.php?play=MjAxNzA2MjExNjU5QlVOMQ==","Takeyourbreathaway","Randy Zhok","Ross Bonafield & Glenn Bechtel","3 YO Filly Pace"
"6/21/17","Buffalo Raceway","LINK||http://replays.robertsstream.com/racereplays/cust/nyss.php?play=MjAxNzA2MjExNzE3QlVOMg==","Bestgirlfriendever","Eric Taddeo & Rosemarie Sienicki","Eric Taddeo","3 YO Filly Pace"
"6/21/17","Buffalo Raceway","LINK||http://replays.robertsstream.com/racereplays/cust/nyss.php?play=MjAxNzA2MjExODEzQlVONQ==","Robin J","Kenneth Jacobs","Moni Market Breeders & Carol Thayer","3 YO Filly Pace"
"6/25/17","Buffalo Raceway","LINK||http://replays.robertsstream.com/racereplays/cust/nyss.php?play=MjAxNzA2MjUxMjMxQlVOMQ==","Running Prayer","Roy Dobbins","Roy Dobbins","3 YO Filly Trot"
"6/25/17","Buffalo Raceway","LINK||http://replays.robertsstream.com/racereplays/cust/nyss.php?play=MjAxNzA2MjUxMjUzQlVOMg==","Seventh Heaven","Richard Balog","Richard Balog","3 YO Filly Trot"
"6/25/17","Buffalo Raceway","LINK||http://replays.robertsstream.com/racereplays/cust/nyss.php?play=MjAxNzA2MjUxMzEzQlVOMw==","Cinnamon Prayer","Roy Dobbins","Roy Dobbins","3 YO Filly Trot"
"6/30/17","Buffalo Raceway","LINK||http://replays.robertsstream.com/racereplays/cust/nyss.php?play=MjAxNzA2MzAxNjU5QlVOMQ==","Minne Cheatum","Philip Hale & David Dewhurst","Last Hurrah Stable","2 YO Filly Trot"
"6/30/17","Buffalo Raceway","LINK||http://replays.robertsstream.com/racereplays/cust/nyss.php?play=MjAxNzA2MzAxNzE2QlVOMg==","Chilicheatum","Purple Haze Stables LLC","David Hanson","2 YO Filly Trot"
"6/30/17","Buffalo Raceway","LINK||http://replays.robertsstream.com/racereplays/cust/nyss.php?play=MjAxNzA2MzAxODQ2QlVONw==","Pittstop Emerald","Robert Gale","Cherry Hill Farm","2 YO Filly Trot"
"7/4/17","Tioga Downs","LINK||http://replays.robertsstream.com/racereplays/cust/nyss.php?play=MjAxNzA3MDQxMjU5VFFOMQ==","Pappagiorgio","Pine Hill Stables","George K Miller","2 YO Colt & Gelding Trot"
"7/4/17","Tioga Downs","LINK||http://replays.robertsstream.com/racereplays/cust/nyss.php?play=MjAxNzA3MDQxMzE4VFFOMg==","Conman Crown","Pine Hill Stables","Pine Hill Stables","2 YO Colt & Gelding Trot"
"7/4/17","Tioga Downs","LINK||http://replays.robertsstream.com/racereplays/cust/nyss.php?play=MjAxNzA3MDQxMzU3VFFONA==","Credicone","Purple Haze Stables LLC","Concord Stud Farm, Susan Berry, Julie Meirs, Kaitlyn Meirs","2 YO Colt & Gelding Trot"
"7/4/17","Tioga Downs","LINK||http://replays.robertsstream.com/racereplays/cust/nyss.php?play=MjAxNzA3MDQxNDM2VFFONg==","Dewey Hava Winner","Eric Taddeo","Eric Taddeo","2 YO Colt & Gelding Trot"
"7/4/17","Tioga Downs","LINK||http://replays.robertsstream.com/racereplays/cust/nyss.php?play=MjAxNzA3MDQxNTE4VFFOOA==","Barn Star","Steven Pratt, Nancy Pratt, Purple Haze Stables LLC","August Miedel","2 YO Colt & Gelding Trot"
"7/7/17","Vernon Downs","LINK||http://replays.robertsstream.com/racereplays/cust/nyss.php?play=MjAxNzA3MDcxODQ0VlJOMQ==","Pasta Blue Chip","Blake Macintosh & Glenn Bechtel","Blue Chip Bloodstock Inc","2 YO Filly Pace"
"7/7/17","Vernon Downs","LINK||http://replays.robertsstream.com/racereplays/cust/nyss.php?play=MjAxNzA3MDcyMTM4VlJOMTA=","Casie's Believer","Robert Anderson & Pamela Schieber","Winbak Farm","2 YO Filly Pace"
"7/7/17","Vernon Downs","LINK||http://replays.robertsstream.com/racereplays/cust/nyss.php?play=MjAxNzA3MDcxOTAzVlJOMg==","KJ's Bekah","Kenneth Jacobs","Ross Bonafield","2 YO Filly Pace"
"7/7/17","Vernon Downs","LINK||http://replays.robertsstream.com/racereplays/cust/nyss.php?play=MjAxNzA3MDcxOTIyVlJOMw==","Act Like A Diva","Paymaq Rcg, Greg Gillis, Louis Willinger, Craig Henderson","Frederick Hertrich III","2 YO Filly Pace"
"7/7/17","Vernon Downs","LINK||http://replays.robertsstream.com/racereplays/cust/nyss.php?play=MjAxNzA3MDcxOTQwVlJONA==","Bullvillecc","Crevani Farms","Crevani Farms","2 YO Filly Pace"
"7/7/17","Vernon Downs","LINK||http://replays.robertsstream.com/racereplays/cust/nyss.php?play=MjAxNzA3MDcxOTU5VlJONQ==","KJ's Justine","Kenneth Jacobs","Blue Chip Bloodstock Inc","2 YO Filly Pace"
"7/9/17","Buffalo Raceway","LINK||http://replays.robertsstream.com/racereplays/cust/nyss.php?play=MjAxNzA3MDkxMjI4QlVOMQ==","New York Chrome","Philip Hale & David Dewhurst","Philip Hale","3 YO Colt & Gelding Trot"
"7/9/17","Buffalo Raceway","LINK||http://replays.robertsstream.com/racereplays/cust/nyss.php?play=MjAxNzA3MDkxMjQ5QlVOMg==","Finally Michaels","Philip Hale & David Dewhurst","Stirling Brook Farms Inc","3 YO Colt & Gelding Trot"
"7/9/17","Buffalo Raceway","LINK||http://replays.robertsstream.com/racereplays/cust/nyss.php?play=MjAxNzA3MDkxMzI4QlVONA==","Big Man Ev","Andy Miller Stb Inc, Lindy Rcg Stb, Harvey Eisman","Lindy Racing Stable","3 YO Colt & Gelding Trot"
"7/9/17","Buffalo Raceway","LINK||http://replays.robertsstream.com/racereplays/cust/nyss.php?play=MjAxNzA3MDkxNDA3QlVONg==","Patton","George Ducharme Stb LLC, Paul Fontaine, Alfred Ross","Walnut Hall Limited","3 YO Colt & Gelding Trot"
"7/10/17","Yonkers Raceway","N/A","Tribal War","James Harper III","Diamond Creek Farm LLC & J&T Silva Stables LLC","3 YO Colt & Gelding Pace"
"7/10/17","Yonkers Raceway","N/A","Benji's Best","Paul Harvey & Scott Blackler","Winbak Farm","3 YO Colt & Gelding Pace"
"7/10/17","Yonkers Raceway","N/A","Rollin About","Anthony Lombardi, D Van Witzenburg, George Golemes","Herbert Burns III & Eduardo Amezcua","3 YO Colt & Gelding Pace"
"7/10/17","Yonkers Raceway","N/A","Sir Pugsley","Mortberg Trust 10-27-98","Mortberg Trust 10-27-98","3 YO Colt & Gelding Pace"
"7/11/17","Monticello Raceway","LINK||http://replays.robertsstream.com/racereplays/cust/nyss.php?play=MjAxNzA3MTExNDEzTVJENQ==","Barn Sis","Morrisville Col Fdn Inc","Bluestone Farms LLC & Fredericka Caldwell","3 YO Filly Trot"
"7/11/17","Monticello Raceway","LINK||http://replays.robertsstream.com/racereplays/cust/nyss.php?play=MjAxNzA3MTExNTM0TVJEOQ==","Creditover","Purple Haze Stables LLC","Tara Hills Stud Ltd & Matthew Harrison","3 YO Filly Trot"
"7/11/17","Monticello Raceway","LINK||http://replays.robertsstream.com/racereplays/cust/nyss.php?play=MjAxNzA3MTExMzEyTVJEMg==","Seventh Heaven","Richard Balog","Richard Balog","3 YO Filly Trot"
"7/11/17","Monticello Raceway","LINK||http://replays.robertsstream.com/racereplays/cust/nyss.php?play=MjAxNzA3MTExMzMxTVJEMw==","Hotel Royale","KJ Stables LLC","Morrisville Col Fdn Inc","3 YO Filly Trot"
"7/11/17","Monticello Raceway","LINK||http://replays.robertsstream.com/racereplays/cust/nyss.php?play=MjAxNzA3MTExNDM2TVJENg==","Chapter Review","Paul Kelley Rcg Stb, Joe Sbrocco, Abraham Singer, East Pond Stb","Michael Wilt","3 YO Filly Trot"
"7/12/17","Buffalo Raceway","N/A","Too Much Duncan","David Reich, Marvin & Sandra Kaufman Stb, Robert Speer","Steve Jones","2 YO Colt & Gelding Pace"
"7/12/17","Buffalo Raceway","LINK||http://replays.robertsstream.com/racereplays/cust/nyss.php?play=MjAxNzA3MTIxNzE3QlVOMg==","Rootin Tootin","Blake MacIntosh","Winbak Farm","2 YO Colt & Gelding Pace"
"7/12/17","Buffalo Raceway","LINK||http://replays.robertsstream.com/racereplays/cust/nyss.php?play=MjAxNzA3MTIxOTM2QlVOMTA=","Dewar N Jack","Winbak Farm","Winbak Farm","2 YO Colt & Gelding Pace"
"7/14/17","Yonkers Raceway","N/A","Oneida Blue Chip","James Frandsen","Blue Chip Bloodstock Inc, Stephen Demeter, Herbert Burns III","3 YO Filly Pace"
"7/14/17","Yonkers Raceway","N/A","Pudge's Pastime","Parsimonious Rcg Stb & Scott Hay","Parsimonious Racing Stable","3 YO Filly Pace"
"7/14/17","Yonkers Raceway","N/A","Ideal Ice","Brian Malone & Carrie Malone","White Birch Farm","3 YO Filly Pace"
"7/14/17","Yonkers Raceway","N/A","Robin J","Kenneth Jacobs","Moni Market Breeders & Carol Thayer","3 YO Filly Pace"
"7/14/17","Yonkers Raceway","LINK||http://replays.robertsstream.com/racereplays/cust/nyss.php?play=MjAxNzA3MTQxOTA5WU9OMQ==","Roll With Sparky","Jim Graham, Lee Winters, Paul Tandlmayer","Morrisville Col Fdn Inc","3 YO Filly Pace"
"7/14/17","Yonkers Raceway","LINK||http://replays.robertsstream.com/racereplays/cust/nyss.php?play=MjAxNzA3MTQxOTI5WU9OMg==","Osprey Blue Chip","Stake Your Claim Stb & Enviro Stbs Ltd","Blue Chip Bloodstock Inc","3 YO Filly Pace"
"7/14/17","Yonkers Raceway","LINK||http://replays.robertsstream.com/racereplays/cust/nyss.php?play=MjAxNzA3MTQyMDEyWU9ONA==","Bestgirlfriendever","Eric Taddeo & Rosemarie Sienicki","Eric Taddeo","3 YO Filly Pace"
"7/16/17","Buffalo Raceway","LINK||http://replays.robertsstream.com/racereplays/cust/nyss.php?play=MjAxNzA3MTYxNDM2QlVONw==","Jericho Diva","Gary Smith","Gary Smith","2 YO Filly Pace"
"7/16/17","Buffalo Raceway","LINK||http://replays.robertsstream.com/racereplays/cust/nyss.php?play=MjAxNzA3MTYxNDUzQlVOOA==","Surreal Feeling","Chris Lawton & Dale Lawton","Jim Winske","2 YO Filly Pace"
"7/16/17","Buffalo Raceway","LINK||http://replays.robertsstream.com/racereplays/cust/nyss.php?play=MjAxNzA3MTYxNTEwQlVOOQ==","Pasta Blue Chip","Blake Macintosh & Glenn Bechtel","Blue Chip Bloodstock Inc","2 YO Filly Pace"
"7/16/17","Buffalo Raceway","LINK||http://replays.robertsstream.com/racereplays/cust/nyss.php?play=MjAxNzA3MTYxMjI5QlVOMQ==","KJ's Justine","Kenneth Jacobs","Blue Chip Bloodstock Inc","2 YO Filly Pace"
"7/16/17","Buffalo Raceway","LINK||http://replays.robertsstream.com/racereplays/cust/nyss.php?play=MjAxNzA3MTYxMzI0QlVONA==","Never Walk Alone","Wallacestandardbreds Inc","Antoinette Nigito","2 YO Filly Pace"
"7/16/17","Buffalo Raceway","LINK||http://replays.robertsstream.com/racereplays/cust/nyss.php?play=MjAxNzA3MTYxNTI3QlVOMTA=","KJ's Bekah","Kenneth Jacobs","Ross Bonafield","2 YO Filly Pace"
"7/17/17","Monticello Raceway","LINK||http://replays.robertsstream.com/racereplays/cust/nyss.php?play=MjAxNzA3MTcxMzA5TVJEMg==","Deepwell","Joseph Faraldo & Peter Venaglia","Joseph Faraldo & Peter Venaglia","3 YO Colt & Gelding Trot"
"7/17/17","Monticello Raceway","LINK||http://replays.robertsstream.com/racereplays/cust/nyss.php?play=MjAxNzA3MTcxNTMzTVJEOQ==","Too Much Man","Edward Reich & Paul Long","Walnut Hall Ltd","3 YO Colt & Gelding Trot"
"7/17/17","Monticello Raceway","LINK||http://replays.robertsstream.com/racereplays/cust/nyss.php?play=MjAxNzA3MTcxMzI5TVJEMw==","Zack's Zoomer","Ervin Miller Stb Inc & Harvey Eisman","Brittany Farms LLC","3 YO Colt & Gelding Trot"
"7/17/17","Monticello Raceway","LINK||http://replays.robertsstream.com/racereplays/cust/nyss.php?play=MjAxNzA3MTcxNDUyTVJENw==","Big Man Ev","Andy Miller Stb Inc, Lindy Rcg Stb, Harvey Eisman","Lindy Racing Stable","3 YO Colt & Gelding Trot"
"7/17/17","Monticello Raceway","LINK||http://replays.robertsstream.com/racereplays/cust/nyss.php?play=MjAxNzA3MTcxNTUxTVJEMTA=","Southwind Cruze","Andy Miller Stb Inc, Vincent Laurenzo, Robert Laurenzo","Southwind Farm","3 YO Colt & Gelding Trot"
"7/18/17","Yonkers Raceway","N/A","Minne Cheatum","Philip Hale & David Dewhurst","Last Hurrah Stable","2 YO Filly Trot"
"7/18/17","Yonkers Raceway","N/A","Irish Kate","Donald Cosgrove","Donald Cosgrove","2 YO Filly Trot"
"7/18/17","Yonkers Raceway","N/A","Chaperess","Purple Haze Stables LLC","David Meirs II & W. Henderson","2 YO Filly Trot"
"7/18/17","Yonkers Raceway","N/A","Pain In The Mass","Cheryl McGivern, DMCS Stb, Seth Coen, Timothy Salls","Franklin Fiero","2 YO Filly Trot"
"7/18/17","Yonkers Raceway","LINK||http://replays.robertsstream.com/racereplays/cust/nyss.php?play=MjAxNzA3MTgxOTMyWU9OMg==","Worthyourattention","Anna Lorentzon","Anna Lorentzon","2 YO Filly Trot"
"7/18/17","Yonkers Raceway","LINK||http://replays.robertsstream.com/racereplays/cust/nyss.php?play=MjAxNzA3MTgyMDExWU9ONA==","Daleys Dream Dewey","Ann-Mari Daley, James Crawford IV, Donald Brenner","Ann-Mari Daley","2 YO Filly Trot"
"7/20/17","Saratoga Harness","LINK||http://replays.robertsstream.com/racereplays/cust/nyss.php?play=MjAxNzA3MjAxMjUwU1JOMw==","Creditover","Purple Haze Stables LLC","Tara Hills Stud Ltd & Matthew Harrison","3 YO Filly Trot"
"7/20/17","Saratoga Harness","LINK||http://replays.robertsstream.com/racereplays/cust/nyss.php?play=MjAxNzA3MjAxNTQ0U1JOMTI=","She's Smoke","Ann-Mari Daley & James Crawford IV","Noelle Duspiva","3 YO Filly Trot"
"7/20/17","Saratoga Harness","LINK||http://replays.robertsstream.com/racereplays/cust/nyss.php?play=MjAxNzA3MjAxMzEzU1JONA==","Teasin N Pleasin","Edward Reich, Thomas Corelli, Fred Corelli","Winbak Farm","3 YO Filly Trot"
"7/20/17","Saratoga Harness","LINK||http://replays.robertsstream.com/racereplays/cust/nyss.php?play=MjAxNzA3MjAxNTI2U1JOMTE=","Prairie Diamonds","Laurie Poulin, Michael Deters, Frederick Morosini, Fritz Rcg","Laurie Poulin","3 YO Filly Trot"
"7/20/17","Saratoga Harness","LINK||http://replays.robertsstream.com/racereplays/cust/nyss.php?play=MjAxNzA3MjAxNjA0U1JOMTM=","Seventh Heaven","Richard Balog","Richard Balog","3 YO Filly Trot"
"7/22/17","Saratoga Harness","LINK||http://replays.robertsstream.com/racereplays/cust/nyss.php?play=MjAxNzA3MjIxOTQ3U1JOMw==","Party Boy","Sara Kimelman & Michael Kimelman","Albert Crawford & Michelle Crawford","3 YO Colt & Gelding Pace"
"7/22/17","Saratoga Harness","LINK||http://replays.robertsstream.com/racereplays/cust/nyss.php?play=MjAxNzA3MjIxOTI0U1JOMg==","Geez Joe","Bay Pond Racing Stable","Winbak Farm","3 YO Colt & Gelding Pace"
"7/22/17","Saratoga Harness","LINK||http://replays.robertsstream.com/racereplays/cust/nyss.php?play=MjAxNzA3MjIyMzA1U1JOMTM=","Blueberry Heaven","Fred Monteleone Stb LLC","Fred Monteleone Stb LLC","3 YO Colt & Gelding Pace"
"7/22/17","Saratoga Harness","LINK||http://replays.robertsstream.com/racereplays/cust/nyss.php?play=MjAxNzA3MjIyMzI0U1JOMTQ=","Americanfirewater","Rock And Roll Stable Inc","Blue Chip Bloodstock Inc","3 YO Colt & Gelding Pace"
"7/24/17","Monticello Raceway","LINK||http://replays.robertsstream.com/racereplays/cust/nyss.php?play=MjAxNzA3MjQxMjQ4TVJEMQ==","Mach N Cheese","Save The Day Stable","Winbak Farm","2 YO Colt & Gelding Pace"
"7/24/17","Monticello Raceway","LINK||http://replays.robertsstream.com/racereplays/cust/nyss.php?play=MjAxNzA3MjQxMzA4TVJEMg==","Rockapelo","Enviro Stables Ltd","Enviro Stables Ltd","2 YO Colt & Gelding Pace"
"7/24/17","Monticello Raceway","LINK||http://replays.robertsstream.com/racereplays/cust/nyss.php?play=MjAxNzA3MjQxNTE0TVJEOA==","Aces In Heaven","Mike Veltcamp","Crawford Farms LLC","2 YO Colt & Gelding Pace"
"7/24/17","Monticello Raceway","LINK||http://replays.robertsstream.com/racereplays/cust/nyss.php?play=MjAxNzA3MjQxNTMzTVJEOQ==","You Got Trumped","Louis Frascella, Thomas Frascella, A Harris Rcg LLC","Winbak Farm","2 YO Colt & Gelding Pace"
"7/24/17","Monticello Raceway","LINK||http://replays.robertsstream.com/racereplays/cust/nyss.php?play=MjAxNzA3MjQxNTUzTVJEMTA=","Rootin Tootin","Blake MacIntosh & Stuart McIntosh","Winbak Farm","2 YO Colt & Gelding Pace"
"7/25/17","Saratoga Harness","LINK||http://replays.robertsstream.com/racereplays/cust/nyss.php?play=MjAxNzA3MjUxOTU3U1JONA==","Majorette Angie","Marilyn Gross & Heiman Gross","Marilyn Gross & Heiman Gross","2 YO Filly Pace"
"7/25/17","Saratoga Harness","LINK||http://replays.robertsstream.com/racereplays/cust/nyss.php?play=MjAxNzA3MjUyMTExU1JOOA==","Pasta Blue Chip","Blake MacIntosh & Glenn Bechtel","Blue Chip Bloodstock Inc","2 YO Filly Pace"
"7/25/17","Saratoga Harness","LINK||http://replays.robertsstream.com/racereplays/cust/nyss.php?play=MjAxNzA3MjUyMjA2U1JOMTE=","Surreal Feeling","Chris Lawton & Dale Lawton","Jim Winske","2 YO Filly Pace"
"7/25/17","Saratoga Harness","LINK||http://replays.robertsstream.com/racereplays/cust/nyss.php?play=MjAxNzA3MjUxOTQwU1JOMw==","Pammy Jo","Jay Sears & Richard Dunmire","Jay Sears","2 YO Filly Pace"
"7/25/17","Saratoga Harness","LINK||http://replays.robertsstream.com/racereplays/cust/nyss.php?play=MjAxNzA3MjUyMDE1U1JONQ==","Pelican Blue Chip","Blue Chip Bloodstock Inc, Michelle Rosato, Matthew Dugan","George Anthony, Blue Chip Farms LLC, Darryl Gombert, Jeffrey Rose","2 YO Filly Pace"
"7/25/17","Saratoga Harness","LINK||http://replays.robertsstream.com/racereplays/cust/nyss.php?play=MjAxNzA3MjUyMDMzU1JONg==","Major Maid","Enzed Rcg Stb Inc & William Switala","Gregory Dey","2 YO Filly Pace"
"7/25/17","Saratoga Harness","LINK||http://replays.robertsstream.com/racereplays/cust/nyss.php?play=MjAxNzA3MjUyMTI5U1JOOQ==","Jericho Diva","Gary Smith","Gary Smith","2 YO Filly Pace"
"7/26/17","Batavia Downs","LINK||http://replays.robertsstream.com/racereplays/cust/nyss.php?play=MjAxNzA3MjYxNzU4QlROMQ==","Royal Reveries","Chris Lawton & Dale Lawton","Morrisville Col Fdn Inc","2 YO Filly Trot"
"7/26/17","Batavia Downs","LINK||http://replays.robertsstream.com/racereplays/cust/nyss.php?play=MjAxNzA3MjYyMDAyQlRONw==","Barn Bliss","Steven Pratt, Nancy Pratt, Purple Haze Stbs LLC, Out In The Country Stb","Diamond Creek Farm LLC","2 YO Filly Trot"
"7/26/17","Batavia Downs","LINK||http://replays.robertsstream.com/racereplays/cust/nyss.php?play=MjAxNzA3MjYyMDI0QlROOA==","Miss Muscle","David Smith, John Stark Jr, James Giannuzzi, Daniel Giannuzzi","Edward Lohmeyer","2 YO Filly Trot"
"7/26/17","Batavia Downs","LINK||http://replays.robertsstream.com/racereplays/cust/nyss.php?play=MjAxNzA3MjYyMDQyQlROOQ==","Pittstop Emerald","Robert Gale","Cherry Hill Farm","2 YO Filly Trot"
"7/26/17","Batavia Downs","LINK||http://replays.robertsstream.com/racereplays/cust/nyss.php?play=MjAxNzA3MjYyMTAyQlROMTA=","Red Reign","Legendary Standardbred Farm","Legendary Standardbred Farm","2 YO Filly Trot"
"7/28/17","Yonkers Raceway","N/A","Megyn K","Stephen Schneider, William Siegel, Jay Liberman, Karen Munk","Robert Newman","3 YO Filly Pace"
"7/28/17","Yonkers Raceway","N/A","Rollingndiamonds","John Hallet, L Oglesby, Jeanne Zukowski","L Oglesby","3 YO Filly Pace"
"7/28/17","Yonkers Raceway","N/A","St Helena","Christina Takter & Stephen Gordon","Brittany Farms LLC, Doug & Steve Monieson","3 YO Filly Pace"
"7/28/17","Yonkers Raceway","N/A","Roll With Sparky","Jim Graham, Lee Winters, Paul Tandlmayer","Morrisville Col Fdn Inc","3 YO Filly Pace"
"7/28/17","Yonkers Raceway","LINK||http://replays.robertsstream.com/racereplays/cust/nyss.php?play=MjAxNzA3MjgxOTA4WU9OMQ==","Oceania","Royal Wire Products Inc & United Process Control Co.","Brittany Farms LLC","3 YO Filly Pace"
"7/28/17","Yonkers Raceway","LINK||http://replays.robertsstream.com/racereplays/cust/nyss.php?play=MjAxNzA3MjgxOTMwWU9OMg==","Bestgirlfriendever","Eric Taddeo & Rosemarie Sienicki","Eric Taddeo","3 YO Filly Pace"
"7/30/17","Batavia Downs","N/A","Great Tune","Brittney Ohol","Louie Camara","3 YO Colt & Gelding Pace"
"7/30/17","Batavia Downs","LINK||http://replays.robertsstream.com/racereplays/cust/nyss.php?play=MjAxNzA3MzAxMzE0QlROMQ==","Percy's Z Tam","Pat LaChance, Z Tam Stbs LLC, M&M Harness Rcg LLC, Royal Flush Stb LLC","Michael Parisi","3 YO Colt & Gelding Pace"
"7/30/17","Batavia Downs","LINK||http://replays.robertsstream.com/racereplays/cust/nyss.php?play=MjAxNzA3MzAxNTA3QlRONw==","Steuben Jobee","Marlene Taylor","Steuben Farms","3 YO Colt & Gelding Pace"
"7/31/17","Monticello Raceway","LINK||http://replays.robertsstream.com/racereplays/cust/nyss.php?play=MjAxNzA3MzExMzUyTVJENA==","Notmeitsyou","Peter Barbato, Matthew Bencic, Sam Schillaci","Celebrity Farms","2 YO Colt & Gelding Trot"
"7/31/17","Monticello Raceway","LINK||http://replays.robertsstream.com/racereplays/cust/nyss.php?play=MjAxNzA3MzExNDUxTVJENw==","Conman Crown","Pine Hill Stables","Pine Hill Stables","2 YO Colt & Gelding Trot"
"7/31/17","Monticello Raceway","LINK||http://replays.robertsstream.com/racereplays/cust/nyss.php?play=MjAxNzA3MzExNTMzTVJEOQ==","Tournament","Philip Hale & David Dewhurst","Allister Stables LLC","2 YO Colt & Gelding Trot"
"7/31/17","Monticello Raceway","LINK||http://replays.robertsstream.com/racereplays/cust/nyss.php?play=MjAxNzA3MzExMzA4TVJEMg==","On The Ropes","Ake Svanstedt Inc","Maple Hill Stdbrd Farm","2 YO Colt & Gelding Trot"
"7/31/17","Monticello Raceway","LINK||http://replays.robertsstream.com/racereplays/cust/nyss.php?play=MjAxNzA3MzExMzMxTVJEMw==","Activist","Little E LLC","Willow Pond LLC","2 YO Colt & Gelding Trot"
"7/31/17","Monticello Raceway","LINK||http://replays.robertsstream.com/racereplays/cust/nyss.php?play=MjAxNzA3MzExNDMzTVJENg==","Broadway Bruiser","Royal Wire Products Inc","James Avritt Sr","2 YO Colt & Gelding Trot"
"7/31/17","Monticello Raceway","LINK||http://replays.robertsstream.com/racereplays/cust/nyss.php?play=MjAxNzA3MzExNTU2TVJEMTA=","Dewey Hava Winner","Eric Taddeo","Eric Taddeo","2 YO Colt & Gelding Trot"
"8/1/17","Yonkers Raceway","N/A","Creditover","Purple Haze Stables LLC","Tara Hills Stud Ltd & Matthew Harrison","3 YO Filly Trot"
"8/1/17","Yonkers Raceway","N/A","Myrna Myrna","G Buzzy Sholty","George F Sholty Stable Inc","3 YO Filly Trot"
"8/1/17","Yonkers Raceway","LINK||http://replays.robertsstream.com/racereplays/cust/nyss.php?play=MjAxNzA4MDExOTMyWU9OMg==","Aunt Susie","Ervin Miller Stb Inc, Paymaq Rcg, Nick Surick Stb LLC, Louis Willinger","Hanover Shoe Farms Inc","3 YO Filly Trot"
"8/1/17","Yonkers Raceway","LINK||http://replays.robertsstream.com/racereplays/cust/nyss.php?play=MjAxNzA4MDEyMDEyWU9ONA==","Seventh Heaven","Richard Balog","Richard Balog","3 YO Filly Trot"
"8/1/17","Yonkers Raceway","LINK||http://replays.robertsstream.com/racereplays/cust/nyss.php?play=MjAxNzA4MDEyMDMyWU9ONQ==","Mighty Surf","Roy Dobbins","Roy Dobbins","3 YO Filly Trot"
"8/2/17","Saratoga Harness","N/A","Surfing Tide","Joseph Davino, Brad Shackman, Patrick O'Brien, Drennan Stb LLC","Winbak Farm","2 YO Colt & Gelding Pace"
"8/2/17","Saratoga Harness","LINK||http://replays.robertsstream.com/racereplays/cust/nyss.php?play=MjAxNzA4MDIxOTIzU1JOMg==","Manverick","M And L of Delaware LLC, James Giannuzzi, David Smith","Steiner Stock Farm","2 YO Colt & Gelding Pace"
"8/2/17","Saratoga Harness","LINK||http://replays.robertsstream.com/racereplays/cust/nyss.php?play=MjAxNzA4MDIyMjEyU1JOMTE=","Keystone Tenacious","Patricia Stable & Lawrence Thomases","Estate of George F Hempt Trust","2 YO Colt & Gelding Pace"
"8/2/17","Saratoga Harness","LINK||http://replays.robertsstream.com/racereplays/cust/nyss.php?play=MjAxNzA4MDIyMjMwU1JOMTI=","Rockapelo","Enviro Stables Ltd","Enviro Stables Ltd","2 YO Colt & Gelding Pace"
"8/2/17","Saratoga Harness","LINK||http://replays.robertsstream.com/racereplays/cust/nyss.php?play=MjAxNzA4MDIyMjQ3U1JOMTM=","Hitman Hill","Tom Hill","Blue Chip Bloodstock Inc","2 YO Colt & Gelding Pace"
"8/3/17","Yonkers Raceway","N/A","Finally Michaels","Philip Hale & David Dewhurst","Stirling Brook Farms Inc","3 YO Colt & Gelding Trot"
"8/3/17","Yonkers Raceway","N/A","New York Chrome","Philip Hale & David Dewhurst","Philip Hale","3 YO Colt & Gelding Trot"
"8/3/17","Yonkers Raceway","N/A","Southwind Cruze","Andy Miller Stb Inc, Vincent Laurenzo, Robert Laurenzo","Southwind Farm","3 YO Colt & Gelding Trot"
"8/3/17","Yonkers Raceway","LINK||http://replays.robertsstream.com/racereplays/cust/nyss.php?play=MjAxNzA4MDMxOTMxWU9OMg==","Golden Kronos","Michael Pozefsky, William Pozefsky, Myron Ekstein","Order By Stable","3 YO Colt & Gelding Trot"
"8/3/17","Yonkers Raceway","LINK||http://replays.robertsstream.com/racereplays/cust/nyss.php?play=MjAxNzA4MDMxOTUyWU9OMw==","DW's Revenge","Sally Cartier","WD LaPage Stable","3 YO Colt & Gelding Trot"
"8/4/17","Tioga Downs","LINK||http://replays.robertsstream.com/racereplays/cust/nyss.php?play=MjAxNzA4MDQyMTM2VFFOMTE=","Surreal Feeling","Chris Lawton & Dale Lawton","Jim Winske","2 YO Filly Pace"
"8/4/17","Tioga Downs","LINK||http://replays.robertsstream.com/racereplays/cust/nyss.php?play=MjAxNzA4MDQyMTUwVFFOMTI=","Fast Date","Latz A Luck Stable","Winbak Farm","2 YO Filly Pace"
"8/4/17","Tioga Downs","LINK||http://replays.robertsstream.com/racereplays/cust/nyss.php?play=MjAxNzA4MDQyMjA0VFFOMTM=","Cheyenne Deo","Tracy Brainard","Deo Volente Farms LLC","2 YO Filly Pace"
"8/4/17","Tioga Downs","LINK||http://replays.robertsstream.com/racereplays/cust/nyss.php?play=MjAxNzA4MDQxODQ5VFFOMQ==","Fatima TK","Anatolia Farm LLC","Anatolia Racing Stb Inc","2 YO Filly Pace"
"8/4/17","Tioga Downs","LINK||http://replays.robertsstream.com/racereplays/cust/nyss.php?play=MjAxNzA4MDQxOTAyVFFOMg==","Glancewithme","Frank Chick","Brittany Farms LLC","2 YO Filly Pace"
"8/4/17","Tioga Downs","LINK||http://replays.robertsstream.com/racereplays/cust/nyss.php?play=MjAxNzA4MDQyMTA3VFFOOQ==","Special Kay Deo","Crawford Farms Rcg, North Fork Rcg Stb, Jeffrey Nanna","Deo Volente Farms LLC","2 YO Filly Pace"
"8/4/17","Tioga Downs","LINK||http://replays.robertsstream.com/racereplays/cust/nyss.php?play=MjAxNzA4MDQyMTIxVFFOMTA=","Newsday","Brittany Farms LLC, Val D'Or Farms","Brittany Farms LLC, Val D'Or Farms","2 YO Filly Pace"
"8/6/17","Batavia Downs","LINK||http://replays.robertsstream.com/racereplays/cust/nyss.php?play=MjAxNzA4MDYxMzE0QlROMQ==","Miss Roll Joe","Jim Graham","Purple Haze Stables LLC","3 YO Filly Pace"
"8/6/17","Batavia Downs","LINK||http://replays.robertsstream.com/racereplays/cust/nyss.php?play=MjAxNzA4MDYxMzMyQlROMg==","The Signature","Brianne Good","Steve Stewart","3 YO Filly Pace"
"8/6/17","Batavia Downs","LINK||http://replays.robertsstream.com/racereplays/cust/nyss.php?play=MjAxNzA4MDYxNDUwQlRONg==","Ameraway","Ervin Miller Stb Inc, Paymaq Rcg, Tangie Massey, Neil Cumsky","Brittany Farms LLC","3 YO Filly Pace"
"8/6/17","Batavia Downs","LINK||http://replays.robertsstream.com/racereplays/cust/nyss.php?play=MjAxNzA4MDYxNTA4QlRONw==","Roll With Sparky","Jim Graham, Lee Winters, Paul Tandlmayer","Morrisville Col Fdn Inc","3 YO Filly Pace"
"8/6/17","Batavia Downs","LINK||http://replays.robertsstream.com/racereplays/cust/nyss.php?play=MjAxNzA4MDYxNTI2QlROOA==","All About The Pace","Triple D Stbs Inc, JFE Enterprise LLC","Fair Winds Farm Inc","3 YO Filly Pace"
"8/8/17","Yonkers Raceway","N/A","Tobasco","Linda Kenney, DiStefano & Son Stable","Earl Beaman & Kathy Beaman","2 YO Colt & Gelding Trot"
"8/8/17","Yonkers Raceway","N/A","Voss Volo","Pinske Stables, William Wiswell","Kentuckiana Farms LLC, Jorgen Jahre Jr","2 YO Colt & Gelding Trot"
"8/8/17","Yonkers Raceway","LINK||http://replays.robertsstream.com/racereplays/cust/nyss.php?play=MjAxNzA4MDgxOTMxWU9OMg==","On The Ropes","Ake Svanstedt Inc","Maple Hill Standardbred Farm","2 YO Colt & Gelding Trot"
"8/8/17","Yonkers Raceway","LINK||http://replays.robertsstream.com/racereplays/cust/nyss.php?play=MjAxNzA4MDgxOTUyWU9OMw==","Dewey Hava Winner","Eric Taddeo","Eric Taddeo","2 YO Colt & Gelding Trot"
"8/8/17","Yonkers Raceway","LINK||http://replays.robertsstream.com/racereplays/cust/nyss.php?play=MjAxNzA4MDgyMDE2WU9ONA==","Activist","Little E LLC","Willow Pond LLC","2 YO Colt & Gelding Trot"
"8/10/17","Vernon Downs","LINK||http://replays.robertsstream.com/racereplays/cust/nyss.php?play=MjAxNzA4MTAxOTA0VlJOMg==","Barn Sis","Morrisville Col Fdn Inc","Bluestone Farms LLC, Fredericka Caldwell","3 YO Filly Trot"
"8/10/17","Vernon Downs","LINK||http://replays.robertsstream.com/racereplays/cust/nyss.php?play=MjAxNzA4MTAxOTQwVlJONA==","Creditover","Purple Haze Stables LLC","Tara Hills Stud Ltd, Matthew Harrison","3 YO Filly Trot"
"8/10/17","Vernon Downs","LINK||http://replays.robertsstream.com/racereplays/cust/nyss.php?play=MjAxNzA4MTAxODQ0VlJOMQ==","Chapter Review","Paul Kelley Rcg Stb, Joe Sbrocco, Abraham Singer, East Pond Stb","Michael Wilt","3 YO Filly Trot"
"8/10/17","Vernon Downs","LINK||http://replays.robertsstream.com/racereplays/cust/nyss.php?play=MjAxNzA4MTAyMDE4VlJONg==","Seventh Heaven","Richard Balog","Richard Balog","3 YO Filly Trot"
"8/10/17","Vernon Downs","LINK||http://replays.robertsstream.com/racereplays/cust/nyss.php?play=MjAxNzA4MTAyMDM4VlJONw==","Prairie Diamonds","Laurie Poulin, Michael Deters, Frederick Morosini, Fritz Rcg","Laurie Poulin","3 YO Filly Trot"
"8/11/17","Tioga Downs","LINK||http://replays.robertsstream.com/racereplays/cust/nyss.php?play=MjAxNzA4MTEyMTQ1VFFOMTE=","General E","Save The Day Stable","Everett Hopper","3 YO Colt & Gelding Trot"
"8/11/17","Tioga Downs","LINK||http://replays.robertsstream.com/racereplays/cust/nyss.php?play=MjAxNzA4MTEyMTI5VFFOMTA=","Sheldon","Richard Gutnick, Joseph Lozito Jr, Theodore Gewertz","Diamond Creek Farm LLC","3 YO Colt & Gelding Trot"
"8/11/17","Tioga Downs","LINK||http://replays.robertsstream.com/racereplays/cust/nyss.php?play=MjAxNzA4MTExODQ5VFFOMQ==","Big Man Ev","Andy Miller Stb Inc, Lindy Rcg Stb, Harvey Eisman","Lindy Racing Stable","3 YO Colt & Gelding Trot"
"8/11/17","Tioga Downs","LINK||http://replays.robertsstream.com/racereplays/cust/nyss.php?play=MjAxNzA4MTEyMDU1VFFOOA==","Winneress","Purple Haze Stables LLC","Arden Homestead Stb, Dunroven Stud LLC","3 YO Colt & Gelding Trot"
"8/11/17","Tioga Downs","LINK||http://replays.robertsstream.com/racereplays/cust/nyss.php?play=MjAxNzA4MTEyMTEzVFFOOQ==","DW's Revenge","Sally Cartier","WD LaPage Stable","3 YO Colt & Gelding Trot"
"8/13/17","Tioga Downs","N/A","Muscle Up Hazel","Winbak Farm","Winbak Farm","2 YO Filly Trot"
"8/13/17","Tioga Downs","LINK||http://replays.robertsstream.com/racereplays/cust/nyss.php?play=MjAxNzA4MTMxMjU4VFFOMQ==","Grammy Winner","Lynette Buter, William Fuhs, Gene Oldford Farms LLC, Carol Fuhs","Hanover Shoe Farms Inc","2 YO Filly Trot"
"8/13/17","Tioga Downs","LINK||http://replays.robertsstream.com/racereplays/cust/nyss.php?play=MjAxNzA4MTMxMzE4VFFOMg==","Irish Kate","Donald Cosgrove","Donald Cosgrove","2 YO Filly Trot"
"8/13/17","Tioga Downs","LINK||http://replays.robertsstream.com/racereplays/cust/nyss.php?play=MjAxNzA4MTMxMzM3VFFOMw==","A Thing Goin On","Crawford Farms Rcg, North Fork Rcg Stb","William Jones, Steve Stewart","2 YO Filly Trot"
"8/13/17","Tioga Downs","LINK||http://replays.robertsstream.com/racereplays/cust/nyss.php?play=MjAxNzA4MTMxNjI1VFFOMTI=","Chaperess","Purple Haze Stables LLC","David Meirs II, W Henderson","2 YO Filly Trot"
"8/13/17","Tioga Downs","LINK||http://replays.robertsstream.com/racereplays/cust/nyss.php?play=MjAxNzA4MTMxNjQ2VFFOMTM=","Somedew Somedont","Chris Lawton, Dale Lawton","Morrisville Col Fdn Inc","2 YO Filly Trot"
"8/13/17","Tioga Downs","LINK||http://replays.robertsstream.com/racereplays/cust/nyss.php?play=MjAxNzA4MTMxNzA0VFFOMTQ=","Pittstop Emerald","Robert Gale","Cherry Hill Farm","2 YO Filly Trot"
"8/13/17","Tioga Downs","LINK||http://replays.robertsstream.com/racereplays/cust/nyss.php?play=MjAxNzA4MTMxNzIwVFFOMTU=","Red Reign","Legendary Standardbred Farm","Legendary Standardbred Farm","2 YO Filly Trot"
"8/16/17","Saratoga Harness","LINK||http://replays.robertsstream.com/racereplays/cust/nyss.php?play=MjAxNzA4MTYxOTIxU1JOMg==","The One The Only","Paul Schell, Joel Kravet","Diane Giuliano, Steve Stewart","2 YO Colt & Gelding Trot"
"8/16/17","Saratoga Harness","LINK||http://replays.robertsstream.com/racereplays/cust/nyss.php?play=MjAxNzA4MTYyMjI3U1JOMTI=","Tournament","Philip Hale, David Dewhurst","Allister Stables LLC","2 YO Colt & Gelding Trot"
"8/16/17","Saratoga Harness","LINK||http://replays.robertsstream.com/racereplays/cust/nyss.php?play=MjAxNzA4MTYxOTU2U1JONA==","On The Ropes","Ake Svanstedt Inc","Maple Hill Standardbred Farm","2 YO Colt & Gelding Trot"
"8/16/17","Saratoga Harness","LINK||http://replays.robertsstream.com/racereplays/cust/nyss.php?play=MjAxNzA4MTYyMTExU1JOOA==","Troller","Michael Woodward","Bonnie Woodward","2 YO Colt & Gelding Trot"
"8/16/17","Saratoga Harness","LINK||http://replays.robertsstream.com/racereplays/cust/nyss.php?play=MjAxNzA4MTYyMTQ5U1JOMTA=","If Not Why Not","Michael Polansky","Michael Polansky","2 YO Colt & Gelding Trot"
"8/17/17","Yonkers Raceway","LINK||http://replays.robertsstream.com/racereplays/cust/nyss.php?play=MjAxNzA4MTcxOTA5WU9OMQ==","Surreal Feeling","Chris Lawton, Dale Lawton","Jim Winske","2 YO Filly Pace"
"8/17/17","Yonkers Raceway","LINK||http://replays.robertsstream.com/racereplays/cust/nyss.php?play=MjAxNzA4MTcxOTMyWU9OMg==","Successful Outlook","Joseph Chindano Sr.","Winbak Farm","2 YO Filly Pace"
"8/17/17","Yonkers Raceway","LINK||http://replays.robertsstream.com/racereplays/cust/nyss.php?play=MjAxNzA4MTcxOTUxWU9OMw==","Fatima TK","Anatolia Farm LLC","Anatolia Racing Stable Inc","2 YO Filly Pace"
"8/17/17","Yonkers Raceway","LINK||http://replays.robertsstream.com/racereplays/cust/nyss.php?play=MjAxNzA4MTcyMDEyWU9ONA==","Betterthanbrie","Christina Takter, John Fielding, Goran Anderberg","Christina Takter, John Fielding","2 YO Filly Pace"
"8/17/17","Yonkers Raceway","LINK||http://replays.robertsstream.com/racereplays/cust/nyss.php?play=MjAxNzA4MTcyMDM3WU9ONQ==","Majorette Angie","Marilynn Gross, Heiman Gross","Marilynn Gross, Heiman Gross","2 YO Filly Pace"
"8/17/17","Yonkers Raceway","LINK||http://replays.robertsstream.com/racereplays/cust/nyss.php?play=MjAxNzA4MTcyMTM3WU9OOA==","Jericho Diva","Gary Smith","Gary Smith","2 YO Filly Pace"
"8/18/17","Vernon Downs","LINK||http://replays.robertsstream.com/racereplays/cust/nyss.php?play=MjAxNzA4MTgxODQ0VlJOMQ==","Brinks Job","Rick Berks","Blue Chip Bloodstock Inc, Our Horse Cents Stables","2 YO Colt & Gelding Pace"
"8/18/17","Vernon Downs","LINK||http://replays.robertsstream.com/racereplays/cust/nyss.php?play=MjAxNzA4MTgxOTAyVlJOMg==","Buckys Brat","Lawrence LaPage","Winbak Farm","2 YO Colt & Gelding Pace"
"8/18/17","Vernon Downs","LINK||http://replays.robertsstream.com/racereplays/cust/nyss.php?play=MjAxNzA4MTgxOTM5VlJONA==","Rockapelo","Enviro Stables Ltd","Enviro Stables Ltd","2 YO Colt & Gelding Pace"
"8/18/17","Vernon Downs","LINK||http://replays.robertsstream.com/racereplays/cust/nyss.php?play=MjAxNzA4MTgxOTU4VlJONQ==","Prophet Blue Chip","Robert Sholes, Edward Davis, David Dziengiel","Blue Chip Bloodstock Inc","2 YO Colt & Gelding Pace"
"8/18/17","Vernon Downs","LINK||http://replays.robertsstream.com/racereplays/cust/nyss.php?play=MjAxNzA4MTgyMjIxVlJOMTI=","Rootin Tootin","Blake MacIntosh, Stuart McIntosh","Winbak Farm","2 YO Colt & Gelding Pace"
"8/21/17","Monticello Raceway","N/A","Irish Kate","Donald Cosgrove","Donald Cosgrove","2 YO Filly Trot"
"8/21/17","Monticello Raceway","LINK||http://replays.robertsstream.com/racereplays/cust/nyss.php?play=MjAxNzA4MjExNDU0TVJENw==","Grammy Winner","Lynette Buter, William Fuhs, Gene Oldford Farms LLC, Carol Fuhs","Hanover Shoe Farms Inc","2 YO Filly Trot"
"8/21/17","Monticello Raceway","LINK||http://replays.robertsstream.com/racereplays/cust/nyss.php?play=MjAxNzA4MjExNTU0TVJEMTA=","Video Chic","Winbak Farms","Winbak Farms","2 YO Filly Trot"
"8/21/17","Monticello Raceway","LINK||http://replays.robertsstream.com/racereplays/cust/nyss.php?play=MjAxNzA4MjExMjQ5TVJEMQ==","Barn Bliss","Steven Pratt, Nancy Pratt, Purple Haze Stables LLC, Out In The Country Stable","Diamond Creek Farm LLC","2 YO Filly Trot"
"8/21/17","Monticello Raceway","LINK||http://replays.robertsstream.com/racereplays/cust/nyss.php?play=MjAxNzA4MjExMzU0TVJENA==","Southwind Cookie","Our Horse Cents Stbs, J&T Silva Stbs LLC","Southwind Farms LLC","2 YO Filly Trot"
"8/21/17","Monticello Raceway","LINK||http://replays.robertsstream.com/racereplays/cust/nyss.php?play=MjAxNzA4MjExNDEzTVJENQ==","Chaperess","Purple Haze Stables LLC","David Meirs II, W Henderson","2 YO Filly Trot"
"8/21/17","Monticello Raceway","LINK||http://replays.robertsstream.com/racereplays/cust/nyss.php?play=MjAxNzA4MjExNDMzTVJENg==","Pain In The Mass","Cheryl McGivern, DMCS Stb, Seth Cohen, Timothy Salls","Franklin Fiero","2 YO Filly Trot"
"8/21/17","Monticello Raceway","LINK||http://replays.robertsstream.com/racereplays/cust/nyss.php?play=MjAxNzA4MjExNjMyTVJEMTI=","A Thing Goin On","Crawford Farms Rcg, Northfork Rcg Stb","William Jones, Steve Stewart","2 YO Filly Trot"
"8/25/17","Yonkers Raceway","N/A","Ameriman","M And L of Delaware LLC","John Carver","2 YO Colt & Gelding Pace"
"8/25/17","Yonkers Raceway","N/A","Prophet Blue Chip","Robert Sholes, Edward Davis, David Dziengiel","Blue Chip Bloodstock Inc","2 YO Colt & Gelding Pace"
"8/25/17","Yonkers Raceway","LINK||http://replays.robertsstream.com/racereplays/cust/nyss.php?play=MjAxNzA4MjUxOTA4WU9OMQ==","Trump Nation","Evan Katz, A Harris Rcg LLC","Richard Banca, Redmark Enterprises LLC","2 YO Colt & Gelding Pace"
"8/25/17","Yonkers Raceway","LINK||http://replays.robertsstream.com/racereplays/cust/nyss.php?play=MjAxNzA4MjUxOTI4WU9OMg==","Manverick","M And L of Delaware LLC. James Giannuzzi, David Smith","Steiner Stock Farm","2 YO Colt & Gelding Pace"
"8/27/17","Batavia Downs","LINK||http://replays.robertsstream.com/racereplays/cust/nyss.php?play=MjAxNzA4MjcxNDM0QlRONQ==","Southeaster","William Miller II","William Miller II","2 YO Colt & Gelding Trot"
"8/27/17","Batavia Downs","LINK||http://replays.robertsstream.com/racereplays/cust/nyss.php?play=MjAxNzA4MjcxNDU0QlRONg==","I Am A Summer","Roy Dobbins","Roy Dobbins","2 YO Colt & Gelding Trot"
"8/27/17","Batavia Downs","LINK||http://replays.robertsstream.com/racereplays/cust/nyss.php?play=MjAxNzA4MjcxMzM0QlROMg==","Dewey Hava Winner","Eric Taddeo","Eric Taddeo","2 YO Colt & Gelding Trot"
"8/27/17","Batavia Downs","LINK||http://replays.robertsstream.com/racereplays/cust/nyss.php?play=MjAxNzA4MjcxMzU0QlROMw==","If Not Why Not","Michael Polansky","Michael Polansky","2 YO Colt & Gelding Trot"
"8/28/17","Monticello Raceway","LINK||http://replays.robertsstream.com/racereplays/cust/nyss.php?play=MjAxNzA4MjgxMjQ3TVJEMQ==","Project Rock","Ian Behar, Kristie Leigh Farm Inc","Ian Behar, Kristie Leigh Farm Inc","3 YO Colt & Gelding Pace"
"8/28/17","Monticello Raceway","LINK||http://replays.robertsstream.com/racereplays/cust/nyss.php?play=MjAxNzA4MjgxNTExTVJEOA==","Sir Pugsley","Mortberg Trust 10-27-98","Mortberg Trust 10-27-98","3 YO Colt & Gelding Pace"
"8/28/17","Monticello Raceway","LINK||http://replays.robertsstream.com/racereplays/cust/nyss.php?play=MjAxNzA4MjgxNTQ5TVJEMTA=","Steuben Jobee","Howard Taylor","Steuben Farms","3 YO Colt & Gelding Pace"
"8/29/17","Yonkers Raceway","LINK||http://replays.robertsstream.com/racereplays/cust/nyss.php?play=MjAxNzA4MjkxOTA5WU9OMQ==","Successful Outlook","Joseph Chindano","Winbak Farm","2 YO Filly Pace"
"8/29/17","Yonkers Raceway","LINK||http://replays.robertsstream.com/racereplays/cust/nyss.php?play=MjAxNzA4MjkxOTMyWU9OMg==","Surreal Feeling","Chris Lawton, Dale Lawton","Jim Winske","2 YO Filly Pace"
"8/29/17","Yonkers Raceway","LINK||http://replays.robertsstream.com/racereplays/cust/nyss.php?play=MjAxNzA4MjkyMDExWU9ONA==","Majorette Angie","Marilyn Gross, Heiman Gross","Marilyn Gross, Heiman Gross","2 YO Filly Pace"
"8/29/17","Yonkers Raceway","LINK||http://replays.robertsstream.com/racereplays/cust/nyss.php?play=MjAxNzA4MjkyMDM1WU9ONQ==","KJ's Bekah","Kenneth Jacobs","Ross Bonafield","2 YO Filly Pace"
"8/29/17","Yonkers Raceway","LINK||http://replays.robertsstream.com/racereplays/cust/nyss.php?play=MjAxNzA4MjkyMDUyWU9ONg==","Checkered Past","All Star Racing Inc","Old Block Stbls Inc, Kenneth Klein","2 YO Filly Pace"
"8/29/17","Yonkers Raceway","LINK||http://replays.robertsstream.com/racereplays/cust/nyss.php?play=MjAxNzA4MjkyMTEyWU9ONw==","Believe In Me","Winbak Farms","Winbak Farms","2 YO Filly Pace"
"8/30/17","Saratoga Harness","LINK||http://replays.robertsstream.com/racereplays/cust/nyss.php?play=MjAxNzA4MzAxOTIyU1JOMg==","Rufas De Vie","Lynette Buter, Gene Oldford Farms LLC, William Fuhs, Carol Fuhs","Joie De Vie Farms LLC","3 YO Colt & Gelding Trot"
"8/30/17","Saratoga Harness","LINK||http://replays.robertsstream.com/racereplays/cust/nyss.php?play=MjAxNzA4MzAyMzA5U1JOMTQ=","Praying Fay","Melissa Beckwith","Roy Dobbins","3 YO Colt & Gelding Trot"
"8/30/17","Saratoga Harness","LINK||http://replays.robertsstream.com/racereplays/cust/nyss.php?play=MjAxNzA4MzAyMzIyU1JOMTU=","Mind Your Manners","Cheryl McGivern, DMCS Stb, Seth Cohen, Hojohn & Salls Rcg","Arden Homestead Stb, Frank Baldassare","3 YO Colt & Gelding Trot"
"8/30/17","Saratoga Harness","LINK||http://replays.robertsstream.com/racereplays/cust/nyss.php?play=MjAxNzA4MzAyMDA0U1JONA==","Big Man Ev","Andy Miller Stb Inc, Lindy Rcg Stb, Harvey Eisman","Lindy Racing Stable","3 YO Colt & Gelding Trot"
"8/30/17","Saratoga Harness","LINK||http://replays.robertsstream.com/racereplays/cust/nyss.php?play=MjAxNzA4MzAyMTE5U1JOOA==","Sheer Assault","Andy Miller Stb Inc, Ronald Allen, Al Libfeld, Marvin Katz","Al Libfeld, Marvin Katz","3 YO Colt & Gelding Trot"
"8/30/17","Saratoga Harness","LINK||http://replays.robertsstream.com/racereplays/cust/nyss.php?play=MjAxNzA4MzAyMjIwU1JOMTE=","Golden Kronos","Michael Pozefsky, William Pozefsky, Myron Ekstein","Order By Stable","3 YO Colt & Gelding Trot"
"9/1/17","Batavia Downs","LINK||http://replays.robertsstream.com/racereplays/cust/nyss.php?play=MjAxNzA5MDExNzU5QlROMQ==","Buckys Brat","Lawrence LaPage","Winbak Farm","2 YO Colt & Gelding Pace"
"9/1/17","Batavia Downs","LINK||http://replays.robertsstream.com/racereplays/cust/nyss.php?play=MjAxNzA5MDExOTM3QlRONg==","Real Rayenbow","Janice Connor, Arden Homestead Stb, Crawford Farms Rcg","Matthew Gartland","2 YO Colt & Gelding Pace"
"9/1/17","Batavia Downs","LINK||http://replays.robertsstream.com/racereplays/cust/nyss.php?play=MjAxNzA5MDExOTU2QlRONw==","Major Sugar Rush","Ray Schnittker, Steven Arnold","Steve Jones","2 YO Colt & Gelding Pace"
"9/2/17","Saratoga Harness","LINK||http://replays.robertsstream.com/racereplays/cust/nyss.php?play=MjAxNzA5MDIxOTIzU1JOMg==","Video Chic","Winbak Farm","Winbak Farm","2 YO Filly Trot"
"9/2/17","Saratoga Harness","LINK||http://replays.robertsstream.com/racereplays/cust/nyss.php?play=MjAxNzA5MDIyMjA5U1JOMTE=","Precocious Lady","James Corona, John Shufon","Taylor Palmer, Joseph Myers","2 YO Filly Trot"
"9/2/17","Saratoga Harness","LINK||http://replays.robertsstream.com/racereplays/cust/nyss.php?play=MjAxNzA5MDIyMzA5U1JOMTQ=","Muscle Up Hazel","Winbak Farm","Winbak Farm","2 YO Filly Trot"
"9/2/17","Saratoga Harness","LINK||http://replays.robertsstream.com/racereplays/cust/nyss.php?play=MjAxNzA5MDIxOTA0U1JOMQ==","Southwind Cookie","Our Horse Cents Stb, J&T Silva Stbs LLC","Southwind Farms LLC","2 YO Filly Trot"
"9/2/17","Saratoga Harness","LINK||http://replays.robertsstream.com/racereplays/cust/nyss.php?play=MjAxNzA5MDIyMDM3U1JONg==","A Thing Goin On","Crawford Farms Rcg, Northfork Rcg Stb","William Jones, Steve Stewart","2 YO Filly Trot"
"9/2/17","Saratoga Harness","LINK||http://replays.robertsstream.com/racereplays/cust/nyss.php?play=MjAxNzA5MDIyMTE0U1JOOA==","Pain In The Mass","Cheryl McGivern, DMCS Stable, Seth Coen, Timothy Salls","Franklin Fiero","2 YO Filly Trot"
"9/2/17","Saratoga Harness","LINK||http://replays.robertsstream.com/racereplays/cust/nyss.php?play=MjAxNzA5MDIyMTMyU1JOOQ==","Chaperess","Purple Haze Stables LLC","David Meirs II, W Henderson","2 YO Filly Trot"
"9/2/17","Saratoga Harness","LINK||http://replays.robertsstream.com/racereplays/cust/nyss.php?play=MjAxNzA5MDIyMzI1U1JOMTU=","Weekend Wit Bigd","Chuck Sylvester","Denise Williams, Amy Stoltzfus","2 YO Filly Trot"
"9/4/17","Tioga Downs","LINK||http://replays.robertsstream.com/racereplays/cust/nyss.php?play=MjAxNzA5MDQxNjAzVFFOMTE=","Island Adventure","Paula Sarcone","Winbak Farms","3 YO Filly Pace"
"9/4/17","Tioga Downs","LINK||http://replays.robertsstream.com/racereplays/cust/nyss.php?play=MjAxNzA5MDQxNjE3VFFOMTI=","Rollingndiamonds","John Hallett, L Oglesby, Jeanne Zukowski","L Oglesby","3 YO Filly Pace"
"9/4/17","Tioga Downs","LINK||http://replays.robertsstream.com/racereplays/cust/nyss.php?play=MjAxNzA5MDQxMjU5VFFOMQ==","Roll Baby Roll","Ross Bonafield","Ross Bonafield","3 YO Filly Pace"
"9/4/17","Tioga Downs","LINK||http://replays.robertsstream.com/racereplays/cust/nyss.php?play=MjAxNzA5MDQxMzE2VFFOMg==","Takeyourbreathaway","Randy Zhok","Ross Bonafield, Glenn Bechtel","3 YO Filly Pace"
"9/4/17","Tioga Downs","LINK||http://replays.robertsstream.com/racereplays/cust/nyss.php?play=MjAxNzA5MDQxMzM0VFFOMw==","Pirinea's Princess","Latz A Luck Stable","Joseph Pirinea","3 YO Filly Pace"
"9/5/17","Yonkers Raceway","LINK||http://replays.robertsstream.com/racereplays/cust/nyss.php?play=MjAxNzA5MDUxOTA5WU9OMQ==","Perfect Major","Kelly Hastings","Blue Chip Farms LLC, Tanah Merah Farms LLC","3 YO Colt & Gelding Pace"
"9/5/17","Yonkers Raceway","LINK||http://replays.robertsstream.com/racereplays/cust/nyss.php?play=MjAxNzA5MDUxOTA5WU9OMQ==","Project Rock","Ian Behar, Kristie Leigh Farm Inc","Ian Behar, Kristie Leigh Farm Inc","3 YO Colt & Gelding Pace"
"9/5/17","Yonkers Raceway","LINK||http://replays.robertsstream.com/racereplays/cust/nyss.php?play=MjAxNzA5MDUxOTMyWU9OMg==","Brian J","Kenneth Jacobs","Blue Chip Bloodstock Inc, Herbert Burns III, Stephen Demeter","3 YO Colt & Gelding Pace"
"9/6/17","Batavia Downs","LINK||http://replays.robertsstream.com/racereplays/cust/nyss.php?play=MjAxNzA5MDYxNjU5QlROMQ==","Some Royalty","E Treadway, Jaclyn Treadway, Angus MacDonald","Morrisville Col Fdn Inc","3 YO Filly Trot"
"9/6/17","Batavia Downs","LINK||http://replays.robertsstream.com/racereplays/cust/nyss.php?play=MjAxNzA5MDYxODMwQlRONg==","Aunt Susie","Ervin Miller Stb Inc, Paymaq Rcg, Nick Surick Stb LLC, Louis Willinger","Hanover Shoe Farms Inc","3 YO Filly Trot"
"9/6/17","Batavia Downs","LINK||http://replays.robertsstream.com/racereplays/cust/nyss.php?play=MjAxNzA5MDYxODUyQlRONw==","Seventh Heaven","Richard Balog","Richard Balog","3 YO Filly Trot"
"9/7/17","Vernon Downs","LINK||http://replays.robertsstream.com/racereplays/cust/nyss.php?play=MjAxNzA5MDcxODQ0VlJOMQ==","Tournament","Philip Hale, David Dewhurst","Allister Stables LLC","2 YO Colt & Gelding Trot"
"9/7/17","Vernon Downs","LINK||http://replays.robertsstream.com/racereplays/cust/nyss.php?play=MjAxNzA5MDcxOTMzVlJONA==","Naughty Boy Hall","Carla DiNova, Nataleno Reo","Carla DiNova, Nataleno Reo","2 YO Colt & Gelding Trot"
"9/7/17","Vernon Downs","LINK||http://replays.robertsstream.com/racereplays/cust/nyss.php?play=MjAxNzA5MDcxOTU3VlJONQ==","Pappagiorgio","Pine Hill Stables","George K Miller","2 YO Colt & Gelding Trot"
"9/7/17","Vernon Downs","LINK||http://replays.robertsstream.com/racereplays/cust/nyss.php?play=MjAxNzA5MDcxOTE0VlJOMw==","On The Ropes","Ake Svanstedt Inc","Maple Hill Standardbred Farm","2 YO Colt & Gelding Trot"
"9/7/17","Vernon Downs","LINK||http://replays.robertsstream.com/racereplays/cust/nyss.php?play=MjAxNzA5MDcyMDQxVlJONw==","Helpisontheway","The Bay's Stb LLC, Camelot Stb Inc","Richard Balog","2 YO Colt & Gelding Trot"
"9/7/17","Vernon Downs","LINK||http://replays.robertsstream.com/racereplays/cust/nyss.php?play=MjAxNzA5MDcyMDU5VlJOOA==","If Not Why Not","Michael Polansky","Michael Polansky","2 YO Colt & Gelding Trot"
"9/8/17","Batavia Downs","LINK||http://replays.robertsstream.com/racereplays/cust/nyss.php?play=MjAxNzA5MDgxNzU5QlROMQ==","Surreal Feeling","Chris Lawton, Dale Lawton","Jim Winske","2 YO Filly Pace"
"9/8/17","Batavia Downs","LINK||http://replays.robertsstream.com/racereplays/cust/nyss.php?play=MjAxNzA5MDgxOTE1QlRONQ==","With Wings","Michael Polansky","Michael Polansky","2 YO Filly Pace"
"9/8/17","Batavia Downs","LINK||http://replays.robertsstream.com/racereplays/cust/nyss.php?play=MjAxNzA5MDgxOTM0QlRONg==","Act Like A Diva","Paymaq Rcg, Greg Gillis, Louis Willinger, Craig Henderson","Frederick Hertrich III","2 YO Filly Pace"
"9/8/17","Batavia Downs","LINK||http://replays.robertsstream.com/racereplays/cust/nyss.php?play=MjAxNzA5MDgxOTUyQlRONw==","Checkered Past","All Star Racing Inc","Old Block Stbs Inc, Kenneth Klein","2 YO Filly Pace"
"9/8/17","Batavia Downs","LINK||http://replays.robertsstream.com/racereplays/cust/nyss.php?play=MjAxNzA5MDgyMDEwQlROOA==","Pelican Blue Chip","Blue Chip Bloodstock Inc, Michelle Rosato, Matthew Dugan","George Anthony, Blue Chip Farms LLC, Darryl Gombert, Jeffrey Rose","2 YO Filly Pace"
"9/9/17","Tioga Downs","LINK||http://replays.robertsstream.com/racereplays/cust/nyss.php?play=MjAxNzA5MDkxOTA0VFFOMg==","Damion Diesel Hahn","Ray Schnittker, Julie Farlow, Mary Kinsey Arnold, Thomas Spatorico","Steve Jones","2 YO Colt & Gelding Pace"
"9/9/17","Tioga Downs","LINK||http://replays.robertsstream.com/racereplays/cust/nyss.php?play=MjAxNzA5MDkxOTUwVFFONA==","Buckys Brat","Lawrence LaPage","Winbak Farm","2 YO Colt & Gelding Pace"
"9/9/17","Tioga Downs","LINK||http://replays.robertsstream.com/racereplays/cust/nyss.php?play=MjAxNzA5MDkxOTI1VFFOMw==","Cheese Melt","Les Ecuries Dorleans Inc, Gestion Levesque 2005 Inc, Marie Dupont","WJ Donovan","2 YO Colt & Gelding Pace"
"9/9/17","Tioga Downs","LINK||http://replays.robertsstream.com/racereplays/cust/nyss.php?play=MjAxNzA5MDkyMDA3VFFONQ==","Thor De Vie","Jim Graham, Lee Winters, Paul Tandlmayer, Giuseppe Micchia","Joie De Vie Farm LLC","2 YO Colt & Gelding Pace"
"9/9/17","Tioga Downs","LINK||http://replays.robertsstream.com/racereplays/cust/nyss.php?play=MjAxNzA5MDkyMTE4VFFOOQ==","Manverick","M and L of Delaware LLC, James Giannuzzi, David Smith","Steiner Stock Farm","2 YO Colt & Gelding Pace"
"9/11/17","Yonkers Raceway","LINK||http://replays.robertsstream.com/racereplays/cust/nyss.php?play=MjAxNzA5MTExOTA5WU9OMQ==","Padua Hanover","Paul Kelley Rcg Stb, Murray Brown","Hanover Shoe Farms Inc","2 YO Filly Trot"
"9/11/17","Yonkers Raceway","LINK||http://replays.robertsstream.com/racereplays/cust/nyss.php?play=MjAxNzA5MTExOTMxWU9OMg==","Uandmetogether AS","ACL Stuteri AB","ACL Stuteri AB, Kjell Johannsson","2 YO Filly Trot"
"9/11/17","Yonkers Raceway","LINK||http://replays.robertsstream.com/racereplays/cust/nyss.php?play=MjAxNzA5MTExOTUxWU9OMw==","Pittstop Emerald","Robert Gale","Cherry Hill Farm","2 YO Filly Trot"
"9/11/17","Yonkers Raceway","LINK||http://replays.robertsstream.com/racereplays/cust/nyss.php?play=MjAxNzA5MTEyMDExWU9ONA==","Southwind Cookie","Our Horse Cents Stbs, J&T Silva Stbs LLC","Southwind Farms LLC","2 YO Filly Trot"
"9/11/17","Yonkers Raceway","LINK||http://replays.robertsstream.com/racereplays/cust/nyss.php?play=MjAxNzA5MTEyMDMxWU9ONQ==","Shazamm","Dan Clements","Winbak Farm","2 YO Filly Trot"
"9/11/17","Yonkers Raceway","LINK||http://replays.robertsstream.com/racereplays/cust/nyss.php?play=MjAxNzA5MTEyMDUyWU9ONg==","I'mwhygodmadegirls","Burke Rcg Stb LLC, Silva, Purnel & Libby, Crawford Farms LLC, Weaver Bruscemi LLC","Crawford Farms LLC","2 YO Filly Trot"
"9/12/17","Monticello Raceway","LINK||http://replays.robertsstream.com/racereplays/cust/nyss.php?play=MjAxNzA5MTIxMjQ5TVJEMQ==","Delilah De Vie","Scott Woogen, Brenda Messenger","Antoinette Nigito","3 YO Filly Pace"
"9/12/17","Monticello Raceway","LINK||http://replays.robertsstream.com/racereplays/cust/nyss.php?play=MjAxNzA5MTIxMzMxTVJEMw==","Roll With Ann","Kristie Leigh Farm Inc","Kristie Leigh Farm Inc","3 YO Filly Pace"
"9/12/17","Monticello Raceway","LINK||http://replays.robertsstream.com/racereplays/cust/nyss.php?play=MjAxNzA5MTIxMzEwTVJEMg==","Magic Forces","Paymaq Rcg, Ronald Michelon, Hannah Miller","Stephen Dey III","3 YO Filly Pace"
"9/12/17","Monticello Raceway","LINK||http://replays.robertsstream.com/racereplays/cust/nyss.php?play=MjAxNzA5MTIxNTUzTVJEMTA=","Roll With Sparky","Jim Graham, Lee Winters, Paul Tandlmayer","Morrisville Col Fdn Inc","3 YO Filly Pace"
"9/12/17","Monticello Raceway","LINK||http://replays.robertsstream.com/racereplays/cust/nyss.php?play=MjAxNzA5MTIxNjA5TVJEMTE=","Bullvillestephanie","Crevani Farm","Crevani Farm","3 YO Filly Pace"
"9/13/17","Batavia Downs","LINK||http://replays.robertsstream.com/racereplays/cust/nyss.php?play=MjAxNzA5MTMxOTEwQlRONw==","New York Chrome","Phillip Hale, David Dewhurst","Phillip Hale","3 YO Colt & Gelding Trot"
"9/13/17","Batavia Downs","LINK||http://replays.robertsstream.com/racereplays/cust/nyss.php?play=MjAxNzA5MTMxNzA5QlROMQ==","Big Man Ev","Andy Miller Stable Inc., Linda Racing Stable, Harvey Eisman","Linda Racing Stable","3 YO Colt & Gelding Trot"
"9/13/17","Batavia Downs","LINK||http://replays.robertsstream.com/racereplays/cust/nyss.php?play=MjAxNzA5MTMxOTI4QlROOA==http://replays.robertsstream.com/racereplays/cust/nyss.php?play=MjAxNzA5MTMxNzA5QlROMQ==","Zack's Zoomer","Ervin Miller Stable Inc, Harvey Eisman","Brittany Farms LLC","3 YO Colt & Gelding Trot"
"9/14/17","Yonkers Raceway","N/A","Creditover","Purple Haze Stables LLC","Tara Hills Stud Ltd, Matthew Harrison","3 YO Filly Trot"
"9/14/17","Yonkers Raceway","LINK||http://replays.robertsstream.com/racereplays/cust/nyss.php?play=MjAxNzA5MTQyMDEyWU9ONA==","Prairie Diamonds","Laurie Poulin, Michael Deters, Frederick Morosini, Fritz Rcg","Laurie Poulin","3 YO Filly Trot"
"9/14/17","Yonkers Raceway","LINK||http://replays.robertsstream.com/racereplays/cust/nyss.php?play=MjAxNzA5MTQyMDMyWU9ONQ==","Mighty Surf","Roy Dobbins","Roy Dobbins","3 YO Filly Trot"
"9/16/17","Tioga Downs","LINK||http://replays.robertsstream.com/racereplays/cust/nyss.php?play=MjAxNzA5MTYxODQ5VFFOMQ==","One Touch Nut","Royal Wire Products Inc, United Process Control Co","Ronald Mersky","3 YO Colt & Gelding Pace"
"9/16/17","Tioga Downs","LINK||http://replays.robertsstream.com/racereplays/cust/nyss.php?play=MjAxNzA5MTYyMDA1VFFONQ==","Geez Joe","Bay Pond Racing Stable","Winbak Farm","3 YO Colt & Gelding Pace"
"9/16/17","Tioga Downs","LINK||http://replays.robertsstream.com/racereplays/cust/nyss.php?play=MjAxNzA5MTYxOTIxVFFOMw==","Rolling About","Anthony Lombardi, D Van Witzenburg, George Golemes","Herbert Burns III, Eduardo Amezcua","3 YO Colt & Gelding Pace"
"9/18/17","Yonkers Raceway","N/A","Time Is Fleeting","Regina Dewhurst","Steve Stewart, Michael Andrew","2 YO Colt & Gelding Trot"
"9/18/17","Yonkers Raceway","N/A","Tournament","Philip Hale, David Dewhurst","Allister Stables LLC","2 YO Colt & Gelding Trot"
"9/18/17","Yonkers Raceway","N/A","Handsome Devil","Harbor Rcg Stb LLC,Lucas Wallin, Michael Goldberg","Winbak Farm","2 YO Colt & Gelding Trot"
"9/18/17","Yonkers Raceway","LINK||http://replays.robertsstream.com/racereplays/cust/nyss.php?play=MjAxNzA5MTgxOTMxWU9OMg==","On The Ropes","Ake Svanstedt Inc.","Maple Hill Stdbrd Farm","2 YO Colt & Gelding Trot"
"9/18/17","Yonkers Raceway","LINK||http://replays.robertsstream.com/racereplays/cust/nyss.php?play=MjAxNzA5MTgyMDEwWU9ONA==","Troller","Paul Kelley Racing Stable","Bonnie Woodward","2 YO Colt & Gelding Trot"
"9/19/17","Monticello Raceway","LINK||http://replays.robertsstream.com/racereplays/cust/nyss.php?play=MjAxNzA5MTkxMjQ5TVJEMQ==","Heaven's Diva","John Sixt, Judith Blaun","Timothy Hundertpfund","2 YO Filly Pace"
"9/19/17","Monticello Raceway","LINK||http://replays.robertsstream.com/racereplays/cust/nyss.php?play=MjAxNzA5MTkxMzA5TVJEMg==","Majorette Angie","Marilyn Gross, Heiman Gross","Marilyn Gross, Heiman Gross","2 YO Filly Pace"
"9/19/17","Monticello Raceway","LINK||http://replays.robertsstream.com/racereplays/cust/nyss.php?play=MjAxNzA5MTkxMzI4TVJEMw==","With Wings","Michael Polansky","Michael Polansky","2 YO Filly Pace"
"9/19/17","Monticello Raceway","LINK||http://replays.robertsstream.com/racereplays/cust/nyss.php?play=MjAxNzA5MTkxNDA2TVJENQ==","Checkered Past","All Star Racing","Old Block Stables Inc., Kenneth Klein","2 YO Filly Pace"
"9/19/17","Monticello Raceway","LINK||http://replays.robertsstream.com/racereplays/cust/nyss.php?play=MjAxNzA5MTkxNDI1TVJENg==","Jericho Diva","Gary Smith","Gary Smith","2 YO Filly Pace"
"9/21/17","Yonkers Raceway","N/A","Ameriman","M And L of Delaware LLC","John Carver","2 YO Colt & Gelding Pace"
"9/21/17","Yonkers Raceway","LINK||http://replays.robertsstream.com/racereplays/cust/nyss.php?play=MjAxNzA5MjExOTA5WU9OMQ==","Rootin Tootin","Blake Macintosh, Stuart Macintosh","Winbak Farm","2 YO Colt & Gelding Pace"
"9/21/17","Yonkers Raceway","LINK||http://replays.robertsstream.com/racereplays/cust/nyss.php?play=MjAxNzA5MjEyMDMwWU9ONA==","Liveonthephone","Ake Svanstedt Inc","Hanover Shoe Farms Inc","2 YO Colt & Gelding Pace"
"9/21/17","Yonkers Raceway","LINK||http://replays.robertsstream.com/racereplays/cust/nyss.php?play=MjAxNzA5MjEyMDM2WU9ONQ==","Trump Nation","Evan Katz, A Harris Racing LLC","Richard Banca, Redmak Enterprises LLC","2 YO Colt & Gelding Pace"
"9/22/17","Vernon Downs","LINK||http://replays.robertsstream.com/racereplays/cust/nyss.php?play=MjAxNzA5MjIxOTAyVlJOMg==","Precocious Lady","James Corona, John Shufon","Taylor Palmer Jr, Joseph Myers","2 YO Filly Trot"
"9/22/17","Vernon Downs","LINK||http://replays.robertsstream.com/racereplays/cust/nyss.php?play=MjAxNzA5MjIyMjEyVlJOMTE=","Padua Hanover","Paul Kelley Racing Stable, Murray Brown","Hanover Shoe Farms Inc","2 YO Filly Trot"
"9/22/17","Vernon Downs","LINK||http://replays.robertsstream.com/racereplays/cust/nyss.php?play=MjAxNzA5MjIxOTQwVlJONA==","Somedew Somedont","Chris Lawton, Dale Lawton","Morrisville Col Fdn Inc","2 YO Filly Trot"
"9/22/17","Vernon Downs","LINK||http://replays.robertsstream.com/racereplays/cust/nyss.php?play=MjAxNzA5MjIyMDM2VlJONw==","The Russian Spy","Paul Kelley Racing Stable, Steven Arnold, Paul Bordogna, Frank Baldassare","Steve Jones","2 YO Filly Trot"
"9/22/17","Vernon Downs","LINK||http://replays.robertsstream.com/racereplays/cust/nyss.php?play=MjAxNzA5MjIyMTQzVlJOMTA=","Logetta Hanover","Mike Simons, Albert Abdala III, Christopher Giaccio","W Donovan","2 YO Filly Trot"
"9/23/17","Yonkers Raceway","N/A","Explosive","Brian Kleinberg","Al Libfeld, Marvin Katz","3 YO Colt & Gelding Trot"
"9/23/17","Yonkers Raceway","N/A","Muzzy's Muscles","Christopher Mazzone, Blair Corbeil","Karen Carroll","3 YO Colt & Gelding Trot"
"9/23/17","Yonkers Raceway","N/A","Big Man Ev","Andy Miller Stb Inc, Lindy Rcg Stb, Harvey Eisman","Lindy Racing Stable","3 YO Colt & Gelding Trot"
