"DATE","TRACK","VIDEO","HORSE","OWNER","BREEDER","EVENT"
"5/28/17"," Tioga Downs","LINK||http://replays.robertsstream.com/racereplays/cust/nyss.php?play=MjAxNzA1MjgxOTQ5VFFONA=="," Celebrity Ruth ","White Birch Farm Inc","Sam Stathis"," 3 YO Filly Trot"
"5/28/17"," Tioga Downs ","LINK||http://replays.robertsstream.com/racereplays/cust/nyss.php?play=MjAxNzA1MjgyMDA5VFFONQ=="," Barn Bella ","Steven Pratt","Morrisville Col Fdn Inc"," 3 YO Filly Trot"
"5/28/17"," Tioga Downs ","LINK||http://replays.robertsstream.com/racereplays/cust/nyss.php?play=MjAxNzA1MjgyMTI5VFFOOQ=="," Maewegonow","Carrie Norris","Stirling Brook Farms Inc	"," 3 YO Filly Trot"
"5/29/17"," Vernon Downs ","LINK||http://replays.robertsstream.com/racereplays/cust/nyss.php?play=MjAxNzA1MjkxNDAxVlJONA==","Stick With Me Kid "," Paul A Fontaine"," Walnut Hall Limited"," 3 YO Colt Trot "
"5/29/17","Vernon Downs","LINK||http://replays.robertsstream.com/racereplays/cust/nyss.php?play=MjAxNzA1MjkxNDQwVlJONg=="," Devious Man "," Stroy Inc."," Winbak Farm"," 3 YO Colt Trot"
"5/29/17 "," Vernon Downs ","LINK||http://replays.robertsstream.com/racereplays/cust/nyss.php?play=MjAxNzA1MjkxNTQxVlJOOQ=="," Enterprise ","Courant AB","Diamond Creek Farm LLC"," 3 YO Colt Trot"
"6/2/17","Saratoga Harness","LINK||http://replays.robertsstream.com/racereplays/cust/nyss.php?play=MjAxNzA2MDIxOTIzU1JOMw==","Playing Favorites ","Lewis Whitaker & Charles Rowe","Fredrick Hertrich III","3 YO Filly Pace"
"6/2/17","Saratoga Harness","LINK||http://replays.robertsstream.com/racereplays/cust/nyss.php?play=MjAxNzA2MDIyMDIwU1JONg==","Obvious Blue Chip","Nlg Racing Stable & Stephen Klunowski","Blue Chip Bloodstock Inc.","3 YO Filly Pace "
"6/2/17","Saratoga Harness","LINK||http://replays.robertsstream.com/racereplays/cust/nyss.php?play=MjAxNzA2MDIyMTE0U1JOOQ==","Tequila Monday ","Susan Oakes & Chuck Pompey","Winbak Farm","3 YO Filly Pace"
"6/2/17","Saratoga Harness","LINK||http://replays.robertsstream.com/racereplays/cust/nyss.php?play=MjAxNzA2MDIyMjEyU1JOMTI="," Artrageous","Bonnie Benson","Bonnie Benson","3 YO Filly Pace "
"6/7/17","Buffalo Raceway ","LINK||http://replays.robertsstream.com/racereplays/cust/nyss.php?play=MjAxNzA2MDcxNzM0QlVOMw==","In A Single Bound","Dennis J & Simone H Noud","Steve Stewart","3 YO Colt & Gelding Pace"
"6/7/17","Buffalo Raceway ","LINK||http://replays.robertsstream.com/racereplays/cust/nyss.php?play=MjAxNzA2MDcxNzUyQlVONA==","Outkast Blue Chip","Blue Chip Bloodstock","Blue Chip Bloodstock","3 YO Colt & Gelding Pace"
"6/7/17","Buffalo Raceway","LINK||http://replays.robertsstream.com/racereplays/cust/nyss.php?play=MjAxNzA2MDcxODI4QlVONg==","Serious Major","Emerald Highlands Farm","Emerald Highlands Farm","3 YO Colt & Gelding Pace "
"6/9/17","Vernon Downs","LINK||http://replays.robertsstream.com/racereplays/cust/nyss.php?play=MjAxNzA2MDkyMDM4VlJONw==","Clear Idea","Hutt Racing Stable","Winbak Farm","3 YO Filly Pace"
"6/9/17","Vernon Downs","LINK||http://replays.robertsstream.com/racereplays/cust/nyss.php?play=MjAxNzA2MDkyMDU5VlJOOA==","Angel's Pride","Triple D Stables Inc","Winbak Farm","3 YO Filly Pace"
"6/9/17 ","Vernon Downs","LINK||http://replays.robertsstream.com/racereplays/cust/nyss.php?play=MjAxNzA2MDkyMTIyVlJOOQ==","Playing Favorites","Charles Rowe","Fredrick Hertrich III","3 YO Filly Pace"
"6/18/17","Vernon Downs","LINK||http://replays.robertsstream.com/racereplays/cust/nyss.php?play=MjAxNzA2MTgxNDA2VlJONA==","Heaven's Gait","John Cummins","John Cummins","3 YO Colt & Gelding Pace"
"6/18/17","Vernon Downs","LINK||http://replays.robertsstream.com/racereplays/cust/nyss.php?play=MjAxNzA2MTgxNDI2VlJONQ==","American Wiggle","Geoff Howles, Mary Howles, Eve Bergeron","Guy Hammond","3 YO Colt & Gelding Pace"
"6/18/17","Vernon Downs","LINK||http://replays.robertsstream.com/racereplays/cust/nyss.php?play=MjAxNzA2MTgxNDQ1VlJONg==","Funknwaffles","Crawford Farms Racing","David McDuffee","3 YO Colt & Gelding Pace"
"6/18/17","Vernon Downs","LINK||http://replays.robertsstream.com/racereplays/cust/nyss.php?play=MjAxNzA2MTgxNTA1VlJONw==","In A Single Bound","Dennis Noud & Simone Noud","D'Elegance Stable IX & Carmen Iannacone","3 YO Colt & Gelding Pace"
"6/21/17","Buffalo Raceway","LINK||http://replays.robertsstream.com/racereplays/cust/nyss.php?play=MjAxNzA2MjExNzU2QlVONA==","Obvious Blue Chip","NLG Racing Stable & Stephen Klunowski","Blue Chip Bloodstock Inc","3 YO Filly Pace"
"6/21/17","Buffalo Raceway","LINK||http://replays.robertsstream.com/racereplays/cust/nyss.php?play=MjAxNzA2MjExNzMyQlVOMw==","Clear Idea","Hutt Racing Stable","Blake Macintosh","3 YO Filly Pace"
"6/25/17","Buffalo Raceway","LINK||http://replays.robertsstream.com/racereplays/cust/nyss.php?play=MjAxNzA2MjUxMzUyQlVONQ==","Mamora Bay","Peter Barbato","Willow Pond Asset Corp","3 YO Filly Trot"
"6/25/17","Buffalo Raceway","LINK||http://replays.robertsstream.com/racereplays/cust/nyss.php?play=MjAxNzA2MjUxNDMzQlVONw==","Heels On Wheels","Burke Rcg Stb LLC,Crawford Farms Rcg,Lawrence Karr, Weaver Bruscemi","Michelle Crawford & Albert Crawford","3 YO Filly Trot"
"6/30/17","Buffalo Raceway","LINK||http://replays.robertsstream.com/racereplays/cust/nyss.php?play=MjAxNzA2MzAxNzM0QlVOMw==","Oooteeny","Runthetable Stables","Kelley Rcg Stb LLC, Our Horse Cents Stbs, Stable 45","2 YO Filly Trot"
"6/30/17","Buffalo Raceway","LINK||http://replays.robertsstream.com/racereplays/cust/nyss.php?play=MjAxNzA2MzAxNzUyQlVONA==","Lima Novelty","Carl Jamieson & Dr. Robert Boyce","Steiner Stock Farm & Acadia Farms Inc","2 YO Filly Trot"
"6/30/17","Buffalo Raceway","LINK||http://replays.robertsstream.com/racereplays/cust/nyss.php?play=MjAxNzA2MzAxODEwQlVONQ==","Natalie Hanover","Svanstedt-Nasstrom Stb, Van Camp Trotting Corp, Anders Olsson, Lars Berg","Hanover Shoe Farms Inc","2 YO Filly Trot"
"6/30/17","Buffalo Raceway","LINK||http://replays.robertsstream.com/racereplays/cust/nyss.php?play=MjAxNzA2MzAxODI4QlVONg==","Lucky Ava","Ake Svanstedt Inc, Little E LLC, Van Camp Trotting Corp","Little E LLC","2 YO Filly Trot"
"6/30/17","Buffalo Raceway","LINK||http://replays.robertsstream.com/racereplays/cust/nyss.php?play=MjAxNzA2MzAxOTA0QlVOOA==","Plunge Blue Chip","Ake Svanstedt Inc, Blue chip Bloodstock Inc","Blue Chip Bloodstock Inc","2 YO Filly Trot"
"7/4/17","Tioga Downs","LINK||http://replays.robertsstream.com/racereplays/cust/nyss.php?play=MjAxNzA3MDQxMzM3VFFOMw==","Cruising In Style","Thestable Cruising Group","Terry Devos","2 YO Colt & Gelding Trot"
"7/4/17","Tioga Downs","LINK||http://replays.robertsstream.com/racereplays/cust/nyss.php?play=MjAxNzA3MDQxNDE3VFFONQ==","Fourth Dimension","Courant Inc","Ray Schnittker, Steven Arnold,Blue Chip Bloodstock Inc, Arden Homestead Stb","2 YO Colt & Gelding Trot"
"7/4/17","Tioga Downs","LINK||http://replays.robertsstream.com/racereplays/cust/nyss.php?play=MjAxNzA3MDQxNDU2VFFONw==","Fashion Forever","Fashion Farms LLC","Deo Volente Farms LLC","2 YO Colt & Gelding Trot"
"7/4/17","Tioga Downs","LINK||http://replays.robertsstream.com/racereplays/cust/nyss.php?play=MjAxNzA3MDQxNTM5VFFOOQ==","Clive Bigsby","George Ducharme Stb LLC & Winters Rcg Stb","Karen Carroll","2 YO Colt & Gelding Trot"
"7/7/17","Vernon Downs","LINK||http://replays.robertsstream.com/racereplays/cust/nyss.php?play=MjAxNzA3MDcyMDE4VlJONg==","Twin B Peaches","Onaroll Stb, Touch Stone Farms, Ozzie Mackay, Reginald Petitpas","Twinbrook Limited","2 YO Filly Pace"
"7/7/17","Vernon Downs","LINK||http://replays.robertsstream.com/racereplays/cust/nyss.php?play=MjAxNzA3MDcyMDM4VlJONw==","Walk From Heaven","Frank Chick","Martinez Equine","2 YO Filly Pace"
"7/7/17","Vernon Downs","LINK||http://replays.robertsstream.com/racereplays/cust/nyss.php?play=MjAxNzA3MDcyMDU5VlJOOA==","Ubettergo Go","Blake Macintosh, Tony Basile, Reginald Petitpas, Ozzie Mackay","Concord Stud Farms & Birnam Wood Farms","2 YO Filly Pace"
"7/7/17","Vernon Downs","LINK||http://replays.robertsstream.com/racereplays/cust/nyss.php?play=MjAxNzA3MDcyMTE5VlJOOQ==","Betterthangraduate","Burke Rcg Stb, Silva Purnel & Libby, Phillip Collura, Weaver Bruscemi LLC","KDM Stables Corp","2 YO Filly Pace"
"7/9/17","Buffalo Raceway","LINK||http://replays.robertsstream.com/racereplays/cust/nyss.php?play=MjAxNzA3MDkxMzA5QlVOMw==","Eye ofa Tiger AS","ACL Stuteri AB & Kjell Johansson","ACL Stuteri AB","3 YO Colt & Gelding Trot"
"7/9/17","Buffalo Raceway","LINK||http://replays.robertsstream.com/racereplays/cust/nyss.php?play=MjAxNzA3MDkxMzQ3QlVONQ==","Guardian Angel AS","ACL Stuteri AB & Kjell Johansson","ACL Stuteri AB","3 YO Colt & Gelding Trot"
"7/10/17","Yonkers Raceway","LINK||http://replays.robertsstream.com/racereplays/cust/nyss.php?play=MjAxNzA3MTAxOTMxWU9OMg==","America's Fleet","Randy Bendis & Thomas Pollack","Winbak Farm","3 YO Colt & Gelding Pace"
"7/10/17","Yonkers Raceway","LINK||http://replays.robertsstream.com/racereplays/cust/nyss.php?play=MjAxNzA3MTAyMDEzWU9ONA==","Funknwaffles","Crawford Farms Racing ","David McDuffee","3 YO Colt & Gelding Pace"
"7/10/17","Yonkers Raceway","LINK||http://replays.robertsstream.com/racereplays/cust/nyss.php?play=MjAxNzA3MTAyMDMzWU9ONQ==","Heaven's Gait","John Cummins","John Cummins","3 YO Colt & Gelding Pace"
"7/10/17","Yonkers Raceway","LINK||http://replays.robertsstream.com/racereplays/cust/nyss.php?play=MjAxNzA3MTAyMDUzWU9ONg==","In A Single Bound","Dennis Noud & Simone Noud","Steve Stewart, D'Elegance Stable IX, Carmen Iannacone","3 YO Colt & Gelding Pace"
"7/11/17","Monticello Raceway","LINK||http://replays.robertsstream.com/racereplays/cust/nyss.php?play=MjAxNzA3MTExMjQ4TVJEMQ==","Barn Bella","Steven Pratt, Nancy Pratt, Purple Haze Stables LLC","Morrisville Col Fdn Inc","3 YO Filly Trot"
"7/11/17","Monticello Raceway","LINK||http://replays.robertsstream.com/racereplays/cust/nyss.php?play=MjAxNzA3MTExNTE2TVJEOA==","Celebrity Ruth","White Birch Farm","Sam Stathis","3 YO Filly Trot"
"7/12/17","Buffalo Raceway","LINK||http://replays.robertsstream.com/racereplays/cust/nyss.php?play=MjAxNzA3MTIxNjU5QlVOMQ==","Sammy's Lightning","Our Three Sons Stb LLC & Paul Jessop","Our Three Sons Stb LLC & Paul Jessop","2 YO Colt & Gelding Pace"
"7/12/17","Buffalo Raceway","LINK||http://replays.robertsstream.com/racereplays/cust/nyss.php?play=MjAxNzA3MTIxODA4QlVONQ==","Ghost Dance","Millar Farms","Millar Farms","2 YO Colt & Gelding Pace"
"7/12/17","Buffalo Raceway","LINK||http://replays.robertsstream.com/racereplays/cust/nyss.php?play=MjAxNzA3MTIxODQzQlVONw==","Casual Cool","Kenneth Jacobs","Fair Winds Farm Inc","2 YO Colt & Gelding Pace"
"7/14/17","Yonkers Raceway","LINK||http://replays.robertsstream.com/racereplays/cust/nyss.php?play=MjAxNzA3MTQyMDMzWU9ONQ==","Tequila Monday","Susan Oakes & Chuck Pompey","Winbak Farm","3 YO Filly Pace"
"7/14/17","Yonkers Raceway","LINK||http://replays.robertsstream.com/racereplays/cust/nyss.php?play=MjAxNzA3MTQyMDU0WU9ONg==","Ann Hill","Neal Oksenberg & Richard Silverman","Tom Hill","3 YO Filly Pace"
"7/14/17","Yonkers Raceway","LINK||http://replays.robertsstream.com/racereplays/cust/nyss.php?play=MjAxNzA3MTQyMTE2WU9ONw==","Clear Idea","Hutt Racing Stb & Blake MacIntosh","Winbak Farm","3 YO Filly Pace"
"7/16/17","Buffalo Raceway","LINK||http://replays.robertsstream.com/racereplays/cust/nyss.php?play=MjAxNzA3MTYxMjQ3QlVOMg==","Another Lawsuit","Carl Sackheim","Carl Sackheim","2 YO Filly Pace"
"7/16/17","Buffalo Raceway","LINK||http://replays.robertsstream.com/racereplays/cust/nyss.php?play=MjAxNzA3MTYxMzA3QlVOMw==","Ubettergo Go","Blake MacIntosh,Tony Basile, Reginald Petitpas, Ozzie Mackay","Concord Stud Farm & Birnam Wood Farms","2 YO Filly Pace"
"7/16/17","Buffalo Raceway","LINK||http://replays.robertsstream.com/racereplays/cust/nyss.php?play=MjAxNzA3MTYxMzQ2QlVONQ==","Betterthangraduate","Burke Rcg Stb LLC, Silva Purnel & Libby, Phillip Collura, Weaver Bruscemi LLC","KDM Stables Corp","2 YO Filly Pace"
"7/17/17","Monticello Raceway","LINK||http://replays.robertsstream.com/racereplays/cust/nyss.php?play=MjAxNzA3MTcxMjQ4TVJEMQ==","Money Macintosh","Stroy Inc","Sherri Meirs & Steve Organ","3 YO Colt & Gelding Trot"
"7/17/17","Monticello Raceway","LINK||http://replays.robertsstream.com/racereplays/cust/nyss.php?play=MjAxNzA3MTcxNDMwTVJENg==","Neon Lights","Thomas Dillon","Hero Stables","3 YO Colt & Gelding Trot"
"7/17/17","Monticello Raceway","LINK||http://replays.robertsstream.com/racereplays/cust/nyss.php?play=MjAxNzA3MTcxNTE2TVJEOA==","Eye Ofa Tiger As","ACL Stuteri AB","ACL Stuteri AB","3 YO Colt & Gelding Trot"
"7/18/17","Yonkers Raceway","LINK||http://replays.robertsstream.com/racereplays/cust/nyss.php?play=MjAxNzA3MTgyMDM3WU9ONQ==","Electro Pump","West Wins Stable & McKinlay Fielding","Winbak Farm","2 YO Filly Trot"
"7/18/17","Yonkers Raceway","LINK||http://replays.robertsstream.com/racereplays/cust/nyss.php?play=MjAxNzA3MTgyMDU2WU9ONg==","Lucky Rainbow","Pinske Stables","James Wilhite Jr","2 YO Filly Trot"
"7/18/17","Yonkers Raceway","LINK||http://replays.robertsstream.com/racereplays/cust/nyss.php?play=MjAxNzA3MTgyMTE3WU9ONw==","Lucky Ava","Ake Svanstedt Inc, Little E LLC, Van Camp Trotting Corp","Little E LLC","2 YO Filly Trot"
"7/18/17","Yonkers Raceway","LINK||http://replays.robertsstream.com/racereplays/cust/nyss.php?play=MjAxNzA3MTgyMTM3WU9OOA==","Plunge Blue Chip","Ake Svanstedt Inc & Blue Chip Bloodstock Inc","Blue Chip Bloodstock Inc","2 YO Filly Trot"
"7/18/17","Yonkers Raceway","LINK||http://replays.robertsstream.com/racereplays/cust/nyss.php?play=MjAxNzA3MTgyMTU2WU9OOQ==","Lima Novelty","Kenneth Jacobs","Steiner Stock Farm & Acadia Farms Inc","2 YO Filly Trot"
"7/18/17","Yonkers Raceway","LINK||http://replays.robertsstream.com/racereplays/cust/nyss.php?play=MjAxNzA3MTgyMjE3WU9OMTA=","Supergirl Riley","Paymaq Rcg, George Golemes, Harvey Eisman","Brittany Farms LLC","2 YO Filly Trot"
"7/20/17","Saratoga Harness","LINK||http://replays.robertsstream.com/racereplays/cust/nyss.php?play=MjAxNzA3MjAxMzMyU1JONQ==","Southwind Tesla","Susanne Kerwood, Rene Dion, David Nicol","Southwind Farm","3 YO Filly Trot"
"7/20/17","Saratoga Harness","LINK||http://replays.robertsstream.com/racereplays/cust/nyss.php?play=MjAxNzA3MjAxNDEyU1JONw==","Barn Bella","Steven Pratt, Nancy Pratt, Purple Haze Stbs LLC","Morrisville Col Fdn Inc","3 YO Filly Trot"
"7/22/17","Saratoga Harness","LINK||http://replays.robertsstream.com/racereplays/cust/nyss.php?play=MjAxNzA3MjIxOTAyU1JOMQ==","Funknwaffles","Crawford Farms Racing","David McDuffee","3 YO Colt & Gelding Pace"
"7/22/17","Saratoga Harness","LINK||http://replays.robertsstream.com/racereplays/cust/nyss.php?play=MjAxNzA3MjIyMDA4U1JONA==","Heaven's Gait","John Cummins","John Cummins","3 YO Colt & Gelding Pace"
"7/22/17","Saratoga Harness","LINK||http://replays.robertsstream.com/racereplays/cust/nyss.php?play=MjAxNzA3MjIyMDMyU1JONQ==","Uffizi","Robert Mondillo & Craig Henderson","Brittany Farms LLC & Melvin Hartman","3 YO Colt & Gelding Pace"
"7/22/17","Saratoga Harness","LINK||http://replays.robertsstream.com/racereplays/cust/nyss.php?play=MjAxNzA3MjIyMjI5U1JOMTE=","Chip Walther","Ervin Miller Stb Inc, Paymaq Rcg, Nick Surick Stb LLC, Louis Willinger","Hanover Shoe Farms Inc","3 YO Colt & Gelding Pace"
"7/24/17","Monticello Raceway","LINK||http://replays.robertsstream.com/racereplays/cust/nyss.php?play=MjAxNzA3MjQxMzMyTVJEMw==","Persist Blue Chip","Burke Rcg Stb LLC, James Martin, William Switala, Weaver Bruscemi LLC","Blue Chip Bloodstock Inc","2 YO Colt & Gelding Pace"
"7/24/17","Monticello Raceway","LINK||http://replays.robertsstream.com/racereplays/cust/nyss.php?play=MjAxNzA3MjQxNDE1TVJENQ==","Topville Olympian","Menary Rcg Inc, Billy Timmins, Anthony Timmins","Ross Bonafield & Glenn Bechtel","2 YO Colt & Gelding Pace"
"7/24/17","Monticello Raceway","LINK||http://replays.robertsstream.com/racereplays/cust/nyss.php?play=MjAxNzA3MjQxNDMyTVJENg==","Casual Cool","Kenneth Jacobs","Fair Winds Farm Inc","2 YO Colt & Gelding Pace"
"7/24/17","Monticello Raceway","LINK||http://replays.robertsstream.com/racereplays/cust/nyss.php?play=MjAxNzA3MjQxNDUzTVJENw==","Jimtastic","Brad Gray & Denise Guerriero","Ray Compari","2 YO Colt & Gelding Pace"
"7/25/17","Saratoga Harness","LINK||http://replays.robertsstream.com/racereplays/cust/nyss.php?play=MjAxNzA3MjUxOTIyU1JOMg==","Youaremycandygirl","WJ Donovan","Birnam Wood Farms","2 YO Filly Pace"
"7/25/17","Saratoga Harness","LINK||http://replays.robertsstream.com/racereplays/cust/nyss.php?play=MjAxNzA3MjUyMDUxU1JONw==","All On Top Hanover","Crawford Farms Rcg, Ervin Miller Stb Inc, Ronald Michelon, George Golemes","Hanover Shoe Farms Inc","2 YO Filly Pace"
"7/25/17","Saratoga Harness","LINK||http://replays.robertsstream.com/racereplays/cust/nyss.php?play=MjAxNzA3MjUyMTQ3U1JOMTA=","Alexis Faith","West Wins Stb, Jim Fielding, J Darrow, Kevin McKinlay","Melvin Segal","2 YO Filly Pace"
"7/25/17","Saratoga Harness","LINK||http://replays.robertsstream.com/racereplays/cust/nyss.php?play=MjAxNzA3MjUyMjI0U1JOMTI=","Hurrikane Shorty","Little E LLC, Jason Settlemoir, Arthur Geiger, David Stoltz","Diamond Creek Farm LLC","2 YO Filly Pace"
"7/26/17","Batavia Downs","LINK||http://replays.robertsstream.com/racereplays/cust/nyss.php?play=MjAxNzA3MjYxODIxQlROMg==","Fury Road","Knutsson Trotting","Fair Winds Farm Inc","2 YO Filly Trot"
"7/26/17","Batavia Downs","LINK||http://replays.robertsstream.com/racereplays/cust/nyss.php?play=MjAxNzA3MjYxODQxQlROMw==","Missus Mia Wallace","Connie Hochstetler, Robert Buddig, Allen Schwartz","Brixton Medical AB, Al Libfeld, Marvin Katz","2 YO Filly Trot"
"7/26/17","Batavia Downs","LINK||http://replays.robertsstream.com/racereplays/cust/nyss.php?play=MjAxNzA3MjYxOTAxQlRONA==","Natalie Hanover","Svanstedt-Nasstrom Stb, Van Camp Trooting Corp, Anders Olsson, Lars Berg","Hanover Shoe Farms Inc","2 YO Filly Trot"
"7/26/17","Batavia Downs","LINK||http://replays.robertsstream.com/racereplays/cust/nyss.php?play=MjAxNzA3MjYxOTIxQlRONQ==","Lucky Ava","Ake Svanstedt Inc, Little E LLC, Van Camp Trotting Corp","Little E LLC","2 YO Filly Trot"
"7/26/17","Batavia Downs","LINK||http://replays.robertsstream.com/racereplays/cust/nyss.php?play=MjAxNzA3MjYxOTQyQlRONg==","Plunge Blue Chip","Ake Svanstedt Inc & Blue Chip Bloodstock Inc","Blue Chip Bloodstock Inc","2 YO Filly Trot"
"7/28/17","Yonkers Raceway","LINK||http://replays.robertsstream.com/racereplays/cust/nyss.php?play=MjAxNzA3MjgyMDEyWU9ONA==","Clear Idea","Hutt Racing Stb & Blake MacIntosh","Winbak Farms","3 YO Filly Pace"
"7/28/17","Yonkers Raceway","LINK||http://replays.robertsstream.com/racereplays/cust/nyss.php?play=MjAxNzA3MjgyMDMyWU9ONQ==","Gurl Band K","Robert Key","Robert Key","3 YO Filly Pace"
"7/28/17","Yonkers Raceway","LINK||http://replays.robertsstream.com/racereplays/cust/nyss.php?play=MjAxNzA3MjgyMDU1WU9ONg==","Roaring To Go","Frank Chick","Carter Rcg Stb LLC, Martha Frank, Concord Stud Farm LLC, John Fodera","3 YO Filly Pace"
"7/30/17","Batavia Downs","LINK||http://replays.robertsstream.com/racereplays/cust/nyss.php?play=MjAxNzA3MzAxMzMxQlROMg==","In A Single Bound","Dennis Noud & Simone Noud","Steve Stewart, D'Elegance Stb IX, Carmen Iannacone","3 YO Colt & Gelding Pace"
"7/30/17","Batavia Downs","LINK||http://replays.robertsstream.com/racereplays/cust/nyss.php?play=MjAxNzA3MzAxMzUxQlROMw==","Chip Walther","Ervin Miller Stb Inc, Paymaq Rcg, Nick Surick Stb LLC, Louis Willinger","Hanover Shoe Farms Inc","3 YO Colt & Gelding Pace"
"7/30/17","Batavia Downs","LINK||http://replays.robertsstream.com/racereplays/cust/nyss.php?play=MjAxNzA3MzAxNDA5QlRONA==","Funknwaffles","Crawford Farms Rcg","David McDuffee","3 YO Colt & Gelding Pace"
"7/31/17","Monticello Raceway","LINK||http://replays.robertsstream.com/racereplays/cust/nyss.php?play=MjAxNzA3MzExMjQ5TVJEMQ==","The Veteran","WJ Donovan, Stephen Michaels, Jim Winske, George Ducharme Stb LLC","Glengate Farms","2 YO Colt & Gelding Trot"
"7/31/17","Monticello Raceway","LINK||http://replays.robertsstream.com/racereplays/cust/nyss.php?play=MjAxNzA3MzExNDE2TVJENQ==","Don","Andy Miller Stb Inc, Little E LLC","Tymal Farms","2 YO Colt & Gelding Trot"
"7/31/17","Monticello Raceway","LINK||http://replays.robertsstream.com/racereplays/cust/nyss.php?play=MjAxNzA3MzExNTE0TVJEOA==","Rich Uncle","WJ Donovan","Ray Schnittker & Royal Assets Stable","2 YO Colt & Gelding Trot"
"7/31/17","Monticello Raceway","LINK||http://replays.robertsstream.com/racereplays/cust/nyss.php?play=MjAxNzA3MzExNjE2TVJEMTE=","Fourth Dimension","Courant Inc","Ray Schnittker, Steven Arnold, Blue Chip Bloodstock Inc, Arden Homestead Stb","2 YO Colt & Gelding Trot"
"8/1/17","Yonkers Raceway","LINK||http://replays.robertsstream.com/racereplays/cust/nyss.php?play=MjAxNzA4MDEyMDU2WU9ONg==","Celebrity Ruth","White Birch Farm","Sam Stathis","3 YO Filly Trot"
"8/1/17","Yonkers Raceway","LINK||http://replays.robertsstream.com/racereplays/cust/nyss.php?play=MjAxNzA4MDEyMTE0WU9ONw==","Barn Bella","Steven Pratt, Nancy Pratt, Purple Haze Stbs LLC","Morrisville Col Fdn Inc","3 YO Filly Trot"
"8/2/17","Saratoga Harness","LINK||http://replays.robertsstream.com/racereplays/cust/nyss.php?play=MjAxNzA4MDIxOTQxU1JOMw==","Jersey Jim","Robert Sanders & Gail Sanders","Winbak Farms","2 YO Colt & Gelding Pace"
"8/2/17","Saratoga Harness","LINK||http://replays.robertsstream.com/racereplays/cust/nyss.php?play=MjAxNzA4MDIyMDQxU1JONg==","Courtly Choice","Hutt Rcg Stb, Blake MacIntosh, Touch Stone Farms, Daniel Plouffe","Winbak Farms","2 YO Colt & Gelding Pace"
"8/2/17","Saratoga Harness","LINK||http://replays.robertsstream.com/racereplays/cust/nyss.php?play=MjAxNzA4MDIyMTIwU1JOOA==","Paprike Blue Chip","Harmony Oaks Rcg Stb Inc, Crawford Farms Rcg, VIP Internet Stb LLC","Blue Chip Bloodstock Inc","2 YO Colt & Gelding Pace"
"8/2/17","Saratoga Harness","LINK||http://replays.robertsstream.com/racereplays/cust/nyss.php?play=MjAxNzA4MDIyMTU1U1JOMTA=","Jimtastic","Brad Gray & Denise Guerriero","Ray Compari","2 YO Colt & Gelding Pace"
"8/3/17","Yonkers Raceway","LINK||http://replays.robertsstream.com/racereplays/cust/nyss.php?play=MjAxNzA4MDMyMDE3WU9ONA==","Top Flight Angel","Legendary Standardbred Farm","Alan Hainsworth","3 YO Colt & Gelding Trot"
"8/3/17","Yonkers Raceway","LINK||http://replays.robertsstream.com/racereplays/cust/nyss.php?play=MjAxNzA4MDMyMDM3WU9ONQ==","Another Chapter","Jeffrey Snyder & Four Friends Rcg Stb LLC","Blue Chip Bloodstock Inc","3 YO Colt & Gelding Trot"
"8/3/17","Yonkers Raceway","LINK||http://replays.robertsstream.com/racereplays/cust/nyss.php?play=MjAxNzA4MDMyMDU3WU9ONg==","Optimist Blue Chip","Blue Chip Bloodstock Inc & Senan Hayes","Blue Chip Bloodstock Inc","3 YO Colt & Gelding Trot"
"8/4/17","Tioga Downs","LINK||http://replays.robertsstream.com/racereplays/cust/nyss.php?play=MjAxNzA4MDQxOTE3VFFOMw==","Youaremycandygirl","WJ Donovan","Birnam Wood Farms","2 YO Filly Pace"
"8/4/17","Tioga Downs","LINK||http://replays.robertsstream.com/racereplays/cust/nyss.php?play=MjAxNzA4MDQxOTQ3VFFONQ==","Let's Fall In Love","WJ Donovan","Steve Stewart & Birch Hollow Farms","2 YO Filly Pace"
"8/4/17","Tioga Downs","LINK||http://replays.robertsstream.com/racereplays/cust/nyss.php?play=MjAxNzA4MDQyMDE5VFFONw==","Alexis Faith","West Wins Stb, Jim Fielding, J Darrow, Kevin McKinlay","Melvin Segal","2 YO Filly Pace"
"8/6/2017","Batavia Downs","LINK||http://replays.robertsstream.com/racereplays/cust/nyss.php?play=MjAxNzA4MDYxMzUwQlROMw==","Angel's Pride","Triple D Stbs Inc & JFE Enterprise LLC","Winbak Farms","3 YO Filly Pace"
"8/6/2017","Batavia Downs","LINK||http://replays.robertsstream.com/racereplays/cust/nyss.php?play=MjAxNzA4MDYxNDA4QlRONA==","Clear Idea","Hutt Racing Stable & Blake MacIntosh","Winbak Farms","3 YO Filly Pace"
"8/8/17","Yonkers Raceway","LINK||http://replays.robertsstream.com/racereplays/cust/nyss.php?play=MjAxNzA4MDgyMDU5WU9ONg==","Clive Bigsby","George Ducharme Stb LLC, Winters Racing Stb","karen Carroll","2 YO Colt & Gelding Trot"
"8/8/17","Yonkers Raceway","LINK||http://replays.robertsstream.com/racereplays/cust/nyss.php?play=MjAxNzA4MDgyMTIyWU9ONw==","Purpose Blue Chip","Ann-Mari Daley, James Crawford IV, Richard Lombardo, Donald Brenner","Blue Chip Bloodstock Inc, Ray Schnittker, Steven Arnold, Steve Jones","2 YO Colt & Gelding Trot"
"8/8/17","Yonkers Raceway","LINK||http://replays.robertsstream.com/racereplays/cust/nyss.php?play=MjAxNzA4MDgyMTQ2WU9OOA==","Fourth Dimension","Courant Inc","Ray Schnittker, Steven Arnold, Blue Chip Bloodstock Inc, Arden Homestead Stb","2 YO Colt & Gelding Trot"
"8/10/17","Vernon Downs","LINK||http://replays.robertsstream.com/racereplays/cust/nyss.php?play=MjAxNzA4MTAyMTE1VlJOOQ==","Barn Bella","Steven Pratt, Nancy Pratt, Purple Haze Stables LLC","Morrisville Col Fdn Inc","3 YO Filly Trot"
"8/11/17","Tioga Downs","LINK||http://replays.robertsstream.com/racereplays/cust/nyss.php?play=MjAxNzA4MTExOTIxVFFOMw==","Seven And Seven","June Durand, Thomas Durand, Allan Smith","June Durand","3 YO Colt & Gelding Trot"
"8/11/17","Tioga Downs","LINK||http://replays.robertsstream.com/racereplays/cust/nyss.php?play=MjAxNzA4MTExOTU5VFFONQ==","Guardian Angel AS","ACL Stuteri AB, Kjell Johansson","ACL Stuteri AB","3 YO Colt & Gelding Trot"
"8/11/17","Tioga Downs","LINK||http://replays.robertsstream.com/racereplays/cust/nyss.php?play=MjAxNzA4MTEyMDMyVFFONw==","Icanflylikeanangel","Joseph Hess","L Oglesby, John Hallett","3 YO Colt & Gelding Trot"
"8/13/17","Tioga Downs","LINK||http://replays.robertsstream.com/racereplays/cust/nyss.php?play=MjAxNzA4MTMxMzU0VFFONA==","Setntheworldonfire","Noel Daley, Bridle Path Stbs Ltd","Karen Carroll","2 YO Filly Trot"
"8/13/17","Tioga Downs","LINK||http://replays.robertsstream.com/racereplays/cust/nyss.php?play=MjAxNzA4MTMxNDEzVFFONQ==","White Cheetah","Paul Kelley Rcg Stb, Joe Sbrocco, Stable 45","PC Wellwood Enterprises Inc, Alan Hainsworth, William Weaver II, Kelley Rcg Stb LLC","2 YO Filly Trot"
"8/13/17","Tioga Downs","LINK||http://replays.robertsstream.com/racereplays/cust/nyss.php?play=MjAxNzA4MTMxNTI5VFFOOQ==","Plunge Blue Chip","Ake Svanstedt Inc, Blue Chip Bloodstock Inc","Blue Chip Bloodstock Inc","2 YO Filly Trot"
"8/16/17","Saratoga Harness","LINK||http://replays.robertsstream.com/racereplays/cust/nyss.php?play=MjAxNzA4MTYxOTA0U1JOMQ==","Perlucky","Purple Haze Stables LLC","Fair Winds Farm Inc","2 YO Colt & Gelding Trot"
"8/16/17","Saratoga Harness","LINK||http://replays.robertsstream.com/racereplays/cust/nyss.php?play=MjAxNzA4MTYyMDE1U1JONQ==","Fourth Dimension","Courant Inc","Ray Schnittker, Steven Arnold, Blue Chip Bloodstock Inc, Arden Homestead Stable","2 YO Colt & Gelding Trot"
"8/16/17","Saratoga Harness","LINK||http://replays.robertsstream.com/racereplays/cust/nyss.php?play=MjAxNzA4MTYyMDUzU1JONw==","My Lindy Winner","Vincent Laurenzo, Howard Taylor, Thomas Lazzaro","Lindy Farms of Conn","2 YO Colt & Gelding Trot"
"8/17/17","Yonkers Raceway","LINK||http://replays.robertsstream.com/racereplays/cust/nyss.php?play=MjAxNzA4MTcyMDU1WU9ONg==","Alexis Faith","West Wins Stb, Jim Fielding, J Darrow, Kevin McKinlay","Melvin Segal","2 YO Filly Pace"
"8/17/17","Yonkers Raceway","LINK||http://replays.robertsstream.com/racereplays/cust/nyss.php?play=MjAxNzA4MTcyMTEzWU9ONw==","All On Top Hanover","Crawford Farms Rcg, Ervin Miller Stb Inc, Ronald Michelon, George Golemes","Hanover Shoe Farms Inc","2 YO Filly Pace"
"8/17/17","Yonkers Raceway","LINK||http://replays.robertsstream.com/racereplays/cust/nyss.php?play=MjAxNzA4MTcyMTU2WU9OOQ==","Hurrikane Shorty","Little E LLC, Jason Settlemoir, Arthur Geiger, David Stolz","Diamond Creek Farm LLC","2 YO Filly Pace"
"8/18/17","Vernon Downs","LINK||http://replays.robertsstream.com/racereplays/cust/nyss.php?play=MjAxNzA4MTgyMDM5VlJONw==","Hitman Hill","Tom Hill, North Fork Rcg Stb","Blue Chip Bloodstock Inc","2 YO Colt & Gelding Pace"
"8/18/17","Vernon Downs","LINK||http://replays.robertsstream.com/racereplays/cust/nyss.php?play=MjAxNzA4MTgyMTAxVlJOOA==","Casual Cool","Kenneth Jacobs","Fair Winds Farm","2 YO Colt & Gelding Pace"
"8/18/17","Vernon Downs","LINK||http://replays.robertsstream.com/racereplays/cust/nyss.php?play=MjAxNzA4MTgyMjAzVlJOMTE=","Mr Profeta","Anatolia Farm LLC","Anatolia Racing Stable Inc","2 YO Colt & Gelding Pace"
"8/21/17","Monticello Raceway","LINK||http://replays.robertsstream.com/racereplays/cust/nyss.php?play=MjAxNzA4MjExMzA5TVJEMg==","Lima Novelty","Kenneth Jacobs","Steiner Stock Farm, Acadia Farms Inc","2 YO Filly Trot"
"8/21/17","Monticello Raceway","LINK||http://replays.robertsstream.com/racereplays/cust/nyss.php?play=MjAxNzA4MjExMzMxTVJEMw==","Fury Road","Knutsson Trotting Inc","Fair Winds Farm Inc","2 YO Filly Trot"
"8/21/17","Monticello Raceway","LINK||http://replays.robertsstream.com/racereplays/cust/nyss.php?play=MjAxNzA4MjExNTE3TVJEOA==","Sevenbuyeleven","Kenneth Jacobs","Millstream Inc","2 YO Filly Trot"
"8/25/17","Yonkers Raceway","LINK||http://replays.robertsstream.com/racereplays/cust/nyss.php?play=MjAxNzA4MjUyMDMyWU9ONQ==","Paprike Blue Chip","Harmony Oaks Rcg Stb Inc, Crawford Farms Rcg, VIP Internet Stb LLC","Blue Chip Bloodstock Inc","2 YO Colt & Gelding Pace"
"8/25/17","Yonkers Raceway","LINK||http://replays.robertsstream.com/racereplays/cust/nyss.php?play=MjAxNzA4MjUyMDUzWU9ONg==","Hitman Hill","Tom Hill, Northfork Rcg Stb","Blue Chip Bloodstock Inc","2 YO Colt & Gelding Pace"
"8/25/17","Yonkers Raceway","LINK||http://replays.robertsstream.com/racereplays/cust/nyss.php?play=MjAxNzA4MjUyMTE1WU9ONw==","Casual Cool","Kenneth Jacobs","Fair Winds Farm Inc","2 YO Colt & Gelding Pace"
"8/27/17","Batavia Downs","LINK||http://replays.robertsstream.com/racereplays/cust/nyss.php?play=MjAxNzA4MjcxMzE0QlROMQ==","Tito","Anthony Lombardi, George Golemes, Louis Willinger","Angie Stiller","2 YO Colt & Gelding Trot"
"8/27/17","Batavia Downs","LINK||http://replays.robertsstream.com/racereplays/cust/nyss.php?play=MjAxNzA4MjcxNDE0QlRONA==","Clive Bigsby","George Ducharme Stb LLC, Winters Rcg Stb","Karen Carroll","2 YO Colt & Gelding Trot"
"8/28/17","Monticello Raceway","LINK||http://replays.robertsstream.com/racereplays/cust/nyss.php?play=MjAxNzA4MjgxNTI5TVJEOQ==","Pointomygranson","Gold Standard Equine LLC","Kenneth Solomon","3 YO Colt & Gelding Pace"
"8/28/17","Monticello Raceway","LINK||http://replays.robertsstream.com/racereplays/cust/nyss.php?play=MjAxNzA4MjgxMzMwTVJEMw==","Benji's Best","Paul Harvey","Winbak Farms","3 YO Colt & Gelding Pace"
"8/28/17","Monticello Raceway","LINK||http://replays.robertsstream.com/racereplays/cust/nyss.php?play=MjAxNzA4MjgxMzA5TVJEMg==","In A Single Bound","Dennis Noud, Simone Noud","Steve Stewart, D'Elegance Stable Ix, Carmen Iannacone","3 YO Colt & Gelding Pace"
"8/29/17","Yonkers Raceway","LINK||http://replays.robertsstream.com/racereplays/cust/nyss.php?play=MjAxNzA4MjkyMTM3WU9OOA==","Hurrikane Shorty","Little E LLC, Jason Settlemoir, Arthur Geiger, David Stolz","Diamond Creek Farm LLC","2 YO Filly Pace"
"8/29/17","Yonkers Raceway","LINK||http://replays.robertsstream.com/racereplays/cust/nyss.php?play=MjAxNzA4MjkyMTU3WU9OOQ==","Youaremycandygirl","WJ Donovan","Birnam Wood Farms","2 YO Filly Pace"
"8/30/17","Saratoga Harness","LINK||http://replays.robertsstream.com/racereplays/cust/nyss.php?play=MjAxNzA4MzAyMDU5U1JONw==","Lord Cromwell","Carolyn Atherton","Carolyn Atherton","3 YO Colt & Gelding Trot"
"8/30/17","Saratoga Harness","LINK||http://replays.robertsstream.com/racereplays/cust/nyss.php?play=MjAxNzA4MzAyMTM4U1JOOQ==","Swell Chap","Foge McKeever LLC, Eldon Thompson","Eldon Thompson, Timothy Fogarty, James McKeever Jr, Todd Rooney","3 YO Colt & Gelding Trot"
"9/1/17","Batavia Downs","LINK||http://replays.robertsstream.com/racereplays/cust/nyss.php?play=MjAxNzA5MDExODU4QlRONA==","Jersey Jim","Robert Sanders, Gail Sanders","Winbak Farm","2 YO Colt & Gelding Pace"
"9/1/17","Batavia Downs","LINK||http://replays.robertsstream.com/racereplays/cust/nyss.php?play=MjAxNzA5MDExODQwQlROMw==","Hitman Hill","Tom Hill, Northfork Rcg Stb","Blue Chip Bloodstock Inc","2 YO Colt & Gelding Pace"
"9/2/17","Saratoga Harness","LINK||http://replays.robertsstream.com/racereplays/cust/nyss.php?play=MjAxNzA5MDIxOTQxU1JOMw==","Lima Novelty","Kenneth Jacobs","Steiner Stock Farm, Acadia Farms Inc","2 YO Filly Trot"
"9/2/17","Saratoga Harness","LINK||http://replays.robertsstream.com/racereplays/cust/nyss.php?play=MjAxNzA5MDIyMDE5U1JONQ==","Supergirl Riley","Paymaq Rcg, George Golemes, Harvey Eisman","Brittany Farms LLC","2 YO Filly Trot"
"9/2/17","Saratoga Harness","LINK||http://replays.robertsstream.com/racereplays/cust/nyss.php?play=MjAxNzA5MDIyMjI3U1JOMTI=","Fury Road","Knuttson Trotting Inc","Fair Winds Farm Inc","2 YO Filly Trot"
"9/4/17","Tioga Downs","LINK||http://replays.robertsstream.com/racereplays/cust/nyss.php?play=MjAxNzA5MDQxMzUxVFFONA==","Obvious Blue Chip","NLG Racing Stb, Stephen Klunowski","Blue Chip Bloodstock Inc","3 YO Filly Pace"
"9/4/17","Tioga Downs","LINK||http://replays.robertsstream.com/racereplays/cust/nyss.php?play=MjAxNzA5MDQxNDMxVFFONg==","Roaring To Go","Frank Chick","Carter Rcg Stb LLC, Martha Frank, Concord Stud Farm LLC, John Fodera","3 YO Filly Pace"
"9/5/17","Yonkers Raceway","LINK||http://replays.robertsstream.com/racereplays/cust/nyss.php?play=MjAxNzA5MDUyMDMyWU9ONQ==","Pointomygranson","Gold Standard Equine LLC","Kenneth Solomon","3 YO Colt & Gelding Pace"
"9/5/17","Yonkers Raceway","LINK||http://replays.robertsstream.com/racereplays/cust/nyss.php?play=MjAxNzA5MDUyMDU3WU9ONg==","Outkast Blue Chip","Blue Chip Bloodstock Inc","Blue Chip Bloodstock Inc","3 YO Colt & Gelding Pace"
"9/5/17","Yonkers Raceway","LINK||http://replays.robertsstream.com/racereplays/cust/nyss.php?play=MjAxNzA5MDUyMTE3WU9ONw==","In A Single Bound","Dennis Noud, Simone Noud","Steve Stewart, D'Elegance Stb, Carmen Iannacone","3 YO Colt & Gelding Pace"
"9/6/17","Batavia Downs","LINK||http://replays.robertsstream.com/racereplays/cust/nyss.php?play=MjAxNzA5MDYxNzM2QlROMw==","Mamora Bay","Peter Barbato","Willow Pond Asset Corp","3 YO Filly Trot"
"9/6/17","Batavia Downs","LINK||http://replays.robertsstream.com/racereplays/cust/nyss.php?play=MjAxNzA5MDYxNzU0QlRONA==","Celebrity Ruth","White Birch Farm","Sam Stathis","3 YO Filly Trot"
"9/7/17","Vernon Downs","LINK||http://replays.robertsstream.com/racereplays/cust/nyss.php?play=MjAxNzA5MDcyMDE2VlJONg==","Tito","Anthony Lombardi, George Golemes, Louis Willinger","Angie Stiller","2 YO Colt & Gelding Trot"
"9/7/17","Vernon Downs","LINK||http://replays.robertsstream.com/racereplays/cust/nyss.php?play=MjAxNzA5MDcyMTE2VlJOOQ==","Don","Andy Miller Stb Inc, Little E LLC","Tymal Farms","2 YO Colt & Gelding Trot"
"9/8/17","Batavia Downs","LINK||http://replays.robertsstream.com/racereplays/cust/nyss.php?play=MjAxNzA5MDgxODM3QlROMw==","Azreal As It Gets","Our Horse Cents Stbs, Stable 45","4 Rose Stable","2 YO Filly Pace"
"9/8/17","Batavia Downs","LINK||http://replays.robertsstream.com/racereplays/cust/nyss.php?play=MjAxNzA5MDgxODU2QlRONA==","Ubettergo Go","Blake MacIntosh, Tony Basile, Reginald Petipas, Ozzie Mackay","Concord Stud Farm LLC, Birnam Wood Farms","2 YO Filly Pace"
"9/9/17","Tioga Downs","LINK||http://replays.robertsstream.com/racereplays/cust/nyss.php?play=MjAxNzA5MDkyMDM5VFFONw==","Paprike Blue Chip","Harmony Oaks Rcg Stb Inc, Crawford Farms Rcg, VIP Internet Stb LLC","Blue Chip Bloodstock Inc","2 YO Colt & Gelding Pace"
"9/9/17","Tioga Downs","LINK||http://replays.robertsstream.com/racereplays/cust/nyss.php?play=MjAxNzA5MDkyMDU2VFFOOA==","Hitman Hill","Tom Hill, Northfork Rcg Stb","Blue Chip Bloodstock Inc","2 YO Colt & Gelding Pace"
"9/11/17","Yonkers Raceway","LINK||http://replays.robertsstream.com/racereplays/cust/nyss.php?play=MjAxNzA5MTEyMTExWU9ONw==","Plunge Blue Chip","Ake Svanstedt Inc, Blue Chip Bloodstock Inc","Blue Chip Bloodstock Inc","2 YO Filly Trot"
"9/11/17","Yonkers Raceway","LINK||http://replays.robertsstream.com/racereplays/cust/nyss.php?play=MjAxNzA5MTEyMTUzWU9OOQ==","Lucky Ava","Ake Svanstedt Inc, Little E LLC, Van Camp Trotting Corp","Little E LLC","2 YO Filly Trot"
"9/11/17","Yonkers Raceway","LINK||http://replays.robertsstream.com/racereplays/cust/nyss.php?play=MjAxNzA5MTEyMjMyWU9OMTE=","Supergirl Riley","Paymaq Rcg, George Golemes, Harvey Eisman","Brittany Farms LLC","2 YO Filly Trot"
"9/12/17","Monticello Raceway","LINK||http://replays.robertsstream.com/racereplays/cust/nyss.php?play=MjAxNzA5MTIxNDEzTVJENQ==","Tequila Monday","Northfork Rcg Stb, Chuck Pompey","Winbak Farm","3 YO Filly Pace"
"9/12/17","Monticello Raceway","LINK||http://replays.robertsstream.com/racereplays/cust/nyss.php?play=MjAxNzA5MTIxNTE4TVJEOA==","Ann Hill","Neal Oksenberg, Richard Silverman","Tom Hill","3 YO Filly Pace"
"9/13/17","Batavia Downs","LINK||http://replays.robertsstream.com/racereplays/cust/nyss.php?play=MjAxNzA5MTMxODA2QlRONA==","Swell Chap","Foge McKeever LLC, Eldon Thompson","Eldon Thompson, Timothy Fogarty, James McKeever Jr, Todd Rooney","3 YO Colt & Gelding Trot"
"9/13/17","Batavia Downs","LINK||http://replays.robertsstream.com/racereplays/cust/nyss.php?play=MjAxNzA5MTMxNzQ3QlROMw==","Top Flight Angel","Legendary Standardbred Farm","Alan Hainsworth","3 YO Colt & Gelding Trot"
"9/14/17","Yonkers Raceway","LINK||http://replays.robertsstream.com/racereplays/cust/nyss.php?play=MjAxNzA5MTQyMDU3WU9ONg==","Celebrity Ruth","White Birch Farm","Sam Stathis","3 YO Filly Trot"
"9/14/17","Yonkers Raceway","LINK||http://replays.robertsstream.com/racereplays/cust/nyss.php?play=MjAxNzA5MTQyMTE4WU9ONw==","Barn Bella","Steven Pratt, Nancy Pratt, Purple Haze Stbs LLC","Morrisville Col Fdn Inc","3 YO Filly Trot"
"9/16/17","Tioga Downs","LINK||http://replays.robertsstream.com/racereplays/cust/nyss.php?play=MjAxNzA5MTYyMDIzVFFONg==","Henry Hill","Tom Hill","Blue Chip Bloodstock Inc","3 YO Colt & Gelding Pace"
"9/16/17","Tioga Downs","LINK||http://replays.robertsstream.com/racereplays/cust/nyss.php?play=MjAxNzA5MTYyMTAwVFFOOA==","Cultural Paradise","Bradley Grant","Steve Stewart, Riverview Breeding LLC","3 YO Colt & Gelding Pace"
"9/18/17","Yonkers Raceway","LINK||http://replays.robertsstream.com/racereplays/cust/nyss.php?play=MjAxNzA5MTgyMDUwWU9ONg==","Six Pack","Ake Svanstedt Inc., Little E LLC, Stall Kalmar Ff, Lars Berg","Brittany Farms LLC","2 YO Colt & Gelding Trot"
"9/18/17","Yonkers Raceway","LINK||http://replays.robertsstream.com/racereplays/cust/nyss.php?play=MjAxNzA5MTgyMTEyWU9ONw==","Ronnie Goldstein","Steven Goldstein","Steven Goldstein","2 YO Colt & Gelding Trot"
"9/19/17","Monticello Raceway","LINK||http://replays.robertsstream.com/racereplays/cust/nyss.php?play=MjAxNzA5MTkxNTA2TVJEOA==","Wisdom Tree","Thomas Pollack, Jeff Cullipher","Winbak Farm","2 YO Filly Pace"
"9/19/17","Monticello Raceway","LINK||http://replays.robertsstream.com/racereplays/cust/nyss.php?play=MjAxNzA5MTkxNTQ4TVJEMTA=","Azreal As It Gets","Our Horse Cents Stables, Stable 45","4 Rose Stable","2 YO Filly Pace"
"9/21/17","Yonkers Raceway","LINK||http://replays.robertsstream.com/racereplays/cust/nyss.php?play=MjAxNzA5MjEyMTE5WU9ONw==","Paprike Blue Chip","Harmony Oaks Racing Stable Inc, Crawford Farms Racing, VIP Internet Stable LLC","Blue Chip Bloodstock Inc","2 YO Colt & Gelding Pace"
"9/21/17","Yonkers Raceway","LINK||http://replays.robertsstream.com/racereplays/cust/nyss.php?play=MjAxNzA5MjEyMTU1WU9OOQ==","Hitman Hill","Tom Hill, Northfork Racing Stable","Blue Chip Bloodstock Inc","2 YO Colt & Gelding Pace"
"9/22/17","Vernon Downs","LINK||http://replays.robertsstream.com/racereplays/cust/nyss.php?play=MjAxNzA5MjIyMDU5VlJOOA==","Atlanta","Rick Zeron Stables, Holland Racing Stable, Howard Taylor, Bradley Grant","Order By Stable","2 YO Filly Trot"
"9/22/17","Vernon Downs","LINK||http://replays.robertsstream.com/racereplays/cust/nyss.php?play=MjAxNzA5MjIyMTIzVlJOOQ==","Plunge Blue Chip","Ake Svanstedt Inc, Blue Chip Bloodstock Inc","Blue Chip Bloodstock Inc","2 YO Filly Trot"
"9/23/17","Yonkers Raceway","LINK||http://replays.robertsstream.com/racereplays/cust/nyss.php?play=MjAxNzA5MjMyMDE1WU9ONA==","Seven And Seven","June Durand, Thomas Durand, Allan Smith","June Durand","3 YO Colt & Gelding Trot"
"9/23/17","Yonkers Raceway","LINK||http://replays.robertsstream.com/racereplays/cust/nyss.php?play=MjAxNzA5MjMyMDMzWU9ONQ==","Guardian Angel As","Acl Stuteri Ab, Kjell Johansson","Acl Stuteri Ab","3 YO Colt & Gelding Trot"
"10/16/17","Monticello Raceway","LINK||http://replays.robertsstream.com/racereplays/cust/nyss.php?play=MjAxNzEwMTYxMjQ4TVJEMQ==","Python Blue Chip","Ake Svanstedt Inc, Blue Chip Bloodstock Inc, Stable 45","Blue Chip Bloodstock Inc","2 YO Filly Pace"
"10/16/17","Monticello Raceway","LINK||http://replays.robertsstream.com/racereplays/cust/nyss.php?play=MjAxNzEwMTYxMzA5TVJEMg==","Courtly Choice","Hutt Rcg Stb, Blake MacIntosh, Touch Stone Farms, Daniel Plouffe","Winbak Farm","2 YO Colt & Gelding Pace"
"10/16/17","Monticello Raceway","LINK||http://replays.robertsstream.com/racereplays/cust/nyss.php?play=MjAxNzEwMTYxNTI4TVJEOQ==","Sevenbuyeleven","Kenneth Jacobs","Millstream Inc","2 YO Filly Trot"
"10/16/17","Monticello Raceway","LINK||http://replays.robertsstream.com/racereplays/cust/nyss.php?play=MjAxNzEwMTYxNTA4TVJEOA==","Cruising In Style","Thestable Cruising Group","Terry Devos","2 YO Colt & Gelding Trot"
"10/16/17","Monticello Raceway","LINK||http://replays.robertsstream.com/racereplays/cust/nyss.php?play=MjAxNzEwMTYxNjQwTVJEMTI=","World Apart","South Mountain Stbs, The Bay's Stb LLC, Little E LLC, Radio Rcg Stb","Diamond Creek Farm LLC","3 YO Filly Pace"
"10/16/17","Monticello Raceway","LINK||http://replays.robertsstream.com/racereplays/cust/nyss.php?play=MjAxNzEwMTYxNTU1TVJEMTA=","Octane Blue Chip","Robert Zakian, Kenneth Andersen","Blue Chip Farm LLC, Kenneth Andersen","3 YO Colt & Gelding Pace"
"10/16/17","Monticello Raceway","LINK||http://replays.robertsstream.com/racereplays/cust/nyss.php?play=MjAxNzEwMTYxNjIwTVJEMTE=","Ostrich Blue Chip","Fred Monteleone Stable LLC","Blue Chip Bloodstock Inc","3 YO Filly Trot"
"10/16/17","Monticello Raceway","LINK||http://replays.robertsstream.com/racereplays/cust/nyss.php?play=MjAxNzEwMTYxMzI4TVJEMw==","Zack's Zoomer","Ervin Miller Stb Inc, Harvey Eisman","Brittany Farms LLC","3 YO Colt & Gelding Trot"
