"PHOTO","VIDEO","NAME OF HORSE","OWNER(S)","BREEDER(S)","NYSS COUNTY FAIR FINAL"
" ","N/A","Buckys Brat","Lawrence Lapage","Winbak Farm","2 YO Colts & Geldings Pace"
" ","LINK||http://replays.robertsstream.com/racereplays/echoplay/replay.php?d=2017-09-15&r=2&tc=SRN&cust=NYSS&t=1505581470&h=5d3c1b6d9beb3213e66a5863d5137072","Bonita Island","Gray Thunder Ii Stable, Timothy Nash","White Birch Farm ","3 YO Fillies Pace"
" ","LINK||http://replays.robertsstream.com/racereplays/cust/nyss.php?play=MjAxNzA5MTUyMDQzU1JONw==","Golden Attitude","Fay Clark, Gary Clark ","Fay Clark, Gary Clark ","3 YO Colts & Geldings Trot"
" ","LINK||http://replays.robertsstream.com/racereplays/cust/nyss.php?play=MjAxNzA5MTUyMTIyU1JOOQ==","NY Spirit","Michael Euto ","Crawford Farms, Patricia Crawford ","2 YO Fillies Trot"
" ","LINK||http://replays.robertsstream.com/racereplays/cust/nyss.php?play=MjAxNzA5MTUyMTQyU1JOMTA=","Royal Bahama","Phillip Hale, David Dewhurst","Kenneth Jacobs","2 YO Colts & Geldings Trot"
" ","LINK||http://replays.robertsstream.com/racereplays/cust/nyss.php?play=MjAxNzA5MTUyMjAyU1JOMTE=","Napper Tandy","Donald Cosgrove ","Donald Cosgrove ","3 YO Colts & Geldings Pace"
" ","LINK||http://replays.robertsstream.com/racereplays/cust/nyss.php?play=MjAxNzA5MTUyMjIxU1JOMTI=","Anja","Philip Hale, David Dewhurst","Timo Nurmos","3 YO Fillies Trot"
" ","LINK||http://replays.robertsstream.com/racereplays/cust/nyss.php?play=MjAxNzA5MTUyMjQyU1JOMTM=","Casie's Believer","Robert Anderson, Pamela Schieber ","Winbak Farms","2 YO Fillies Pace"
