"PHOTO","VIDEO","NAME OF HORSE","OWNER(S)","BREEDER(S)"," EVENT","TRACK"
" ","LINK||http://replays.robertsstream.com/racereplays/cust/nyss.php?play=MjAxNzEwMTgxODQ0VlJOMQ==","Checkered Past","All Star Racing Inc","Old Block Stables Inc & Kenneth Klein","2 YO Filly Pace","Vernon Downs"
" ","LINK||http://replays.robertsstream.com/racereplays/cust/nyss.php?play=MjAxNzEwMTgxOTI2VlJOMw==","Rootin Tootin","Blake MacIntosh & Stuart McIntosh","Winbak Farm","2 YO Colt & Gelding Pace","Vernon Downs"
" ","LINK||http://replays.robertsstream.com/racereplays/cust/nyss.php?play=MjAxNzEwMTgxOTQ1VlJONA==","Pittstop Emerald","Robert Gale","Cherry Hill Farm","2 YO Filly Trot","Vernon Downs"
" ","LINK||http://replays.robertsstream.com/racereplays/cust/nyss.php?play=MjAxNzEwMTgxOTAzVlJOMg==","Troller","Paul Kelley Racing Stable","Bonnie Woodward","2 YO Colt & Gelding Trot","Vernon Downs"
" ","LINK||http://replays.robertsstream.com/racereplays/cust/nyss.php?play=MjAxNzEwMTgyMDA1VlJONQ==","Roll With Sparky","Jim Graham, Lee Winters, Paul Tandlmayer","Morrisville Col Fdn Inc","3 YO Filly Pace","Vernon Downs"
" ","LINK||http://replays.robertsstream.com/racereplays/cust/nyss.php?play=MjAxNzEwMTgyMDQ2VlJONw==","Geez Joe","Bay Pond Racing Stable","Winbak Farm","3 YO Colt & Gelding Pace","Vernon Downs"
" ","LINK||http://replays.robertsstream.com/racereplays/cust/nyss.php?play=MjAxNzEwMTgyMTA0VlJOOA==","Prairie Diamonds","Laurie Poulin, Michael Deters, Frederick Morosini, Fritz Racing","Laurie Poulin","3 YO Filly Trot","Vernon Downs"
" ","LINK||http://replays.robertsstream.com/racereplays/cust/nyss.php?play=MjAxNzEwMTgyMDI0VlJONg==","Golden Kronos","Michael Pozefsky, William Pozefsky, Myron Ekstein","Order By Stable","3 YO Colt & Gelding Trot","Vernon Downs"
