"PHOTO","VIDEO","NAME OF HORSE","OWNER(S)","BREEDER(S)"," NIGHT OF CHAMPIONS"
" ","LINK||http://replays.robertsstream.com/racereplays/cust/nyss.php?play=MjAxNzEwMTQxMjU3WU9OMQ==","Jersey Jim","Robert Sanders & Gail Sanders","Winbak Farm","2 YO Pacing Colts & Geldings"
" ","LINK||http://replays.robertsstream.com/racereplays/cust/nyss.php?play=MjAxNzEwMTQxMzE3WU9OMg==","Alexis Faith","West Wins Stb, Jim Fielding, J Darrow, Kevin McKinlay","Melvin Segal","2 YO Pacing Fillies"
" ","LINK||http://replays.robertsstream.com/racereplays/cust/nyss.php?play=MjAxNzEwMTQxNDE3WU9ONQ==","Six Pack","Ake Svanstedt Inc, Little E LLC, Stall Kamar FF, Lars Berg","Brittany Farms LLC","2YO Trotting Colts & Geldings"
" ","LINK||http://replays.robertsstream.com/racereplays/cust/nyss.php?play=MjAxNzEwMTQxMzM3WU9OMw==","Lucky Ava","Ake Svanstedt Inc, Little E LLC, Van Camp Trotting Corp","Little E LLC","2 YO Trotting Fillies"
" ","LINK||http://replays.robertsstream.com/racereplays/cust/nyss.php?play=MjAxNzEwMTQxNDM3WU9ONg==","Funknwaffles","Crawford Farms Racing ","David McDuffee","3 YO Pacing Colts & Geldings"
"","LINK||http://replays.robertsstream.com/racereplays/cust/nyss.php?play=MjAxNzEwMTQxMzU3WU9ONA==","Obvious Blue Chip","NLG Racing Stable & Stephen Klunowski","Blue Chip Bloodstock Inc","3 YO Pacing Fillies"
"","LINK||http://replays.robertsstream.com/racereplays/cust/nyss.php?play=MjAxNzEwMTQxNjI5WU9OMTA=","Eye Ofa Tiger AS","ACL Stuteri AB & Kjell Johansson","ACL Stuteri AB","3 YO Trotting Colts & Geldings"
"","LINK||http://replays.robertsstream.com/racereplays/cust/nyss.php?play=MjAxNzEwMTQxNjUzWU9OMTE=","Barn Bella","Steven Pratt, Nancy Pratt, Purple Haze Stables LLC","Morrisville Col Fdn Inc","3 YO Trotting Fillies"
