"DATE"," TRACK","VIDEO"," HORSE"," OWNER"," BREEDER"," EVENT"
"5/8/2018","Yonkers Raceway","LINK||http://replays.robertsstream.com/racereplays/cust/nyss.php?play=MjAxODA1MDgyMDU5WU9ONw=="," Plunge Blue Chip","Ake Svanstedt Inc, Blue Chip Bloodstock Inc, Tomas Andersson","Blue Chip Bloodstock Inc","3 YO Filly Trot"
"5/8/2018","Yonkers Raceway","LINK||http://replays.robertsstream.com/racereplays/cust/nyss.php?play=MjAxODA1MDgyMTIwWU9OOA==","Fury Road","Knutsson Trotting Inc","Fair Winds Farm Inc","3 YO Filly Trot"
"5/8/2018","Yonkers Raceway","LINK||http://replays.robertsstream.com/racereplays/cust/nyss.php?play=MjAxODA1MDgyMTQ0WU9OOQ==","Jordan Blue Chip","Dreamville Stable","Blue Chip Farms LLC, Jordan Farkas, Jeffrey Rabinowitz","3 YO Filly Trot "
"5/8/2018","Yonkers Raceway","LINK||http://replays.robertsstream.com/racereplays/cust/nyss.php?play=MjAxODA1MDgyMjA2WU9OMTA=","Lucky Ava","Ake Svanstedt Inc, Little E LLC, Van Camp Trotting CorpLittle E LLC","Little E LLC","3 YO Filly Trot"
" 5/11/2018"," Vernon Downs","LINK||http://replays.robertsstream.com/racereplays/cust/nyss.php?play=MjAxODA1MTExOTQ3VlJONg=="," Six Pack"," Ake Svanstedt Inc, Little E LLC, Stall Kalmar FF, Lars Berg"," Brittany Farms LLC"," 3 YO Colt & Gelding Trot"
" 5/11/2018"," Vernon Downs","LINK||http://replays.robertsstream.com/racereplays/cust/nyss.php?play=MjAxODA1MTEyMDI5VlJOOA=="," Helpisontheway"," The Bay's Stable LLC, Camelot Stable Inc"," Richard Balog"," 3 YO Colt & Gelding Trot"
" 5/11/2018"," Vernon Downs","LINK||http://replays.robertsstream.com/racereplays/cust/nyss.php?play=MjAxODA1MTEyMDUwVlJOOQ=="," Don"," Andy Miller Stable Inc, Little E LLC"," Tymal Farms"," 3 YO Colt & Gelding Trot"
" 5/27/2018"," Saratoga Harness","LINK||http://replays.robertsstream.com/racereplays/cust/nyss.php?play=MjAxODA1MjcxMjMxU1JOMg=="," Pueblo Blue Chip"," Bluechip Bloodstock Inc, Menary Rcg Inc, Michael Guerriero"," Blue Chip Bloodstock Inc"," 3 YO Filly Pace"
" 5/27/2018"," Saratoga Harness","LINK||http://replays.robertsstream.com/racereplays/cust/nyss.php?play=MjAxODA1MjcxNDI0U1JOOA=="," Ubettergo Go"," Blake Macintosh, Tony Basile, Reginald Petipas, Ozzie Mackay"," Concord Stud Farm LLC, Birnam Wood Farms"," 3 YO Filly Pace"
" 5/27/2018"," Saratoga Harness","LINK||http://replays.robertsstream.com/racereplays/cust/nyss.php?play=MjAxODA1MjcxNTU3U1JOMTM="," Wisdom Tree"," Thomas Pollack, Jeff Cullipher"," Winbak Farm"," 3 YO Filly Pace"
" 5/28/2018"," Vernon Downs","LINK||http://replays.robertsstream.com/racereplays/cust/nyss.php?play=MjAxODA1MjgxNDQyVlJONg=="," Courtly Choice"," Hutt Rcg Stb, Blake Macintosh, Touch Stone Farms, Daniel Plouffe"," Winbak Farm"," 3 YO Colt & Gelding Pace"
" 5/28/2018"," Vernon Downs","LINK||http://replays.robertsstream.com/racereplays/cust/nyss.php?play=MjAxODA1MjgxNTAyVlJONw=="," American History"," Brittany Farms LLC, Marvin Katz, American History Rcg"," Brittany Farms LLC"," 3 YO Colt & Gelding Pace"
" 5/28/2018"," Vernon Downs","LINK||http://replays.robertsstream.com/racereplays/cust/nyss.php?play=MjAxODA1MjgxNjEyVlJOMTA="," My Delight"," Bay Pond Racing Stable"," Winbak Farm"," 3 YO Colt & Gelding Pace"
" 6/3/2018"," Tioga Downs","LINK||http://replays.robertsstream.com/racereplays/cust/nyss.php?play=MjAxODA2MDMxMzU2VFFONA=="," Tell Me A Joke"," Howard Taylor, Judith Taylor, Blue Chip Bloodstock Inc"," Frederick Hertrich III"," 3 YO Filly Pace"
" 6/3/2018"," Tioga Downs","LINK||http://replays.robertsstream.com/racereplays/cust/nyss.php?play=MjAxODA2MDMxNDM0VFFONg=="," Ubettergo Go","Blake Macintosh, Tony Basile, Reginald Petitpas, Ozzie Mackay "," Concord Stud Farm LLC, Birnam Wood Farms"," 3 YO Filly Pace"
" 6/3/2018"," Tioga Downs","LINK||http://replays.robertsstream.com/racereplays/cust/nyss.php?play=MjAxODA2MDMxNTE2VFFOOA=="," Youaremycandygirl"," WJ Donovan"," Birnam Wood Farms"," 3 YO Filly Pace"
" 6/4/2018"," Monticello Raceway","LINK||http://replays.robertsstream.com/racereplays/cust/nyss.php?play=MjAxODA2MDQxMjQ4TVJEMQ=="," Tribute To Seven"," Richard Gutnick"," Richard Gutnick"," 3 YO Filly Trot"
" 6/4/2018"," Monticello Raceway","LINK||http://replays.robertsstream.com/racereplays/cust/nyss.php?play=MjAxODA2MDQxNDM1TVJENg=="," Lucky Ava"," Ake Svanstedt Inc, Little E LLC, Van Camp Trotting Corp"," Little E LLC"," 3 YO Filly Trot"
" 6/4/2018"," Monticello Raceway","LINK||http://replays.robertsstream.com/racereplays/cust/nyss.php?play=MjAxODA2MDQxNDU1TVJENw=="," Dew To Win"," Purple Haze Stables LLC"," Morrisville Col Fdn Inc"," 3 YO Filly Trot"
" 6/4/2018"," Monticello Raceway","LINK||http://replays.robertsstream.com/racereplays/cust/nyss.php?play=MjAxODA2MDQxNTE3TVJEOA=="," Ciao Dolce"," Kjell Andersen"," Steve Stewart, Donald Robinson, Black Creek Farm"," 3 YO Filly Trot"
" 6/6/2018"," Buffalo Raceway","LINK||http://replays.robertsstream.com/racereplays/cust/nyss.php?play=MjAxODA2MDYxNzE4QlVOMg=="," Don"," Andy Miller Stb Inc, Little E LLC"," Tymal Farms"," 3 YO Colt & Gelding Trot"
" 6/6/2018"," Buffalo Raceway","LINK||http://replays.robertsstream.com/racereplays/cust/nyss.php?play=MjAxODA2MDYxNzUzQlVONA=="," Purpose Blue Chip"," Ann-Mari Daley, James Crawford IV, Richard Lombardo, Donald Brenner"," Blue Chip Bloodstock Inc, Ray Schnittker, Steven Arnold, Steve Jones"," 3 YO Colt & Gelding Trot"
" 6/10/2018"," Tioga Downs","LINK||http://replays.robertsstream.com/racereplays/cust/nyss.php?play=MjAxODA2MTAxMzU3VFFONA=="," Springsteen"," Allard Rcg Inc, Bruce Soulsby, Alan Weisenberg, Kapildeo Singh"," Brittany Farms LLC"," 3 YO Colt & Gelding Pace"
" 6/10/2018"," Tioga Downs","LINK||http://replays.robertsstream.com/racereplays/cust/nyss.php?play=MjAxODA2MTAxNDM2VFFONg=="," Heavenly Sound"," M&M Harness Racing LLC"," Steve Stewart, Lomangino Standardbreds"," 3 YO Colt & Gelding Pace"
" 6/10/2018"," Tioga Downs","LINK||http://replays.robertsstream.com/racereplays/cust/nyss.php?play=MjAxODA2MTAxNTE4VFFOOA=="," Keystone Tenacious"," Patricia Stable, Lawrence Thomases"," Est. Of George F Hempt Trust"," 3 YO Colt & Gelding Pace"
" 6/13/2018"," Buffalo Raceway","LINK||http://replays.robertsstream.com/racereplays/cust/nyss.php?play=MjAxODA2MTMxNjU5QlVOMQ=="," Wisdom Tree"," Thomas Pollack, Jeff Cullipher"," Winbak Farm"," 3 YO Filly Pace"
" 6/13/2018"," Buffalo Raceway","LINK||http://replays.robertsstream.com/racereplays/cust/nyss.php?play=MjAxODA2MTMxNzIyQlVOMg=="," Checkered Past"," All Star Racing Inc"," Old Block Stables Inc, Kenneth Klein"," 3 YO Filly Pace"
" 6/15/2018"," Tioga Downs","LINK||http://replays.robertsstream.com/racereplays/cust/nyss.php?play=MjAxODA2MTUxOTEyVFFONA=="," Helpisontheway"," Camelot Stb Inc, The Bay's Stb LLC, Little E LLC"," Richard Balog"," 3 YO Colt & Gelding Trot"
"  6/15/2018"," Tioga Downs","LINK||http://replays.robertsstream.com/racereplays/cust/nyss.php?play=MjAxODA2MTUxOTQ5VFFONg=="," Voss Volo"," Pinske Stables, William Wisell"," Kentuckiana Farms LLC, Jorgen Jahre Jr"," 3 YO Colt & Gelding Trot"
" 6/15/2018","Tioga Downs","LINK||http://replays.robertsstream.com/racereplays/cust/nyss.php?play=MjAxODA2MTUyMDU2VFFOOQ==","The Veteran","William Donovan, Stephen Michaels, Jim Winske, George Ducharme Stb LLC","Glengate Farms","3 YO Colt & Gelding Trot"
"6/17/2018","Buffalo Raceway","LINK||http://replays.robertsstream.com/racereplays/cust/nyss.php?play=MjAxODA2MTcxMjI5QlVOMQ==","Ciao Dolce","Kjell Andersen","Steve Stewart, Donald Robinson, Black Creek Farm","3 YO Filly Trot"
"6/17/2018","Buffalo Raceway","LINK||http://replays.robertsstream.com/racereplays/cust/nyss.php?play=MjAxODA2MTcxMjQ3QlVOMg==","Lucky Ava","Ake Svanstedt Inc, Little E LLC,Van Camp Trotting Corp","Little E LLC","3 YO Filly Trot"
"6/17/2018","Buffalo Raceway","LINK||http://replays.robertsstream.com/racereplays/cust/nyss.php?play=MjAxODA2MTcxMzI0QlVONA==","Lima Novelty","Kenneth Jacobs","Steiner Stock Farm, Acadia Farms Inc","3 YO Filly Trot"
"6/17/2018","Buffalo Raceway","LINK||http://replays.robertsstream.com/racereplays/cust/nyss.php?play=MjAxODA2MTcxMzQyQlVONQ==","Fury Road","Knutsson Trotting Inc","Fair Winds Farm Inc","3 YO Filly Trot"
"6/18/2018","Monticello Raceway","LINK||http://replays.robertsstream.com/racereplays/cust/nyss.php?play=MjAxODA2MTgxMjQ4TVJEMQ==","Topville Olympian","Menary Rcg Inc, Billy Timmins, Anthony Timmins, Crawford Farms Rcg","Ross Bonafield, Glenn Bechtel","3 YO Colt & Gelding Pace"
"6/18/2018","Monticello Raceway","LINK||http://replays.robertsstream.com/racereplays/cust/nyss.php?play=MjAxODA2MTgxNDU3TVJENw==","Ghost Dance","Millar Farms","Millar Farms","3 YO Colt & Gelding Pace"
"6/18/2018","Monticello Raceway","LINK||http://replays.robertsstream.com/racereplays/cust/nyss.php?play=MjAxODA2MTgxNTIxTVJEOA==","Rootin Tootin","Blake MacIntosh, Stuart McIntosh, Fred Brayford, Robert McNeil","Winbak Farm","3 YO Colt & Gelding Pace"
"6/20/2018","Buffalo Raceway","LINK||http://replays.robertsstream.com/racereplays/cust/nyss.php?play=MjAxODA2MjAxNjU5QlVOMQ==","Brooklyn Lilacs","Gerard Stuchbury, Sombodythatiustono Stable","Crawford Farms LLC","2 YO Filly Pace"
"6/20/2018","Buffalo Raceway","LINK||http://replays.robertsstream.com/racereplays/cust/nyss.php?play=MjAxODA2MjAxNzE5QlVOMg==","Meghan Lynn","Crawford Farms Racing","White Birch Farm","2 YO Filly Pace"
"6/21/2018","Yonkers Raceway","LINK||http://replays.robertsstream.com/racereplays/cust/nyss.php?play=MjAxODA2MjEyMjAxWU9OOQ==","Newsday","Mary Kinsey Arnold, Richard Silverman, Edward Mcenery, Michael Gluckman","Brittany Farms LLC, Val D'Or Farms","3 YO Filly Pace"
"6/21/2018","Yonkers Raceway","LINK||http://replays.robertsstream.com/racereplays/cust/nyss.php?play=MjAxODA2MjEyMjI5WU9OMTA=","Pueblo Blue Chip","Blue Chip Bloodstock Inc, Menary Rcg Inc, Michael Guerriero","Blue Chip Bloodstock Inc","3 YO Filly Pace"
"6/21/2018","Yonkers Raceway","LINK||http://replays.robertsstream.com/racereplays/cust/nyss.php?play=MjAxODA2MjEyMjUwWU9OMTE=","Wisdom Tree","Thomas Pollack, Jeff Cullipher","Winbak Farm","3 YO Filly Pace"
"6/24/2018","Tioga Downs","LINK||http://replays.robertsstream.com/racereplays/cust/nyss.php?play=MjAxODA2MjQxNDA1VFFONA==","Tribute To Seven","Richard Gutnick","Richard Gutnick","3 YO Filly Trot"
"6/24/2018","Tioga Downs","LINK||http://replays.robertsstream.com/racereplays/cust/nyss.php?play=MjAxODA2MjQxNDQ2VFFONg==","Atlanta","Holland Rcg Stb, Howard Taylor, Bradley Grant","Order By Stable","3 YO Filly Trot"
"6/24/2018","Tioga Downs","LINK||http://replays.robertsstream.com/racereplays/cust/nyss.php?play=MjAxODA2MjQxNTQ1VFFOOQ==","Repentance","Diamond Creek Racing","Diamond Creek Farm LLC","3 YO Filly Trot"
"6/25/2018","Monticello Raceway","LINK||http://replays.robertsstream.com/racereplays/cust/nyss.php?play=MjAxODA2MjUxMzEzTVJEMg==","Just Priceless","Connie Hochstetler, South Of The Tracks Rcg Inc","Robert Brooks, Lynn Brooks","2 YO Filly Trot"
"6/25/2018","Monticello Raceway","LINK||http://replays.robertsstream.com/racereplays/cust/nyss.php?play=MjAxODA2MjUxMzUyTVJENA==","Amal Hall","Andy Miller Stb Inc, GTY Stb, Dumain Haven Farm","Walnut Hall Ltd","2 YO Filly Trot"
"6/25/2018","Monticello Raceway","LINK||http://replays.robertsstream.com/racereplays/cust/nyss.php?play=MjAxODA2MjUxNDE1TVJENQ==","Exotic Diamond","Joseph Lee, Diamond Pride LLC, Sholty Rcg LLC","Winbak Farm","2 YO Filly Trot"
"6/25/2018","Monticello Raceway","LINK||http://replays.robertsstream.com/racereplays/cust/nyss.php?play=MjAxODA2MjUxNTE0TVJEOA==","Winndevie","Purple Haze Stables LLC","Joie De Vie Farm LLC","2 YO Filly Trot"
"6/26/2018","Yonkers Raceway","LINK||http://replays.robertsstream.com/racereplays/cust/nyss.php?play=MjAxODA2MjYyMTE5WU9OOA==","World On Edge","Burke Rcg Stb LLC, Joseph DiScala Jr, J&T Silva-Purnel & Libby, Adriano Sorella","White Birch Farm","2 YO Colt & Gelding Pace"
"6/26/2018","Yonkers Raceway","LINK||http://replays.robertsstream.com/racereplays/cust/nyss.php?play=MjAxODA2MjYyMTQzWU9OOQ==","Melodies Major","Martin Scharf","James Avritt Sr","2 YO Colt & Gelding Pace"
"6/26/2018","Yonkers Raceway","LINK||http://replays.robertsstream.com/racereplays/cust/nyss.php?play=MjAxODA2MjYyMjAzWU9OMTA=","Major Blake","Matthew Bencic, Howard Berke, Sam Schillaci","Blue Chip Bloodstock Inc","2 YO Colt & Gelding Pace"
"6/27/2018","Buffalo Raceway","LINK||http://replays.robertsstream.com/racereplays/cust/nyss.php?play=MjAxODA2MjcxNzE4QlVOMg==","Certify","Earl Sauve","Brittany Farms LLC","2 YO Colt & Gelding Trot"
"6/27/2018","Buffalo Raceway","LINK||http://replays.robertsstream.com/racereplays/cust/nyss.php?play=MjAxODA2MjcxNzM3QlVOMw==","Horns For Three","Thomas Pollack, Jeff Cullipher","Dunroven Stud LLC","2 YO Colt & Gelding Trot"
"6/27/2018","Buffalo Raceway","LINK||http://replays.robertsstream.com/racereplays/cust/nyss.php?play=MjAxODA2MjcxNzU2QlVONA==","Xcuse Me","John Stark Jr, Thomas McTygue, David Smith, James Giannuzzi","Edmund Smith, David Smith, John Stark Jr, James Giannuzzi","2 YO Colt & Gelding Trot"
"7/3/2018","Yonkers Raceway","LINK||http://replays.robertsstream.com/racereplays/cust/nyss.php?play=MjAxODA3MDMyMDUzWU9ONg==","Winndevie","Purple Haze Stables LLC","Joie De Vie Farm LLC","2 YO Filly Trot"
"7/3/2018","Yonkers Raceway","LINK||http://replays.robertsstream.com/racereplays/cust/nyss.php?play=MjAxODA3MDMyMTM0WU9OOA==","Safe Word","Jeff Gregory Inc, William Richardson, Martin Garey, Henry Wieseneck","Frederick Hertrich III","2 YO Filly Trot"
"7/3/2018","Yonkers Raceway","LINK||http://replays.robertsstream.com/racereplays/cust/nyss.php?play=MjAxODA3MDMyMTU0WU9OOQ==","Quincy Blue Chip","Blue Chip Bloodstock Inc","Blue Chip Bloodstock Inc","2 YO Filly Trot"
"7/3/2018","Yonkers Raceway","LINK||http://replays.robertsstream.com/racereplays/cust/nyss.php?play=MjAxODA3MDMyMjQwWU9OMTE=","Conway Kellyanne","Carrie Norris, Acadia Farms Inc, G and B Racing","Patricia Hogan, Edward Lohmeyer","2 YO Filly Trot"
"7/4/2018","Monticello Raceway","LINK||http://replays.robertsstream.com/racereplays/cust/nyss.php?play=MjAxODA3MDQxMzUyTVJENA==","Jack Nation","Hutt Rcg Stb, Blake MacIntosh, Ridgeway Rcg, Ozzie And Reg Stbs","Winbak Farm","2 YO Colt & Gelding Pace"
"7/4/2018","Monticello Raceway","LINK||http://replays.robertsstream.com/racereplays/cust/nyss.php?play=MjAxODA3MDQxNTA5TVJEOA==","Melodies Major","Martin Scharf","James Avritt Sr","2 YO Colt & Gelding Pace"
"7/6/2018","Yonkers Raceway","LINK||http://replays.robertsstream.com/racereplays/cust/nyss.php?play=MjAxODA3MDYyMDEwWU9ONQ==","St Somewhere","Burke Rcg Stb LLC,Phillip Collura, J&T Silva-Purnel & Libby, Weaver Bruscemi LLC","Crawford Farms LLC","2 YO Filly Pace"
"7/6/2018","Yonkers Raceway","LINK||http://replays.robertsstream.com/racereplays/cust/nyss.php?play=MjAxODA3MDYyMDUwWU9ONw==","So Awesome","William Hartt","The OK Corral","2 YO Filly Pace"
"7/6/2018","Yonkers Raceway","LINK||http://replays.robertsstream.com/racereplays/cust/nyss.php?play=MjAxODA3MDYyMTEwWU9OOA==","Hurrikane Norakane","Jonathan Klee Rcg, Kuhen Rcg LLC, Pegasis Investment Group, George Vierno","Twinbrook Limited","2 YO Filly Pace"
"7/8/2018","Buffalo Raceway","LINK||http://replays.robertsstream.com/racereplays/cust/nyss.php?play=MjAxODA3MDgxMjI5QlVOMQ==","Rootin Tootin","Blake MacIntosh, Stuart McIntosh, Fred Brayford, Robert MacNeil","Winbak Farm","3 YO Colt & Gelding Pace"
"7/8/2018","Buffalo Raceway","LINK||http://replays.robertsstream.com/racereplays/cust/nyss.php?play=MjAxODA3MDgxMjQ2QlVOMg==","Hitman Hill","Tom Hill, Northfork Rcg Stable","Blue Chip Bloodstock Inc","3 YO Colt & Gelding Pace"
"7/8/2018","Buffalo Raceway","LINK||http://replays.robertsstream.com/racereplays/cust/nyss.php?play=MjAxODA3MDgxMzQwQlVONQ==","Trump Nation","Crawford Farms Racing, Evan Katz","Richard Banca, Redmak Enterprises LLC","3 YO Colt & Gelding Pace"
"7/9/2018","Monticello Raceway","LINK||http://replays.robertsstream.com/racereplays/cust/nyss.php?play=MjAxODA3MDkxMzUxTVJENA==","Gimpanzee","Courant Inc, SRF Stable","Order By Stable","2 YO Colt & Gelding Trot"
"7/9/2018","Monticello Raceway","LINK||http://replays.robertsstream.com/racereplays/cust/nyss.php?play=MjAxODA3MDkxNDExTVJENQ==","Keystone Cash","Howard Taylor, Judith Taylor, Order By Stable","Estate Of George F Hempt Trust","2 YO Colt & Gelding Trot"
"7/9/2018","Monticello Raceway","LINK||http://replays.robertsstream.com/racereplays/cust/nyss.php?play=MjAxODA3MDkxNDMyTVJENg==","JNR Express","James DeArmond, Russell Young","Donald LaPage","2 YO Colt & Gelding Trot"
"7/9/2018","Monticello Raceway","LINK||http://replays.robertsstream.com/racereplays/cust/nyss.php?play=MjAxODA3MDkxNDUxTVJENw==","Cavill Hanover","Little E LLC, Vanersol Inc, Wolfgang A Stb Inc","Hanover Shoe Farms Inc","2 YO Colt & Gelding Trot"
"7/11/2018","Buffalo Raceway","LINK||http://replays.robertsstream.com/racereplays/cust/nyss.php?play=MjAxODA3MTExNjU5QlVOMQ==","Amal Hall","Andy Miller Stb Inc, GTY Stable, Dumain Haven Farm","Walnut Hill Limited","2 YO Filly Trot"
"7/11/2018","Buffalo Raceway","LINK||http://replays.robertsstream.com/racereplays/cust/nyss.php?play=MjAxODA3MTExNzE2QlVOMg==","With Out A Doubt","Ross Bonafield, Robert McCarthy, James Moran","Glenn Bechtel, Ross Bonafield","2 YO Filly Trot"
"7/11/2018","Buffalo Raceway","LINK||http://replays.robertsstream.com/racereplays/cust/nyss.php?play=MjAxODA3MTExODA4QlVONQ==","Safe Word","Jeff Gregory Inc, William Richardson, Martin Garey, Henry Wieseneck","Frederick Hertrich III","2 YO Filly Trot"
"7/12/2018","Vernon Downs","LINK||http://replays.robertsstream.com/racereplays/cust/nyss.php?play=MjAxODA3MTIxOTIwVlJONQ==","Ms Cheesman","Bay Pond Racing Stable","Winbak Farm","3 YO Filly Pace"
"7/12/2018","Vernon Downs","LINK||http://replays.robertsstream.com/racereplays/cust/nyss.php?play=MjAxODA3MTIxOTU3VlJONw==","Pueblo Blue Chip","Blue Chip Bloodstock Inc, Menary Racing Inc, Michael Guerriero","Blue Chip Bloodstock Inc","3 YO Filly Pace"
"7/12/2018","Vernon Downs","LINK||http://replays.robertsstream.com/racereplays/cust/nyss.php?play=MjAxODA3MTIyMDMzVlJOOQ==","Dance Blue","Marvin Katz, Sam Goldband, Goran Anderberg","Steve Stewart, Julie Nash, Charles Nash","3 YO Filly Pace"
"7/15/2018","Tioga Downs","LINK||http://replays.robertsstream.com/racereplays/cust/nyss.php?play=MjAxODA3MTUxNDA1VFFONA==","Prescient Beauty","James Avritt Sr","James Avritt Sr","2 YO Filly Pace"
"7/15/2018","Tioga Downs","LINK||http://replays.robertsstream.com/racereplays/cust/nyss.php?play=MjAxODA3MTUxNDQxVFFONg==","Boogie Roll","Joseph Lee, Diamond Pride LLC, Sholty Rcg LLC, Irwin Goldfarb","Winbak Farm","2 YO Filly Pace"
"7/15/2018","Tioga Downs","LINK||http://replays.robertsstream.com/racereplays/cust/nyss.php?play=MjAxODA3MTUxNTIyVFFOOA==","St Somewhere","Burke Rcg Stb LLC, Phillip Collura, J&T Silva-Purnel & Libby, Weaver Bruscemi LLC","Crawford Farms LLC","2 YO Filly Pace"
"7/16/2018","Monticello Raceway","LINK||http://replays.robertsstream.com/racereplays/cust/nyss.php?play=MjAxODA3MTYxMjQ5TVJEMQ==","Purpose Blue Chip","Ann-Mari Daley, James Crawford IV, Richard Lombardo, Donald Brenner","Blue Chip Bloodstock Inc, Ray Schnittker, Steven Arnold, Steve Jones","3 YO Colt & Gelding Trot"
"7/16/2018","Monticello Raceway","LINK||http://replays.robertsstream.com/racereplays/cust/nyss.php?play=MjAxODA3MTYxNDMyTVJENg==","Winning Shadow","Our Horse Cents Stbs, J&T Silva Stbs LLC","James Wilhite Jr","3 YO Colt & Gelding Trot"
"7/16/2018","Monticello Raceway","LINK||http://replays.robertsstream.com/racereplays/cust/nyss.php?play=MjAxODA3MTYxNTA1TVJEOA==","Perlucky","Purple Haze Stables LLC","Fair Winds Farm Inc","3 YO Colt & Gelding Trot"
"7/18/2018","Buffalo Raceway","LINK||http://replays.robertsstream.com/racereplays/cust/nyss.php?play=MjAxODA3MTgxNjU5QlVOMQ==","Melodies Major","Martin Scharf","James Avritt Sr","2 YO Colt & Gelding Pace"
"7/18/2018","Buffalo Raceway","LINK||http://replays.robertsstream.com/racereplays/cust/nyss.php?play=MjAxODA3MTgxNzE3QlVOMg==","Bicorne Hanover","Burke Rcg Stb LLC, Weaver Bruscemi LLC, James Martin, William Switala","Hanover Shoe Farms Inc","2 YO Colt & Gelding Pace"
"7/19/2018","Vernon Downs","LINK||http://replays.robertsstream.com/racereplays/cust/nyss.php?play=MjAxODA3MTkxOTQ1VlJONg==","Lima Novelty","Kenneth Jacobs","Steiner Stock Farm, Acadia Farms Inc","3 YO Filly Trot"
"7/19/2018","Vernon Downs","LINK||http://replays.robertsstream.com/racereplays/cust/nyss.php?play=MjAxODA3MTkyMDQ0VlJOOQ==","Atlanta","Rick Zeron Crawford Farms, Holland Rcg Stb, Howard Taylor, Bradley Grant","Order By Stable","3 YO Filly Trot"
"7/20/2018","Tioga Downs","LINK||http://replays.robertsstream.com/racereplays/cust/nyss.php?play=MjAxODA3MjAxOTM5VFFONQ==","Cavill Hanover","Little E LLC, Vanersol Inc, Wolfgang A Stable Inc","Hanover Shoe Farms Inc","2 YO Colt & Gelding Trot"
"7/20/2018","Tioga Downs","LINK||http://replays.robertsstream.com/racereplays/cust/nyss.php?play=MjAxODA3MjAyMDIzVFFONw==","Gimpanzee","Courant Inc, SRF Stable","Order By Stable","2 YO Colt & Gelding Trot"
"7/20/2018","Tioga Downs","LINK||http://replays.robertsstream.com/racereplays/cust/nyss.php?play=MjAxODA3MjAyMTA3VFFOOQ==","Chip Chip Conway","Kenneth Weckstein, Gary Messenger","Kenneth Weckstein, Gary Messenger","2 YO Colt & Gelding Trot"
"7/21/2018","Saratoga Harness","LINK||http://replays.robertsstream.com/racereplays/cust/nyss.php?play=MjAxODA3MjExOTI3U1JOMg==","Ostro Hanover","Twin Bridge Racing","Hanover Shoe Farms Inc","3 YO Colt & Gelding Pace"
"7/21/2018","Saratoga Harness","LINK||http://replays.robertsstream.com/racereplays/cust/nyss.php?play=MjAxODA3MjEyMDI5U1JONQ==","Rootin Tootin","Blake MacIntosh, Stuart McIntosh, Fred Brayford, Robert MacNeil","Winbak Farm","3 YO Colt & Gelding Pace"
"7/21/2018","Saratoga Harness","LINK||http://replays.robertsstream.com/racereplays/cust/nyss.php?play=MjAxODA3MjEyMjQ0U1JOMTE=","Trump Nation","Crawford Farms Racing, Evan Katz","Richard Banca, Redmak Enterprises LLC","3 YO Colt & Gelding Pace"
"7/23/2018","Batavia Downs","LINK||http://replays.robertsstream.com/racereplays/cust/nyss.php?play=MjAxODA3MjMxODE1QlROMg==","Quincy Blue Chip","Blue Chip Bloodstock Inc","Blue Chip Bloodstock Inc","2 YO Filly Trot"
"7/23/2018","Batavia Downs","LINK||http://replays.robertsstream.com/racereplays/cust/nyss.php?play=MjAxODA3MjMxODIwQlRONA==","Conway Kellyanne","Carrie Norris, Acadia Farms Inc, G and B Racing","Patricia Hogan, Ed Lohmeyer","2 YO Filly Trot"
"7/23/2018","Batavia Downs","LINK||http://replays.robertsstream.com/racereplays/cust/nyss.php?play=MjAxODA3MjMxOTQwQlRONg==","Winndevie","Purple Haze Stables LLC","Joie De Vie Farm LLC","2 YO Filly Trot"
"7/24/2018","Yonkers Raceway","LINK||http://replays.robertsstream.com/racereplays/cust/nyss.php?play=MjAxODA3MjQyMTE4WU9ONw==","So Awesome","William Hartt","The OK Corral","2 YO Filly Pace"
"7/24/2018","Yonkers Raceway","LINK||http://replays.robertsstream.com/racereplays/cust/nyss.php?play=MjAxODA3MjQyMTM2WU9OOA==","St Somewhere","Burke Rcg Stb LLC, Phillip Collura, J&T Silva-Purnel & Libby, Weaver Bruscemi LLC","Crawford Farms LLC","2 YO Filly Pace"
"7/25/2018","Batavia Downs","LINK||http://replays.robertsstream.com/racereplays/cust/nyss.php?play=MjAxODA3MjUxNjU5QlROMQ==","Ubettergo Go","Blake MacIntosh, Tony Basile, Reginald Petipas, Ozzie Mackay","Concord Stud Farm LLC, Birnam Wood Farms","3 YO Filly Pace"
"7/25/2018","Batavia Downs","LINK||http://replays.robertsstream.com/racereplays/cust/nyss.php?play=MjAxODA3MjUxODEyQlRONQ==","Alexis Faith","West Wins Stb, Jim Fielding, J Darrow, Kevin McKinlay","Melvin Segal","3 YO Filly Pace"
"7/25/2018","Batavia Downs","LINK||http://replays.robertsstream.com/racereplays/cust/nyss.php?play=MjAxODA3MjUxODUxQlRONw==","Wisdom Tree","Thomas Pollack, Jeff Cullipher","Winbak Farm","3 YO Filly Pace"
"7/27/2018","Yonkers Raceway","LINK||http://replays.robertsstream.com/racereplays/cust/nyss.php?play=MjAxODA3MjcyMTE1WU9ONw==","Helpisontheway","Camelot Stb Inc, The Bay's Stb LLC, Little E LLC","Richard Balog","3 YO Colt & Gelding Trot"
"7/27/2018","Yonkers Raceway","LINK||http://replays.robertsstream.com/racereplays/cust/nyss.php?play=MjAxODA3MjcyMTM2WU9OOA==","The Veteran","W Donovan, Stephen Michaels, Jim Winske, George Ducharme Stb LLC","Glengate Farms","3 YO Colt & Gelding Trot"
"7/29/2018","Tioga Downs","LINK||http://replays.robertsstream.com/racereplays/cust/nyss.php?play=MjAxODA3MjkxNDEzVFFONQ==","Major Blake","Matthew Bencic, Howard Berke, Sam Schillaci","Blue Chip Bloodstock Inc","2 YO Colt & Gelding Pace"
"7/29/2018","Tioga Downs","LINK||http://replays.robertsstream.com/racereplays/cust/nyss.php?play=MjAxODA3MjkxNDUxVFFONw==","Artie's Ideal","Bay Pond Racing Stable","Winbak Farm","2 YO Colt & Gelding Pace"
"7/29/2018","Tioga Downs","LINK||http://replays.robertsstream.com/racereplays/cust/nyss.php?play=MjAxODA3MjkxNTMyVFFOOQ==","Melodies Major","Martin Scharf","James Avritt Sr","2 YO Colt & Gelding Pace"
"7/30/2018","Yonkers Raceway","LINK||http://replays.robertsstream.com/racereplays/cust/nyss.php?play=MjAxODA3MzAyMTAwWU9ONw==","Springsteen","Allard Rcg Inc, Bruce Soulsby, Alan Weisenberg, Kapildeo Singh","Brittany Farms LLC","3 YO Colt & Gelding Pace"
"7/30/2018","Yonkers Raceway","LINK||http://replays.robertsstream.com/racereplays/cust/nyss.php?play=MjAxODA3MzAyMTI4WU9OOA==","Heavenly Sound","M & M Harness Racing LLC","Steve Stewart, Lomangino Standardbreds","3 YO Colt & Gelding Pace"
"7/31/2018","Saratoga Harness","LINK||http://replays.robertsstream.com/racereplays/cust/nyss.php?play=MjAxODA3MzExOTQ0U1JOMw==","Gimpanzee","Courant Inc, SRF Stable","Order By Stable","2 YO Colt & Gelding Trot"
"7/31/2018","Saratoga Harness","LINK||http://replays.robertsstream.com/racereplays/cust/nyss.php?play=MjAxODA3MzEyMDM5U1JONg==","Horns For Three","Thomas Pollack, Jeff Cullipher","Dunroven Stud LLC","2 YO Colt & Gelding Trot"
"7/31/2018","Saratoga Harness","LINK||http://replays.robertsstream.com/racereplays/cust/nyss.php?play=MjAxODA3MzEyMTUzU1JOMTA=","Thunder","Crawford Farms Rcg, Jeremey Day, VIP Internet Stb LLC","Walnut Hall Limited","2 YO Colt & Gelding Trot"
"8/1/2018","Batavia Downs","LINK||http://replays.robertsstream.com/racereplays/cust/nyss.php?play=MjAxODA4MDExNjU5QlROMQ==","So Awesome","William Hartt","The OK Corral","2 YO Filly Pace"
"8/1/2018","Batavia Downs","LINK||http://replays.robertsstream.com/racereplays/cust/nyss.php?play=MjAxODA4MDExOTAxQlRONw==","Hurrikane Norakane","Jonathan Klee Rcg, Kuhen Rcg LLC, Pegasis Investment Group, George Vierno","Twinbrook Limited","2 YO Filly Pace"
"8/3/2018","Tioga Downs","LINK||http://replays.robertsstream.com/racereplays/cust/nyss.php?play=MjAxODA4MDMxOTI4VFFONQ==","Winndevie","Purple Haze Stables LLC","Joie De Vie Farm LLC","2 YO Filly Trot"
"8/3/2018","Tioga Downs","LINK||http://replays.robertsstream.com/racereplays/cust/nyss.php?play=MjAxODA4MDMyMDA1VFFONw==","Quincy Blue Chip","Blue Chip Bloodstock Inc","Blue Chip Bloodstock Inc","2 YO Filly Trot"
"8/3/2018","Tioga Downs","LINK||http://replays.robertsstream.com/racereplays/cust/nyss.php?play=MjAxODA4MDMyMDQzVFFOOQ==","Woodside Charm","Verlin Yoder","AV & Son Bloodstock LLC","2 YO Filly Trot"
"8/6/2018","Monticello Raceway","LINK||http://replays.robertsstream.com/racereplays/cust/nyss.php?play=MjAxODA4MDYxMzU0TVJENA==","Better Than Happy","Joe P Racing LLC","Winbak Farm","3 YO Filly Pace"
"8/6/2018","Monticello Raceway","LINK||http://replays.robertsstream.com/racereplays/cust/nyss.php?play=MjAxODA4MDYxMzU0TVJENA==","Newsday","Richard Silverman, Mary Kinsey Arnold, Edward Mcenery, Michael Gluckman","Brittany Farms LLC, Val D'Or Farms","3 YO Filly Pace"
"8/6/2018","Monticello Raceway","LINK||http://replays.robertsstream.com/racereplays/cust/nyss.php?play=MjAxODA4MDYxNDU0TVJENw==","Wisdom Tree","Thomas Pollack, Jeff Cullipher","Winbak Farm","3 YO Filly Pace"
"8/7/2018","Yonkers Raceway","N/A","Natalie Hanover","Van Camp Trotting Corp, Anders Olsson, Lars Berg, Borje Nasstrom","Hanover Shoe Farms Inc","3 YO Filly Trot"
"8/7/2018","Yonkers Raceway","LINK||http://replays.robertsstream.com/racereplays/cust/nyss.php?play=MjAxODA4MDcyMDU2WU9ONg==","Supergirl Riley","Paymaq Rcg, George Golemes, Harvey Eisman","Brittany Farms LLC","3 YO Filly Trot"
"8/7/2018","Yonkers Raceway","LINK||http://replays.robertsstream.com/racereplays/cust/nyss.php?play=MjAxODA4MDcyMTM0WU9OOA==","Lucky Ava","Ake Svanstedt Inc, Little E LLC, Van Camp Trotting Corp","Little E LLC","3 YO Filly Trot"
"8/8/2018","Batavia Downs","LINK||http://replays.robertsstream.com/racereplays/cust/nyss.php?play=MjAxODA4MDgxNzE5QlROMg==","Thunder","Crawford Farms Rcg, Jeremey Day, VIP Internet Stb LLC","Walnut Hall Limited","2 YO Colt & Gelding Trot"
"8/8/2018","Batavia Downs","LINK||http://replays.robertsstream.com/racereplays/cust/nyss.php?play=MjAxODA4MDgxODQyQlRONg==","Cavill Hanover","Little E LLC, Vanersol Inc, Wolfang A Stable Inc","Hanover Shoe Farms Inc","2 YO Colt & Gelding Trot"
"8/10/2018","Saratoga Harness","LINK||http://replays.robertsstream.com/racereplays/cust/nyss.php?play=MjAxODA4MTAyMDQ0U1JONg==","The Veteran","W. Donovan, Stephen Michaels, Jim Winske, George Ducharme Stb LLC","Glengate Farms","3 YO Colt & Gelding Trot
"
"8/10/2018","Saratoga Harness","LINK||http://replays.robertsstream.com/racereplays/cust/nyss.php?play=MjAxODA4MTAyMTU2U1JOMTA=","Helpisontheway","Camelot Stb Inc, The Bay's Stb LLC, Little E LLC","Richard Balog","3 YO Colt & Gelding Trot"
"8/13/2018","Yonkers Raceway","LINK||http://replays.robertsstream.com/racereplays/cust/nyss.php?play=MjAxODA4MTMyMTIzWU9OOA==","Winndevie","Purple Haze Stables LLC","Joie De Vie Farm LLC","2 YO Filly Trot"
"8/13/2018","Yonkers Raceway","LINK||http://replays.robertsstream.com/racereplays/cust/nyss.php?play=MjAxODA4MTMyMTM4WU9OOQ==","Amal Hall","Andy Miller Stb Inc, GTY Stable, Dumain Haven Farm","Walnut Hall Limited","2 YO Filly Trot"
"8/13/2018","Yonkers Raceway","LINK||http://replays.robertsstream.com/racereplays/cust/nyss.php?play=MjAxODA4MTMyMjAwWU9OMTA=","Conway Kellyanne","Carrie Norris, Acadia Farms Inc,G and B Racing","Patricia Hogan, Ed Lohmeyer","2 YO Filly Trot"
"8/14/2018","Saratoga Harness","LINK||http://replays.robertsstream.com/racereplays/cust/nyss.php?play=MjAxODA4MTQyMTE2U1JOOA==","Reigning Deo","Deo Volente Farms LLC, Pelling Rcg LLC, Brian Gordon","Deo Volente Farms LLC","2 YO Colt & Gelding Pace"
"8/14/2018","Saratoga Harness","LINK||http://replays.robertsstream.com/racereplays/cust/nyss.php?play=MjAxODA4MTQyMjExU1JOMTE=","Bicorne Hanover","Burke Rcg Stb LLC, Weaver Bruscemi LLC, James Martin, William Switala","Hanover Shoe Farms Inc","2 YO Colt & Gelding Pace"
"8/17/2018","Vernon Downs","LINK||http://replays.robertsstream.com/racereplays/cust/nyss.php?play=MjAxODA4MTcxOTIwVlJONA==","Zero Tolerance","Val D'Or Farms, Theodore Gewertz","Winbak Farm","2 YO Filly Pace"
"8/17/2018","Vernon Downs","LINK||http://replays.robertsstream.com/racereplays/cust/nyss.php?play=MjAxODA4MTcxOTU5VlJONg==","Money Shot Hanover","Rick Phillips, Deena Frost, Mark Harder","Hanover Shoe Farms Inc","2 YO Filly Pace"
"8/20/2018","Yonkers Raceway","LINK||http://replays.robertsstream.com/racereplays/cust/nyss.php?play=MjAxODA4MjAyMDQxWU9ONg==","Gimpanzee","Courant Inc, SRF Stable","Order By Stable","2 YO Colt & Gelding Trot"
"8/20/2018","Yonkers Raceway","LINK||http://replays.robertsstream.com/racereplays/cust/nyss.php?play=MjAxODA4MjAyMTMwWU9OOA==","Chapter Fashion","Fashion Farms LLC","Ray Schnittker, Herbert Burns III, Stephen Demeter, Blue Chip Bloodstock Inc","2 YO Colt & Gelding Trot"
"8/22/2018","Batavia Downs","LINK||http://replays.robertsstream.com/racereplays/cust/nyss.php?play=MjAxODA4MjIxNzQxQlROMw==","Repentance","Diamond Creek Racing","Diamond Creek Farm LLC","3 YO Filly Trot"
"8/22/2018","Batavia Downs","LINK||http://replays.robertsstream.com/racereplays/cust/nyss.php?play=MjAxODA4MjIxODIxQlRONQ==","White Cheetah","Paul Kelley Rcg Stb, Joe Sbrocco, Stable 45","PC Wellwood Enterprises Inc, Alan Hainsworth, William Weaver III, Kelly Rcg Stb LLC","3 YO Filly Trot"
"8/23/2018","Vernon Downs","LINK||http://replays.robertsstream.com/racereplays/cust/nyss.php?play=MjAxODA4MjMyMDA4VlJONw==","Hanna Dreamgirl","Kenneth Jacobs","Winbak Farm","2 YO Filly Trot"
"8/23/2018","Vernon Downs","LINK||http://replays.robertsstream.com/racereplays/cust/nyss.php?play=MjAxODA4MjMyMDUwVlJOOQ==","Woodside Charm","Verlin Yoder","AV & Son Bloodstock LLC","2 YO Filly Trot"
"8/24/2018","Yonkers Raceway","LINK||http://replays.robertsstream.com/racereplays/cust/nyss.php?play=MjAxODA4MjQxOTQ4WU9ONA==","Major Blake","Matthew Bencic, Howard Berke, Sam Schillaci","Blue Chip Bloodstock Inc","2 YO Colt & Gelding Pace"
"8/24/2018","Yonkers Raceway","LINK||http://replays.robertsstream.com/racereplays/cust/nyss.php?play=MjAxODA4MjQyMDA3WU9ONQ==","Hickfromfrenchlick","Ray Schnittker, Nolamaura Rcg LLC, Thomas Spatorico","Steve Jones","2 YO Colt & Gelding Pace"
"8/24/2018","Yonkers Raceway","LINK||http://replays.robertsstream.com/racereplays/cust/nyss.php?play=MjAxODA4MjQyMDMwWU9ONg==","Artie's Ideal","Bay Pond Racing Stable","Winbak Farm","2 YO Colt & Gelding Pace"
"8/28/2018","Yonkers Raceway","LINK||http://replays.robertsstream.com/racereplays/cust/nyss.php?play=MjAxODA4MjgyMTE0WU9ONw==","Courtly Choice","Hutt Rcg Stable, Mac And Heim Stbs, Daniel Plouffe, Touch Stone Farms","Winbak Farm","3 YO Colt & Gelding Pace"
"8/28/2018","Yonkers Raceway","LINK||http://replays.robertsstream.com/racereplays/cust/nyss.php?play=MjAxODA4MjgyMTM3WU9OOA==","Ghost Dance","Millar Farms","Millar Farms","3 YO Colt & Gelding Pace"
"8/29/2018","Batavia Downs","LINK||http://replays.robertsstream.com/racereplays/cust/nyss.php?play=MjAxODA4MjkxNjU5QlROMQ==","Winning Shadow","Our Horse Cents Stables","James Wilhite Jr","3 YO Colt & Gelding Trot"
"8/29/2018","Batavia Downs","LINK||http://replays.robertsstream.com/racereplays/cust/nyss.php?play=MjAxODA4MjkxODU3QlRONw==","Im the Muscle","Rheau Viau","Blair Corbeil, Erna Corbeil","3 YO Colt & Gelding Trot"
"8/30/2018","Vernon Downs","LINK||http://replays.robertsstream.com/racereplays/cust/nyss.php?play=MjAxODA4MzAxOTQ5VlJONg==","Gimpanzee","Courant Inc, SRF Stable","Order By Stable","2 YO Colt & Gelding Trot"
"8/30/2018","Vernon Downs","LINK||http://replays.robertsstream.com/racereplays/cust/nyss.php?play=MjAxODA4MzAyMDQ4VlJOOQ==","Thunder","Crawford Farms Rcg, Jeremey  Day, VIP Internet Stable LLC","Walnut Hall Limited","2 YO Colt & Gelding Trot"
"8/31/2018","Saratoga Harness","LINK||http://replays.robertsstream.com/racereplays/cust/nyss.php?play=MjAxODA4MzExOTAzU1JOMQ==","Money Shot Hanover","Rick Phillips, Deena Frost, Mark Harder","Hanover Shoe Farms Inc","2 YO Filly Pace"
"8/31/2018","Saratoga Harness","LINK||http://replays.robertsstream.com/racereplays/cust/nyss.php?play=MjAxODA4MzExOTU0U1JONA==","So Awesome","William Hartt","The OK Corral","2 YO Filly Pace"
"9/3/2018","Vernon Downs","LINK||http://replays.robertsstream.com/racereplays/cust/nyss.php?play=MjAxODA5MDMxNDQzVlJONg==","Melodies Major","Martin Scharf","James Avritt Sr","2 YO Colt & Gelding Pace"
"9/3/2018","Vernon Downs","LINK||http://replays.robertsstream.com/racereplays/cust/nyss.php?play=MjAxODA5MDMxNTQzVlJOOQ==","Hickfromfrenchlick","Ray Schnittker, Nolamaura Rcg LLC, Thomas Spatorico","Steven Jones","2 YO Colt & Gelding Pace"
"9/5/2018","Batavia Downs","LINK||http://replays.robertsstream.com/racereplays/cust/nyss.php?play=MjAxODA5MDUxNjU5QlROMQ==","Ghost Dance","Millar Farms","Millar Farms","3 YO Colt & Gelding Pace"
"9/5/2018","Batavia Downs","LINK||http://replays.robertsstream.com/racereplays/cust/nyss.php?play=MjAxODA5MDUxODI1QlRONQ==","Ideal Feeling","Rick Berks","Winbak Farm","3 YO Colt & Gelding Pace"
"9/5/2018","Batavia Downs","LINK||http://replays.robertsstream.com/racereplays/cust/nyss.php?play=MjAxODA5MDUxODQ2QlRONg==","Mach N Cheese","Save The Day Stable","Winbak Farm","3 YO Colt & Gelding Pace"
"9/6/2018","Yonkers Raceway","LINK||http://replays.robertsstream.com/racereplays/cust/nyss.php?play=MjAxODA5MDYyMTIxWU9OOA==","Line Dancer","Ricky Bucci, Blue Meadow Farm LLC","Steve Schmucker","3 YO Filly Pace"
"9/6/2018","Yonkers Raceway","LINK||http://replays.robertsstream.com/racereplays/cust/nyss.php?play=MjAxODA5MDYyMTQwWU9OOQ==","Newsday","Richard Silverman, Mary Kinsey Arnold, Edward Mcenery, Michael Gluckman","Brittany Farms LLC, Val D'Or Farms","3 YO Filly Pace"
"9/6/2018","Yonkers Raceway","LINK||http://replays.robertsstream.com/racereplays/cust/nyss.php?play=MjAxODA5MDYyMjAxWU9OMTA=","Wisdom Tree","Thomas Pollack, Jeff Cullipher","Winbak Farm","3 YO Filly Pace"
"9/7/2018","Saratoga Raceway","LINK||http://replays.robertsstream.com/racereplays/cust/nyss.php?play=MjAxODA5MDcyMDU0U1JOOA==","Repentance","Diamond Creek Racing","Diamond Creek Farm LLC","3 YO Filly Trot"
"9/7/2018","Saratoga Raceway","LINK||http://replays.robertsstream.com/racereplays/cust/nyss.php?play=MjAxODA5MDcyMTUwU1JOMTE=","Plunge Blue Chip","Ake Svanstedt Inc, Blue Chip Bloodstock Inc, Tomas Andersson, Rick Zeron Stbs","Blue Chip Bloodstock Inc","3 YO Filly Trot"
"9/10/2018","Monticello Raceway","LINK||http://replays.robertsstream.com/racereplays/cust/nyss.php?play=MjAxODA5MTAxNDQ3TVJENw==","Zero Tolerance","Val D'Or Farms, Theodore Gewertz","Winbak Farm","2 YO Filly Pace"
"9/11/2018","Yonkers Raceway","LINK||http://replays.robertsstream.com/racereplays/cust/nyss.php?play=MjAxODA5MTEyMTMxWU9OOA==","Perlucky","Purple Haze Stables LLC","Fair Winds Farm Inc","3 YO Colt & Gelding Trot"
"9/11/2018","Yonkers Raceway","LINK||http://replays.robertsstream.com/racereplays/cust/nyss.php?play=MjAxODA5MTEyMTUyWU9OOQ==","Six Pack","Ake Svanstedt Inc, Little E LLC, Stall Kalmar FF, Lars Berg","Brittany Farms LLC","3 YO Colt & Gelding Trot"
"9/12/2018","Batavia Downs","LINK||http://replays.robertsstream.com/racereplays/cust/nyss.php?play=MjAxODA5MTIxNzQzQlROMw==","Melodies Major","Martin Scharf","James Avritt Sr","2 YO Colt & Gelding Pace"
"9/12/2018","Batavia Downs","LINK||http://replays.robertsstream.com/racereplays/cust/nyss.php?play=MjAxODA5MTIxODIzQlRONQ==","Covered Bridge","David Smith, James Giannuzzi","Winbak Farm","2 YO Colt & Gelding Pace"
"9/13/2018","Saratoga Harness","LINK||http://replays.robertsstream.com/racereplays/cust/nyss.php?play=MjAxODA5MTMxMzI3U1JONQ==","Woodside Charm","Verlin Yoder","Av & Son Bloodstock LLC","2 YO Filly Trot"
"9/13/2018","Saratoga Harness","LINK||http://replays.robertsstream.com/racereplays/cust/nyss.php?play=MjAxODA5MTMxNTE4U1JOMTA=","Quincy Blue Chip","Blue Chip Bloodstock Inc","Blue Chip Bloodstock Inc","2 YO Filly Trot"
"9/14/2018","Yonkers Raceway","LINK||http://replays.robertsstream.com/racereplays/cust/nyss.php?play=MjAxODA5MTQyMDI2WU9ONQ==","Thunder","Crawford Farms Rcg, Jeremey Day, VIP Internet Stb LLC","Walnut Hall Limited","2 YO Colt & Gelding Trot"
"9/14/2018","Yonkers Raceway","LINK||http://replays.robertsstream.com/racereplays/cust/nyss.php?play=MjAxODA5MTQyMTQzWU9OOA==","Gimpanzee","Courant Inc, SRF Stable","Order By Stable","2 YO Colt & Gelding Trot"
"9/21/2018","Batavia Downs","N/A","Topville Angelina","Ervin Miller Stb Inc, Michael Anderson, George Golemes","Robert Hamather","2 YO Filly Pace- NYSS Consolation"
"9/21/2018","Batavia Downs","LINK||http://replays.robertsstream.com/racereplays/cust/nyss.php?play=MjAxODA5MjExNzU5QlROMQ==","Sweet Chapter","Hutt Rcg Stb, Blake Macintosh, Glenn Bechtel, Mortgage Boys Stb","Winbak Farm","2 YO Filly Trot-NYSS Consolation"
"9/21/2018","Batavia Downs","LINK||http://replays.robertsstream.com/racereplays/cust/nyss.php?play=MjAxODA5MjExODE5QlROMg==","KJ Leo","Brenda Messenger, Philip Shapiro, Scott Woogen","Scott Woogen, Brenda Messenger, Philip Shapiro","2 YO Colt & Gelding Pace-
NYSS Consolation"
"9/21/2018","Batavia Downs","LINK||http://replays.robertsstream.com/racereplays/cust/nyss.php?play=MjAxODA5MjExODM5QlROMw==","JNR Express","James DeArmond, Russell Young","Donald LaPage","2 YO Colt & Gelding Trot-
NYSS Consolation"
"9/21/2018","Batavia Downs","LINK||http://replays.robertsstream.com/racereplays/cust/nyss.php?play=MjAxODA5MjExOTE4QlRONQ==","Solitary","William Daggett Jr, Lawrence Vukovic, JL Benson Stbs Inc","Docs Farm Inc","3 YO Filly Pace- NYSS Consolation"
"9/21/2018","Batavia Downs","LINK||http://replays.robertsstream.com/racereplays/cust/nyss.php?play=MjAxODA5MjExOTQwQlRONg==","Im The Muscle","Rheau Viau","Blair Corbeil, Erna Corbeil","3 YO Colt & Gelding Trot-
NYSS Consolation"
"9/21/2018","Batavia Downs","LINK||http://replays.robertsstream.com/racereplays/cust/nyss.php?play=MjAxODA5MjExOTU5QlRONw==","Supergirl Riley","Paymaq Rcg, George Golemes, Harvey Eisman","Brittany Farms LLC","3 YO Filly Trot-NYSS Consolation"
"9/21/2018","Batavia Downs","LINK||http://replays.robertsstream.com/racereplays/cust/nyss.php?play=MjAxODA5MjEyMDU3QlROMTA=","Ideal Feeling","Rick Berks","Winbak Farm","3 YO Colt & Gelding Pace-
NYSS Consolation"
