" DATE"," TRACK"," VIDEO"," HORSE"," OWNER"," BREEDER"," EVENT"
" 5/8/2018","Yonkers Raceway"," N/A"," Video Chic"," Bay Pond Racing Stable"," Winbak Farm"," 3 YO Filly Trot"
" 5/8/2018"," Yonkers Raceway","LINK||http://replays.robertsstream.com/racereplays/cust/nyss.php?play=MjAxODA1MDgxOTMxWU9OMw=="," Pittstop Emerald"," Robert Gale"," Cherry Hill Farm"," 3 YO Filly Trot"
" 5/8/2018"," Yonkers Raceway","LINK||http://replays.robertsstream.com/racereplays/cust/nyss.php?play=MjAxODA1MDgxOTUwWU9ONA=="," Ms Independence PV"," Peter Venturini"," Peter Venturini"," 3 YO Filly Trot"
" 5/8/2018"," Yonkers Raceway","LINK||http://replays.robertsstream.com/racereplays/cust/nyss.php?play=MjAxODA1MDgyMDExWU9ONQ=="," Miss Muscle"," David Smith, John Stark Jr., James Giannuzzi, Daniel Giannuzzi"," Ed Lohmeyer"," 3 YO Filly Trot"
" 5/8/2018"," Yonkers Raceway","LINK||http://replays.robertsstream.com/racereplays/cust/nyss.php?play=MjAxODA1MDgyMDM4WU9ONg=="," Ithinkthatsmine"," Raymond Campbell Jr."," Raymond Campbell Jr."," 3 YO Filly Trot"
" 5/11/2018"," Vernon Downs","LINK||http://replays.robertsstream.com/racereplays/cust/nyss.php?play=MjAxODA1MTExODA5VlJOMQ=="," Galahad's Quest"," Samuel Trombley"," Winbak Farm"," 3 YO Colt & Gelding Trot"
" 5/11/2018"," Vernon Downs","LINK||http://replays.robertsstream.com/racereplays/cust/nyss.php?play=MjAxODA1MTExODI4VlJOMg=="," Conman Crown"," Pine Hill Stables"," Pine Hill Stables"," 3 YO Colt & Gelding Trot"
" 5/11/2018"," Vernon Downs","LINK||http://replays.robertsstream.com/racereplays/cust/nyss.php?play=MjAxODA1MTExODQ4VlJOMw=="," Southeaster"," William Miller II"," William Miller II"," 3 YO Colt & Gelding Trot"
" 5/11/2018"," Vernon Downs","LINK||http://replays.robertsstream.com/racereplays/cust/nyss.php?play=MjAxODA1MTExOTA4VlJONA=="," Winning Shadow"," Our Horse Cents Stables, J&T Silva Stables LLC"," James Wilhite Jr."," 3 YO Colt & Gelding Trot"
" 5/11/2018"," Vernon Downs","LINK||http://replays.robertsstream.com/racereplays/cust/nyss.php?play=MjAxODA1MTExOTI4VlJONQ=="," Alex The Great"," Glenn Schnackenberg, Kellie Dickie"," Angie Stiller"," 3 YO Colt & Gelding Trot"
" 5/11/2018"," Vernon Downs","LINK||http://replays.robertsstream.com/racereplays/cust/nyss.php?play=MjAxODA1MTEyMDA4VlJONw=="," If Not Why Not"," Michael Polansky"," Michael Polansky"," 3 YO Colt & Gelding Trot"
" 5/27/2018"," Saratoga Harness","LINK||http://replays.robertsstream.com/racereplays/cust/nyss.php?play=MjAxODA1MjcxMzA3U1JONA=="," Pasta Blue Chip"," Blake Macintosh, Glenn Bechtel"," Blue Chip Bloodstock Inc"," 3 YO Filly Pace"
" 5/27/2018"," Saratoga Harness","LINK||http://replays.robertsstream.com/racereplays/cust/nyss.php?play=MjAxODA1MjcxMzQ2U1JONg=="," Frankies Rockngirl"," Paul Falitico, Shelley Falitico"," Paul Falitico, Shelley Falitco"," 3 YO Filly Pace"
"  5/27/2018"," Saratoga Harness","LINK||http://replays.robertsstream.com/racereplays/cust/nyss.php?play=MjAxODA1MjcxNjMzU1JOMTU="," Blush"," Erica Chartrand"," Scott Kimelman, Sheila Baird"," 3 YO Filly Pace"
"  5/27/2018"," Saratoga Harness","LINK||http://replays.robertsstream.com/racereplays/cust/nyss.php?play=MjAxODA1MjcxMjEzU1JOMQ=="," Dov's Song"," Stephen Schneider, William Siegel, Jay Lieberman"," Birnam Wood Farms, Concord Stud Farm LLC"," 3 YO Filly Pace"
"  5/27/2018"," Saratoga Harness","LINK||http://replays.robertsstream.com/racereplays/cust/nyss.php?play=MjAxODA1MjcxMjQ5U1JOMw=="," Surreal Feeling"," Chris Lawton, Dale Lawton"," Jim Winske"," 3 YO Filly Pace"
"  5/27/2018"," Saratoga Harness","LINK||http://replays.robertsstream.com/racereplays/cust/nyss.php?play=MjAxODA1MjcxNTAwU1JOMTA="," So Long Darling"," Bradley Grant"," Vieux Carre Farms"," 3 YO Filly Pace"
"  5/27/2018"," Saratoga Harness","LINK||http://replays.robertsstream.com/racereplays/cust/nyss.php?play=MjAxODA1MjcxNTM5U1JOMTI="," Escape Again"," Troyce Thomas"," Winbak Farm"," 3 YO Filly Pace"
"  5/27/2018"," Saratoga Harness","LINK||http://replays.robertsstream.com/racereplays/cust/nyss.php?play=MjAxODA1MjcxNjE1U1JOMTQ="," Majorette Angie"," Marilyn Gross, Heiman Gross"," Marilyn Gross, Heiman Gross"," 3 YO Filly Pace"
" 5/28/2018"," Vernon Downs","LINK||http://replays.robertsstream.com/racereplays/cust/nyss.php?play=MjAxODA1MjgxNjQ2VlJOMTI="," Hell On Wheels"," Rock And Roll Stable Inc"," Blue Chip Bloodstock Inc"," 3 YO Colt & Gelding Pace"
" 5/28/2018"," Vernon Downs","LINK||http://replays.robertsstream.com/racereplays/cust/nyss.php?play=MjAxODA1MjgxNzAwVlJOMTM="," Prophet Blue Chip"," Robert Sholes, Edward Davis, David Dziengiel"," Blue Chip Bloodstock Inc"," 3 YO Colt & Gelding Pace"
" 5/28/2018"," Vernon Downs","LINK||http://replays.robertsstream.com/racereplays/cust/nyss.php?play=MjAxODA1MjgxMzQyVlJOMw=="," Lets Roll"," Our Horse Cents Stables, Rossie Smith"," Blue Chip Bloodstock Inc"," 3 YO Colt & Gelding Pace"
" 5/28/2018"," Vernon Downs","LINK||http://replays.robertsstream.com/racereplays/cust/nyss.php?play=MjAxODA1MjgxNDAxVlJONA=="," Decision Day"," Shirley LeVin"," Curran Racing LLC, Adam Michael"," 3 YO Colt & Gelding Pace"
"  5/28/2018"," Vernon Downs","LINK||http://replays.robertsstream.com/racereplays/cust/nyss.php?play=MjAxODA1MjgxNjI5VlJOMTE="," Rocksapatriot"," Stephen Farrell"," Stephen Farrell Jr."," 3 YO Colt & Gelding Pace"
" 6/3/2018"," Tioga Downs","LINK||http://replays.robertsstream.com/racereplays/cust/nyss.php?play=MjAxODA2MDMxNjM1VFFOMTI="," Pasta Blue Chip"," Blake Macintosh, Glenn Bechtel"," Blue Chip Bloodstock Inc"," 3 YO Filly Pace"
" 6/3/2018"," Tioga Downs","LINK||http://replays.robertsstream.com/racereplays/cust/nyss.php?play=MjAxODA2MDMxNjUwVFFOMTM="," Kissesfromheaven"," 315 Stables LLC"," Crawford Farms LLC"," 3 YO Filly Pace"
" 6/3/2018"," Tioga Downs","LINK||http://replays.robertsstream.com/racereplays/cust/nyss.php?play=MjAxODA2MDMxNzA1VFFOMTQ="," Blush"," Erica Chartrand"," Scott Kimelman, Sheila Baird"," 3 YO Filly Pace"
" 6/3/2018"," Tioga Downs","LINK||http://replays.robertsstream.com/racereplays/cust/nyss.php?play=MjAxODA2MDMxMjU4VFFOMQ=="," Real Roxy"," Stanley Noga"," Ribbonships"," 3 YO Filly Pace"
" 6/3/2018"," Tioga Downs","LINK||http://replays.robertsstream.com/racereplays/cust/nyss.php?play=MjAxODA2MDMxMzIwVFFOMg=="," KJ's Justine"," Kenneth Jacobs"," Blue Chip Bloodstock Inc"," 3 YO Filly Pace"
"6/3/2018","Tioga Downs","LINK||http://replays.robertsstream.com/racereplays/cust/nyss.php?play=MjAxODA2MDMxNTM5VFFOOQ==","Surreal Feeling","Chris Lawton, Dale Lawton","Jim Winske","3 YO Filly Pace"
"6/3/2018","Tioga Downs","LINK||http://replays.robertsstream.com/racereplays/cust/nyss.php?play=MjAxODA2MDMxNjAxVFFOMTA=","Psychic Blue Chip","Jeffery Clark, Vernon Cannon","Blue Chip Bloodstock Inc","3 YO Filly Pace"
"6/3/2018","Tioga Downs","LINK||http://replays.robertsstream.com/racereplays/cust/nyss.php?play=MjAxODA2MDMxNjE4VFFOMTE=","Mink Pink","Crawford Farms Racing","Theodore Colby, Susan Colby","3 YO Filly Pace"
"6/4/2018","Monticello Raceway","LINK||http://replays.robertsstream.com/racereplays/cust/nyss.php?play=MjAxODA2MDQxMzM2TVJEMw==","Executive Decision","Connie Hochstetler, Robert Buddig, Allen Schwartz","Dunroven Stud LLC","3 YO Filly Trot"
"6/4/2018","Monticello Raceway","LINK||http://replays.robertsstream.com/racereplays/cust/nyss.php?play=MjAxODA2MDQxNjIwTVJEMTE=","Chasing Stardom","Kenneth Finnerty, Linda Finnerty","Harry Rutherford","3 YO Filly Trot"
"6/4/2018","Monticello Raceway","LINK||http://replays.robertsstream.com/racereplays/cust/nyss.php?play=MjAxODA2MDQxMzE0TVJEMg==","Abbie Hall","American Viking Rcg Stb, Marc Goldberg, Purple Haze Stbs LLC","Walnut Hall Limited","3 YO Filly Trot"
"6/4/2018","Monticello Raceway","LINK||http://replays.robertsstream.com/racereplays/cust/nyss.php?play=MjAxODA2MDQxMzUzTVJENA==","Girl Crush","Harbor Racing Stable LLC","Crawford Farms LLC, Patricia Crawford","3 YO Filly Trot"
"6/4/2018","Monticello Raceway","LINK||http://replays.robertsstream.com/racereplays/cust/nyss.php?play=MjAxODA2MDQxNDE1TVJENQ==","Sassy Massy","Cheryl Whitcroft, Fiddler's Creek Stbs LLC","Fiddler's Creek Stables LLC","3 YO Filly Trot"
"6/4/2018","Monticello Raceway","LINK||http://replays.robertsstream.com/racereplays/cust/nyss.php?play=MjAxODA2MDQxNTM2TVJEOQ==","Seven Karats","Kenneth Jacobs","Diamond Creek Farm LLC","3 YO Filly Trot"
"6/4/2018","Monticello Raceway","LINK||http://replays.robertsstream.com/racereplays/cust/nyss.php?play=MjAxODA2MDQxNTU0TVJEMTA=","A Gift For You","Kenneth Jacobs","Helping Hands Stables","3 YO Filly Trot"
"6/6/2018","Buffalo Raceway","LINK||http://replays.robertsstream.com/racereplays/cust/nyss.php?play=MjAxODA2MDYxNjU5QlVOMQ==","Time Is Fleeting","Regina Dewhurst","Steve Stewart, Michael Andrew","3 YO Colt & Gelding Trot"
"6/6/2018","Buffalo Raceway","LINK||http://replays.robertsstream.com/racereplays/cust/nyss.php?play=MjAxODA2MDYxNzM2QlVOMw==","Lunar Credit","Little E LLC, Arthur Geiger, David Stolz, Living The Dream Rcg LLC","Moni Market Breeders","3 YO Colt & Gelding Trot"
"6/6/2018","Buffalo Raceway","LINK||http://replays.robertsstream.com/racereplays/cust/nyss.php?play=MjAxODA2MDYxODEzQlVONQ==","L Dees Courageous","Ann-Mari Daley, Donald Brenner, Dan Boddie","Lawrence Dumain, Carlo Lattinelli","3 YO Colt & Gelding Trot"
"6/10/2018","Tioga Downs","LINK||http://replays.robertsstream.com/racereplays/cust/nyss.php?play=MjAxODA2MTAxNzI2VFFOMTQ=","Unprecedented","Robert Cooper Stbs LLC, Stuart Oppenheimer, Glasser Rcg LLC","Frederick Hertrich III","3 YO Colt & Gelding Pace"
"6/10/2018","Tioga Downs","LINK||http://replays.robertsstream.com/racereplays/cust/nyss.php?play=MjAxODA2MTAxNzQ0VFFOMTU=","Striking Reality","Ann-Mari Daley, Donald Brenner","Ross Bonafield","3 YO Colt & Gelding Pace"
"6/10/2018","Tioga Downs","LINK||http://replays.robertsstream.com/racereplays/cust/nyss.php?play=MjAxODA2MTAxNjI3VFFOMTE=","Decision Day","Shirley LeVin","Curran Racing LLC, Adam Michael","3 YO Colt & Gelding Pace"
"6/10/2018","Tioga Downs","LINK||http://replays.robertsstream.com/racereplays/cust/nyss.php?play=MjAxODA2MTAxNjQ1VFFOMTI=","Surfing Tide","Joseph Davino, Brad Shackman, Patrick O'Brien, Drennan Stb LLC","Winbak Farm","3 YO Colt & Gelding Pace"
"6/10/2018","Tioga Downs","LINK||http://replays.robertsstream.com/racereplays/cust/nyss.php?play=MjAxODA2MTAxNzA4VFFOMTM=","Rockapelo","Enviro Stables Ltd","Enviro Stables Ltd","3 YO Colt & Gelding Pace"
"6/13/2018","Buffalo Raceway","LINK||http://replays.robertsstream.com/racereplays/cust/nyss.php?play=MjAxODA2MTMxNzM2QlVOMw==","Casie's Believer","Robert Anderson, Pamela Schieber","Winbak Farm","3 YO Filly Pace"
"6/13/2018","Buffalo Raceway","LINK||http://replays.robertsstream.com/racereplays/cust/nyss.php?play=MjAxODA2MTMxNzU1QlVONA==","Majorette Angie","Marilyn Gross, Heiman Gross","Marilyn Gross, Heiman Gross","3 YO Filly Pace"
"6/13/2018","Buffalo Raceway","LINK||http://replays.robertsstream.com/racereplays/cust/nyss.php?play=MjAxODA2MTMxODE0QlVONQ==","Psychic Blue Chip","Jeffery Clark, Vernon Cannon","Blue Chip Bloodstock Inc","3 YO Filly Pace"
"6/13/2018","Buffalo Raceway","LINK||http://replays.robertsstream.com/racereplays/cust/nyss.php?play=MjAxODA2MTMxODMzQlVONg==","Mink Pink","Crawford Farms Racing","Theodore Colby, Susan Colby","3 YO Filly Pace"
"6/15/2018","Tioga Downs","LINK||http://replays.robertsstream.com/racereplays/cust/nyss.php?play=MjAxODA2MTUyMTE2VFFOMTA=","Pappagiorgio","Pine Hill Stables","George Miller","3 YO Colt & Gelding Trot"
"6/15/2018","Tioga Downs","LINK||http://replays.robertsstream.com/racereplays/cust/nyss.php?play=MjAxODA2MTUyMTMzVFFOMTE=","Time Is Fleeting","Regina Dewhurst","Steve Stewart, Michael Andrew","3 YO Colt & Gelding Trot"
"6/15/2018","Tioga Downs","LINK||http://replays.robertsstream.com/racereplays/cust/nyss.php?play=MjAxODA2MTUxODUyVFFOMw==","Crime Fighter","Richard Gutnick, William Augustine, Joseph Lozito Jr, TLP Stable","Richard Gutnick, William Augustine","3 YO Colt & Gelding Trot"
"6/15/2018","Tioga Downs","LINK||http://replays.robertsstream.com/racereplays/cust/nyss.php?play=MjAxODA2MTUxOTMwVFFONQ==","Troller","Paul Kelley Racing Stable","Bonnie Woodward","3 YO Colt & Gelding Trot"
"6/15/2018","Tioga Downs","LINK||http://replays.robertsstream.com/racereplays/cust/nyss.php?play=MjAxODA2MTUyMDEwVFFONw==","Lunar Credit","Little E LLC, Arthur Geiger, David Stolz, Living The Dream Rcg LLC","Moni Market Breeders","3 YO Colt & Gelding Trot"
"6/17/2018","Buffalo Raceway","LINK||http://replays.robertsstream.com/racereplays/cust/nyss.php?play=MjAxODA2MTcxNDIwQlVONw==","Financial Impact","Marie Houghtaling","Ronald Houghtaling","3 YO Filly Trot"
"6/17/2018","Buffalo Raceway","LINK||http://replays.robertsstream.com/racereplays/cust/nyss.php?play=MjAxODA2MTcxNTE1QlVOMTA=","Chasing Stardom","Kenneth Finnerty, Linda Finnerty","Harry Rutherford","3 YO Filly Trot"
"6/17/2018","Buffalo Raceway","LINK||http://replays.robertsstream.com/racereplays/cust/nyss.php?play=MjAxODA2MTcxMzA2QlVOMw==","Michando","Ervin Miller Stb Inc, JL Benson Stbs Inc, Atlee Bender","JL Benson Stables Inc, Nick Surick","3 YO Filly Trot"
"6/17/2018","Buffalo Raceway","LINK||http://replays.robertsstream.com/racereplays/cust/nyss.php?play=MjAxODA2MTcxNDAxQlVONg==","A Gift For You","Kenneth Jacobs","Helping Hands Stables","3 YO Filly Trot"
"6/17/2018","Buffalo Raceway","LINK||http://replays.robertsstream.com/racereplays/cust/nyss.php?play=MjAxODA2MTcxNDM4QlVOOA==","Eunice","Crawford Farms Rcg, Northfork Rcg Stb, TLP Stb","Diamond Creek Farm LLC","3 YO Filly Trot"
"6/18/2018","Monticello Raceway","LINK||http://replays.robertsstream.com/racereplays/cust/nyss.php?play=MjAxODA2MTgxMzMwTVJEMw==","Asiago Romano","Amante Standardbreds Inc","Amante Standardbreds Inc","3 YO Colt & Gelding Pace"
"6/18/2018","Monticello Raceway","LINK||http://replays.robertsstream.com/racereplays/cust/nyss.php?play=MjAxODA2MTgxMzA5TVJEMg==","Rumble","Michael Hall, David Hamm","Diamond Creek Farm LLC","3 YO Colt & Gelding Pace"
"6/18/2018","Monticello Raceway","LINK||http://replays.robertsstream.com/racereplays/cust/nyss.php?play=MjAxODA2MTgxMzUzTVJENA==","Lets Roll","Our Horse Cents Stables, Rossie Smith","Blue Chip Bloodstock Inc","3 YO Colt & Gelding Pace"
"6/20/2018","Buffalo Raceway","LINK||http://replays.robertsstream.com/racereplays/cust/nyss.php?play=MjAxODA2MjAxOTMzQlVOOQ==","Its Only Livie","Two Gals Stable LLC","Francis Feely","2 YO Filly Pace"
"6/20/2018","Buffalo Raceway","LINK||http://replays.robertsstream.com/racereplays/cust/nyss.php?play=MjAxODA2MjAxODE2QlVONQ==","Heavens Challenge","Blue Chip Bloodstock Inc, Joseph Cornacchia","Crawford Farms LLC","2 YO Filly Pace"
"6/20/2018","Buffalo Raceway","LINK||http://replays.robertsstream.com/racereplays/cust/nyss.php?play=MjAxODA2MjAxODUzQlVONw==","Final Escape","Leblanc Rcg Inc, Douglas Johnson, Glenn Dyke","Winbak Farm","2 YO Filly Pace"
"6/21/2018","Yonkers Raceway","N/A","Fearless Beauty","James Avritt Jr","The OK Corral","3 YO Filly Pace"
"6/21/2018","Yonkers Raceway","LINK||http://replays.robertsstream.com/racereplays/cust/nyss.php?play=MjAxODA2MjExODQ5WU9OMQ==","Unusual Clarity","Nicholas Gibides","Morrisville Col Fdn Inc","3 YO Filly Pace"
"6/21/2018","Yonkers Raceway","LINK||http://replays.robertsstream.com/racereplays/cust/nyss.php?play=MjAxODA2MjExOTU0WU9ONA==","Mink Pink","Crawford Farms Racing","Theodore Colby, Susan Colby","3 YO Filly Pace"
"6/21/2018","Yonkers Raceway","LINK||http://replays.robertsstream.com/racereplays/cust/nyss.php?play=MjAxODA2MjEyMDE3WU9ONQ==","Special Kay Deo","Northfork Racing Stable","Deo Volente Farms LLC","3 YO Filly Pace"
"6/21/2018","Yonkers Raceway","LINK||http://replays.robertsstream.com/racereplays/cust/nyss.php?play=MjAxODA2MjEyMTA5WU9ONw==","KJ's Justine","Kenneth Jacobs","Blue Chip Bloodstock Inc","3 YO Filly Pace"
"6/21/2018","Yonkers Raceway","LINK||http://replays.robertsstream.com/racereplays/cust/nyss.php?play=MjAxODA2MjEyMTMzWU9OOA==","Surreal Feeling","Chris Lawton, Dale Lawton","Jim Winske","3 YO Filly Pace"
"6/24/2018","Tioga Downs","LINK||http://replays.robertsstream.com/racereplays/cust/nyss.php?play=MjAxODA2MjQxMjU4VFFOMQ==","Made It Happen","Daisy Acres","Daisy Acres","3 YO Filly Trot"
"6/24/2018","Tioga Downs","LINK||http://replays.robertsstream.com/racereplays/cust/nyss.php?play=MjAxODA2MjQxMzQ0VFFOMw==","Pain In The Mass","Cheryl McGivern, DMCS Stb, Seth Coen, Timothy Salls","Franklin Fiero","3 YO Filly Trot"
"6/24/2018","Tioga Downs","LINK||http://replays.robertsstream.com/racereplays/cust/nyss.php?play=MjAxODA2MjQxNjIyVFFOMTE=","Minne Cheatum","Philip Hale, David Dewhurst","Last Hurrah Stable","3 YO Filly Trot"
"6/24/2018","Tioga Downs","LINK||http://replays.robertsstream.com/racereplays/cust/nyss.php?play=MjAxODA2MjQxMzI0VFFOMg==","Mooshka Stride","Emilio Rosati, Maria Rosati","Steve Jones, Ray Schnittker","3 YO Filly Trot"
"6/24/2018","Tioga Downs","LINK||http://replays.robertsstream.com/racereplays/cust/nyss.php?play=MjAxODA2MjQxNDI4VFFONQ==","A Gift For You","Kenneth Jacobs","Helping Hands Stables","3 YO Filly Trot"
"6/24/2018","Tioga Downs","LINK||http://replays.robertsstream.com/racereplays/cust/nyss.php?play=MjAxODA2MjQxNTI1VFFOOA==","Ithinkthatsmine","Raymond Campbell Jr","Raymond Campbell Jr","3 YO Filly Trot"
"6/24/2018","Tioga Downs","LINK||http://replays.robertsstream.com/racereplays/cust/nyss.php?play=MjAxODA2MjQxNjAzVFFOMTA=","Pittstop Emerald","Robert Gale","Cherry Hill Farm","3 YO Filly Trot"
"6/25/2018","Monticello Raceway","LINK||http://replays.robertsstream.com/racereplays/cust/nyss.php?play=MjAxODA2MjUxMjQ3TVJEMQ==","Dreamus","Purple Haze Stables LLC","Purple Haze Stables LLC","2 YO Filly Trot"
"6/25/2018","Monticello Raceway","LINK||http://replays.robertsstream.com/racereplays/cust/nyss.php?play=MjAxODA2MjUxMzMxTVJEMw==","Divine Wind","Debra Miller","Debra Miller","2 YO Filly Trot"
"6/25/2018","Monticello Raceway","LINK||http://replays.robertsstream.com/racereplays/cust/nyss.php?play=MjAxODA2MjUxNDM3TVJENg==","Traveling Janet","Richard Lambertson Jr, Clare Semer","Winbak Farm","2 YO Filly Trot"
"6/25/2018","Monticello Raceway","LINK||http://replays.robertsstream.com/racereplays/cust/nyss.php?play=MjAxODA2MjUxNDU2TVJENw==","RC's Lady Royale","Jeffrey Agan, David Adsit, Robert Gale","Silver Linden Farms","2 YO Filly Trot"
"6/25/2018","Monticello Raceway","LINK||http://replays.robertsstream.com/racereplays/cust/nyss.php?play=MjAxODA2MjUxNTM0TVJEOQ==","Lifetime Credit","Robert Messing","Joie De Vie Farm LLC","2 YO Filly Trot"
"6/26/2018","Yonkers Raceway","N/A","Alex Tye","Tyler Buter, Gene Oldford Farms LLC","Tyler Buter, Gene Oldford Farms LLC","2 YO Colt & Gelding Pace"
"6/26/2018","Yonkers Raceway","LINK||http://replays.robertsstream.com/racereplays/cust/nyss.php?play=MjAxODA2MjYxOTEwWU9OMg==","Light Wind","Blue Chip Bloodstock Inc, Howard Taylor, Judith Taylor","Winbak Farm","2 YO Colt & Gelding Pace"
"6/26/2018","Yonkers Raceway","LINK||http://replays.robertsstream.com/racereplays/cust/nyss.php?play=MjAxODA2MjYxOTU0WU9ONA==","Rock America","Ricky Bucci, Blue Meadow Farm LLC","Winbak Farm","2 YO Colt & Gelding Pace"
"6/26/2018","Yonkers Raceway","LINK||http://replays.robertsstream.com/racereplays/cust/nyss.php?play=MjAxODA2MjYyMDE1WU9ONQ==","Major Escape","Blake MacIntosh, Reginald Petipas, Major Escape Stb, Ozzie Mackay","White Birch Farm","2 YO Colt & Gelding Pace"
"6/26/2018","Yonkers Raceway","LINK||http://replays.robertsstream.com/racereplays/cust/nyss.php?play=MjAxODA2MjYyMDU1WU9ONw==","Murrow Boy","Radio Rcg Stb, Polger Holdings LLC, Fred Wallace, Little E LLC","Stake Your Claim Stb, Linwood Higgins","2 YO Colt & Gelding Pace"
"6/27/2018","Buffalo Raceway","LINK||http://replays.robertsstream.com/racereplays/cust/nyss.php?play=MjAxODA2MjcxOTQ3QlVOMTA=","Speeding Moose","Ann-Mari Daley, James Crawford IV","Andrew Byler, Deborah Smith","2 YO Colt & Gelding Trot"
"6/27/2018","Buffalo Raceway","LINK||http://replays.robertsstream.com/racereplays/cust/nyss.php?play=MjAxODA2MjcxNjU5QlVOMQ==","Praying Angel","Roy Dobbins, Dennis Laterza","Roy Dobbins","2 YO Colt & Gelding Trot"
"6/27/2018","Buffalo Raceway","LINK||http://replays.robertsstream.com/racereplays/cust/nyss.php?play=MjAxODA2MjcxODE3QlVONQ==","Reel Of Fortune","Michael Woodward, Bonnie Woodward","Bonnie Woodward","2 YO Colt & Gelding Trot"
"6/30/2018","Goshen","N/A","Lady Orb","Dr. Scott Leaf, Deborah Mackenzie, Gerald Fielding","Stonegate Stdrdbred Farms Inc","3 YO Filly Pace"
"6/30/2018","Goshen","N/A","Hey Lolly La","Stephen Schneider, William Siegel, Jay Lieberman","Stephen Dey III","3 YO Filly Pace"
"6/30/2018","Goshen","N/A","Mink Pink","Crawford Farms Racing","Theodore Colby, Susan Colby","3 YO Filly Pace"
"6/30/2018","Goshen","N/A","Bullvillekarla","Carole Crevani, Stephen Crevani","Carole Crevani, Stephen Crevani","3 YO Filly Pace"
"6/30/2018","Goshen","N/A","Majorette Angie","Marilyn Gross, Heiman Gross","Marilyn Gross, Heiman Gross","3 YO Filly Pace"
"6/30/2018","Goshen","N/A","Ideal Deal","Nick Surick Stb LLC, Harvey Eisman","Winbak Farm","3 YO Colt & Gelding Pace"
"6/30/2018","Goshen","N/A","Damion Diesel Hahn","Ray Schnittker, Julie Farlow, Thomas Spatorico","Steve Jones","3 YO Colt & Gelding Pace"
"6/30/2018","Goshen","N/A","Rocksapatriot","Stephen Farrell","Stephen Farrell Jr","3 YO Colt & Gelding Pace"
"6/30/2018","Goshen","N/A","Mach N Cheese","Save The Day Stable","Winbak Farm","3 YO Colt & Gelding Pace"
"7/1/2018","Goshen","N/A","Youcouldbethatgirl","Ann-Mari Daley, James Crawford IV, Dan Boddie, Jacalyn Boddie","Steve Jones","3 YO Filly Trot"
"7/1/2018","Goshen","N/A","Good Luck Ginny","Philip Hale, David Dewhurst","Winbak Farm","3 YO Filly Trot"
"7/1/2018","Goshen","N/A","Lima Novelty","Kenneth Jacobs","Steiner Stock Farm, Acadia Farms Inc","3 YO Filly Trot"
"7/1/2018","Goshen","N/A","Mooshka Stride","Emilio Rosati, Maria Rosati","Steve Jones, Ray Schnittker","3 YO Filly Trot"
"7/1/2018","Goshen","N/A","A Gift For You","Kenneth Jacobs","Helping Hands Stables","3 YO Filly Trot"
"7/1/2018","Goshen","N/A","Southeaster","William Miller II","William Miller II","3 YO Colt & Gelding Trot"
"7/1/2018","Goshen","N/A","Morpheus","B Kleinberg Racing LLC","Noelle Duspiva","3 YO Colt & Gelding Trot"
"7/1/2018","Goshen","N/A","Hashtagmadeyalook","Raymond Campbell Jr","Raymond Campbell Jr","3 YO Colt & Gelding Trot"
"7/1/2018","Goshen","N/A","Lunar Credit","Little E LLC, Arthur Geiger, David Stolz, Living The Dream Rcg LLC","Moni Market Breeders","3 YO Colt & Gelding Trot"
"7/3/2018","Yonkers Raceway","N/A","Smokin On By","David Smith, John Stark Jr, James Giannuzzi","Lindy Farms of CT","2 YO Filly Trot"
"7/3/2018","Yonkers Raceway","N/A","Barn Blaze","Steven Pratt, Nancy Pratt, Purple Haze Stbs LLC, Out In The Country Stb","Kentuckiana Farms LLC","2 YO Filly Trot"
"7/3/2018","Yonkers Raceway","LINK||http://replays.robertsstream.com/racereplays/cust/nyss.php?play=MjAxODA3MDMxOTIwWU9OMg==","Barn Tease","Steven Pratt, Nancy Pratt, Claude Huckabone Jr","Winbak Farm","2 YO Filly Trot"
"7/3/2018","Yonkers Raceway","LINK||http://replays.robertsstream.com/racereplays/cust/nyss.php?play=MjAxODA3MDMxOTQyWU9OMw==","Thanks For Leaving","Joseph Meaney","Joseph Meaney","2 YO Filly Trot"
"7/3/2018","Yonkers Raceway","LINK||http://replays.robertsstream.com/racereplays/cust/nyss.php?play=MjAxODA3MDMyMDMyWU9ONQ==","Royalpine Princess","Michael Andrew","Michael Andrew","2 YO Filly Trot"
"7/4/2018","Monticello Raceway","LINK||http://replays.robertsstream.com/racereplays/cust/nyss.php?play=MjAxODA3MDQxMjQ5TVJEMQ==","It's Rigged","Last Hurrah Stable","Last Hurrah Stable","2 YO Colt & Gelding Pace"
"7/4/2018","Monticello Raceway","LINK||http://replays.robertsstream.com/racereplays/cust/nyss.php?play=MjAxODA3MDQxMzA4TVJEMg==","Baby Maker Hanover","Blue Chip Bloodstock Inc, Seth Rosenberg","Hanover Shoe Farms Inc","2 YO Colt & Gelding Pace"
"7/4/2018","Monticello Raceway","LINK||http://replays.robertsstream.com/racereplays/cust/nyss.php?play=MjAxODA3MDQxMzMwTVJEMw==","Cal","Crawford Farms Rcg, Northfork Rcg Stable","Pat Lachance, Z Tam Stables LLC","2 YO Colt & Gelding Pace"
"7/4/2018","Monticello Raceway","LINK||http://replays.robertsstream.com/racereplays/cust/nyss.php?play=MjAxODA3MDQxNDExTVJENQ==","Light Wind","Blue Chip Bloodstock Inc, Howard Taylor, Judith Taylor","Winbak Farm","2 YO Colt & Gelding Pace"
"7/4/2018","Monticello Raceway","LINK||http://replays.robertsstream.com/racereplays/cust/nyss.php?play=MjAxODA3MDQxNDQ4TVJENw==","Queenace Blue Chip","Andy Miller Stb Inc, Blue Chip Bloodstock Inc, Christopher Manatt","Blue Chip Bloodstock Inc","2 YO Colt & Gelding Pace"
"7/6/2018","Yonkers Raceway","N/A","Fifi Tinkerbell","D R Ackerman","Fred Monteleone Stable LLC","2 YO Filly Pace"
"7/6/2018","Yonkers Raceway","N/A","Justabitofcharm","Kelly Hastings","Kelly Hastings","2 YO Filly Pace"
"7/6/2018","Yonkers Raceway","N/A","Hoopla Hanover","Latz A Luck Stable","Hanover Shoe Farms Inc","2 YO Filly Pace"
"7/6/2018","Yonkers Raceway","N/A","Siesta Beach","Charles Keller III, Charles Keller IV, E Bittle, Brett Bittle","Brittany Farms LLC","2 YO Filly Pace"
"7/6/2018","Yonkers Raceway","LINK||http://replays.robertsstream.com/racereplays/cust/nyss.php?play=MjAxODA3MDYxODQ4WU9OMQ==","KJ Francesca","Scott Woogen","Scott Woogen","2 YO Filly Pace"
"7/8/2018","Buffalo Raceway","LINK||http://replays.robertsstream.com/racereplays/cust/nyss.php?play=MjAxODA3MDgxNDUxQlVOOQ==","Damion Diesel Hahn","Ray Schnittker, Julie Farlow, Thomas Spatorico","Steve Jones","3 YO Colt & Gelding Pace"
"7/8/2018","Buffalo Raceway","LINK||http://replays.robertsstream.com/racereplays/cust/nyss.php?play=MjAxODA3MDgxNDE1QlVONw==","Major Sugar Rush","Ray Schnittker","Steve Jones","3 YO Colt & Gelding Pace"
"7/9/2018","Monticello Raceway","LINK||http://replays.robertsstream.com/racereplays/cust/nyss.php?play=MjAxODA3MDkxMjQ3TVJEMQ==","Speeding Moose","Ann-Mari Daley, James Crawford IV","Andrew Byler, Deborah Smith","2 YO Colt & Gelding Trot"
"7/9/2018","Monticello Raceway","LINK||http://replays.robertsstream.com/racereplays/cust/nyss.php?play=MjAxODA3MDkxNTEyTVJEOA==","Frank Hanover","Hossman LLC","Hanover Shoe Farms Inc","2 YO Colt & Gelding Trot"
"7/9/2018","Monticello Raceway","LINK||http://replays.robertsstream.com/racereplays/cust/nyss.php?play=MjAxODA3MDkxNTQ5TVJEMTA=","Charismo","Michael Andrew","Michael Andrew","2 YO Colt & Gelding Trot"
"7/9/2018","Monticello Raceway","LINK||http://replays.robertsstream.com/racereplays/cust/nyss.php?play=MjAxODA3MDkxMzA4TVJEMg==","Crazy Every Time","Twenty Four Carrot Racing","Fair Winds Farm Inc","2 YO Colt & Gelding Trot"
"7/9/2018","Monticello Raceway","LINK||http://replays.robertsstream.com/racereplays/cust/nyss.php?play=MjAxODA3MDkxMzMxTVJEMw==","Praying Angel","Roy Dobbins, Dennis Laterza","Roy Dobbins","2 YO Colt & Gelding Trot"
"7/9/2018","Monticello Raceway","LINK||http://replays.robertsstream.com/racereplays/cust/nyss.php?play=MjAxODA3MDkxNTMwTVJEOQ==","Bazillionaire","Purple Haze Stables LLC","Pine Hill Stables","2 YO Colt & Gelding Trot"
"7/9/2018","Monticello Raceway","LINK||http://replays.robertsstream.com/racereplays/cust/nyss.php?play=MjAxODA3MDkxNjEyTVJEMTE=","Mr Vicktor","Joseph Lee, Diamond Pride LLC, Sholty Rcg LLC","George K Miller","2 YO Colt & Gelding Trot"
"7/11/2018","Buffalo Raceway","LINK||http://replays.robertsstream.com/racereplays/cust/nyss.php?play=MjAxODA3MTExODQyQlVONw==","Ms O'Reilly","Donald Cosgrove","Donald Cosgrove","2 YO Filly Trot"
"7/11/2018","Buffalo Raceway","LINK||http://replays.robertsstream.com/racereplays/cust/nyss.php?play=MjAxODA3MTExOTQ5QlVOMTE=","Morganslovin Dream","Ann-Mari Daley","Ann-Mari Daley","2 YO Filly Trot"
"7/11/2018","Buffalo Raceway","LINK||http://replays.robertsstream.com/racereplays/cust/nyss.php?play=MjAxODA3MTExNzMzQlVOMw==","Song Chapter","Philip Hale, David Dewhurst","Southwind Farms LLC","2 YO Filly Trot"
"7/11/2018","Buffalo Raceway","LINK||http://replays.robertsstream.com/racereplays/cust/nyss.php?play=MjAxODA3MTExNzUxQlVONA==","Barn Tease","Steven Pratt, Nancy Pratt, Claude Huckabone Jr","Winbak Farm","2 YO Filly Trot"
"7/12/2018","Vernon Downs","LINK||http://replays.robertsstream.com/racereplays/cust/nyss.php?play=MjAxODA3MTIxODA5VlJOMQ==","With Wings","Michael Polansky","Michael Polansky","3 YO Filly Pace"
"7/12/2018","Vernon Downs","LINK||http://replays.robertsstream.com/racereplays/cust/nyss.php?play=MjAxODA3MTIxODI4VlJOMg==","Unusual Clarity","Nicholas Gibides","Morrisville Col Fdn Inc","3 YO Filly Pace"
"7/12/2018","Vernon Downs","LINK||http://replays.robertsstream.com/racereplays/cust/nyss.php?play=MjAxODA3MTIxODQ2VlJOMw==","So Long Darling","Bradley Grant","Vieux Carre Farms","3 YO Filly Pace"
"7/12/2018","Vernon Downs","LINK||http://replays.robertsstream.com/racereplays/cust/nyss.php?play=MjAxODA3MTIxOTAzVlJONA==","Silk Reed","Stephen Schneider, William Siegel, Jay Lieberman","Robert Newman","3 YO Filly Pace"
"7/12/2018","Vernon Downs","LINK||http://replays.robertsstream.com/racereplays/cust/nyss.php?play=MjAxODA3MTIxOTM5VlJONg==","KJ's Justine","Kenneth Jacobs","Blue Chip Bloodstock Inc","3 YO Filly Pace"
"7/12/2018","Vernon Downs","LINK||http://replays.robertsstream.com/racereplays/cust/nyss.php?play=MjAxODA3MTIyMDE2VlJOOA==","Mink Pink","Crawford Farms Racing","Theodore Colby, Susan Colby","3 YO Filly Pace"
"7/15/2018","Tioga Downs","LINK||http://replays.robertsstream.com/racereplays/cust/nyss.php?play=MjAxODA3MTUxNTQ1VFFOOQ==","Its Only Livie","Two Gals Stable LLC","Francis Feely","2 YO Filly Pace"
"7/15/2018","Tioga Downs","LINK||http://replays.robertsstream.com/racereplays/cust/nyss.php?play=MjAxODA3MTUxNjAyVFFOMTA=","Justabitofcharm","Kelly Hastings","Kelly Hastings","2 YO Filly Pace"
"7/15/2018","Tioga Downs","LINK||http://replays.robertsstream.com/racereplays/cust/nyss.php?play=MjAxODA3MTUxMzE4VFFOMg==","Simone","Homer Hochstetler, Connie Hochstetler, South Of The Tracks Rcg Inc","Homer Hochstetler, Connie Hochstetler, South Of The Tracks Rcg Inc","2 YO Filly Pace"
"7/15/2018","Tioga Downs","LINK||http://replays.robertsstream.com/racereplays/cust/nyss.php?play=MjAxODA3MTUxMzM4VFFOMw==","Heavens Challenge","Blue Chip Bloodstock Inc, Joseph Cornacchia","Crawford Farms LLC","2 YO Filly Pace"
"7/15/2018","Tioga Downs","LINK||http://replays.robertsstream.com/racereplays/cust/nyss.php?play=MjAxODA3MTUxNTAxVFFONw==","Ashlee Sparkles","Hutt Rcg Stb, Blake MacIntosh, Jacqueline Tierney, Mortgage Boys Stb","Winbak Farm","2 YO Filly Pace"
"7/16/2018","Monticello Raceway","LINK||http://replays.robertsstream.com/racereplays/cust/nyss.php?play=MjAxODA3MTYxMzEwTVJEMg==","Babylons Bridge","Ann-Mari Daley, JLRL LLC","Atlantic Trot","3 YO Colt & Gelding Trot"
"7/16/2018","Monticello Raceway","LINK||http://replays.robertsstream.com/racereplays/cust/nyss.php?play=MjAxODA3MTYxMzMyTVJEMw==","Pappagiorgio","Pine Hill Stables","George K. Miller","3 YO Colt & Gelding Trot"
"7/16/2018","Monticello Raceway","LINK||http://replays.robertsstream.com/racereplays/cust/nyss.php?play=MjAxODA3MTYxMzU0TVJENA==","Lunar Credit","Little E LLC, Arthur Geiger, David Stolz,Living The Dream Rcg LLC","Moni Market Breeders","3 YO Colt & Gelding Trot"
"7/16/2018","Monticello Raceway","LINK||http://replays.robertsstream.com/racereplays/cust/nyss.php?play=MjAxODA3MTYxNDQ5TVJENw==","Seven Iron","Kenneth Jacobs","Order By Stable","3 YO Colt & Gelding Trot"
"7/16/2018","Monticello Raceway","LINK||http://replays.robertsstream.com/racereplays/cust/nyss.php?play=MjAxODA3MTYxNTI0TVJEOQ==","Troller","Paul Kelley Racing Stable","Bonnie Woodward","3 YO Colt & Gelding Trot"
"7/18/2018","Buffalo Raceway","LINK||http://replays.robertsstream.com/racereplays/cust/nyss.php?play=MjAxODA3MTgxOTI5QlVOOQ==","Baby Maker Hanover","Blue Chip Bloodstock Inc, Seth Rosenberg","Hanover Shoe Farms Inc","2 YO Colt & Gelding Pace"
"7/18/2018","Buffalo Raceway","LINK||http://replays.robertsstream.com/racereplays/cust/nyss.php?play=MjAxODA3MTgxNzM2QlVOMw==","Mark Witha K","Fair Winds Farm Inc","Fair Winds Farm Inc","2 YO Colt & Gelding Pace"
"7/18/2018","Buffalo Raceway","LINK||http://replays.robertsstream.com/racereplays/cust/nyss.php?play=MjAxODA3MTgxODE1QlVONQ==","Murrow Boy","Radio Rcg Stb, Polger Holdings LLC, Fred Wallace, Little E LLC","Stake Your Claim Stb, Linwood Higgins","2 YO Colt & Gelding Pace"
"7/19/2018","Vernon Downs","LINK||http://replays.robertsstream.com/racereplays/cust/nyss.php?play=MjAxODA3MTkxODI3VlJOMg==","Talkaholic","Wayne MacRae","Fair Winds Farm Inc","3 YO Filly Trot"
"7/19/2018","Vernon Downs","LINK||http://replays.robertsstream.com/racereplays/cust/nyss.php?play=MjAxODA3MTkxODQ2VlJOMw==","Byway","Paul Kelley Racing Stable, Pit Bull Stable LLC","Brittany Farms LLC","3 YO Filly Trot"
"7/19/2018","Vernon Downs","LINK||http://replays.robertsstream.com/racereplays/cust/nyss.php?play=MjAxODA3MTkxOTA1VlJONA==","Lady Macbeth","Dustin Jones Stbs Inc,9177 8720 Quebec Inc, Noblock Rcg Stb","Harbor Racing Stable LLC","3 YO Filly Trot"
"7/19/2018","Vernon Downs","LINK||http://replays.robertsstream.com/racereplays/cust/nyss.php?play=MjAxODA3MTkxOTI1VlJONQ==","Abbie Hall","American Viking Rcg Stb, Marc Goldberg, Purple Haze Stbs LLC","Walnut Hall Limited","3 YO Filly Trot"
"7/19/2018","Vernon Downs","LINK||http://replays.robertsstream.com/racereplays/cust/nyss.php?play=MjAxODA3MTkyMDA3VlJONw==","White Cheetah","Paul Kelley Rcg Stb, Joe Sbrocco, Stable 45","PC Wellwood Enterprises Inc, Alan Hainsworth, William Weaver III, Kelley Rcg Stb LLC","3 YO Filly Trot"
"7/19/2018","Vernon Downs","LINK||http://replays.robertsstream.com/racereplays/cust/nyss.php?play=MjAxODA3MTkyMDI3VlJOOA==","The Russian Spy","Paul Kelley Rcg Stb, Steven Arnold, Paul Bordogna, SRF Stb","Steve Jones","3 YO Filly Trot"
"7/20/2018","Tioga Downs","LINK||http://replays.robertsstream.com/racereplays/cust/nyss.php?play=MjAxODA3MjAxODU0VFFOMw==","Volare TZ","Lello Zodiaco, Rosario Zodiaco","Lello Zodiaco, Rosario Zodiaco","2 YO Colt & Gelding Trot"
"7/20/2018","Tioga Downs","LINK||http://replays.robertsstream.com/racereplays/cust/nyss.php?play=MjAxODA3MjAyMTQ5VFFOMTE=","Pacific Panther","Blue Chip Bloodstock Inc, Howard Taylor, Judith Taylor","Steiner Stock Farm","2 YO Colt & Gelding Trot"
"7/20/2018","Tioga Downs","LINK||http://replays.robertsstream.com/racereplays/cust/nyss.php?play=MjAxODA3MjAxOTE4VFFONA==","Winnerup","Purple Haze Stables LLC","C Mullinax, Noel Daley, Blue Chip Bloodstock Inc","2 YO Colt & Gelding Trot"
"7/20/2018","Tioga Downs","LINK||http://replays.robertsstream.com/racereplays/cust/nyss.php?play=MjAxODA3MjAyMDAxVFFONg==","Bazillionaire","Purple Haze Stables LLC","Pine Hill Stables","2 YO Colt & Gelding Trot"
"7/20/2018","Tioga Downs","LINK||http://replays.robertsstream.com/racereplays/cust/nyss.php?play=MjAxODA3MjAyMDQ1VFFOOA==","Rap Sheet","Richard Mishkin","Legendary Standardbred Farm","2 YO Colt & Gelding Trot"
"7/20/2018","Tioga Downs","LINK||http://replays.robertsstream.com/racereplays/cust/nyss.php?play=MjAxODA3MjAyMTI5VFFOMTA=","Labadee AS","ACL Stuteri AB","ACL Stuteri AB","2 YO Colt & Gelding Trot"
"7/21/2018","Saratoga Harness","LINK||http://replays.robertsstream.com/racereplays/cust/nyss.php?play=MjAxODA3MjExOTAzU1JOMQ==","Dewar N Jack","Hutt Racing Stable","Winbak Farm","3 YO Colt & Gelding Pace"
"7/21/2018","Saratoga Harness","LINK||http://replays.robertsstream.com/racereplays/cust/nyss.php?play=MjAxODA3MjEyMzAyU1JOMTI=","Thor De Vie","Jim Graham, Lee Winters, Paul Tandlmayer, Giuseppe Micchia","Joie De Vie Farm LLC","3 YO Colt & Gelding Pace"
"7/21/2018","Saratoga Harness","LINK||http://replays.robertsstream.com/racereplays/cust/nyss.php?play=MjAxODA3MjExOTUwU1JOMw==","Imstaynalive","Lachance Racing Stable, Dan Mogridge","Steve Stewart","3 YO Colt & Gelding Pace"
"7/23/2018","Batavia Downs","LINK||http://replays.robertsstream.com/racereplays/cust/nyss.php?play=MjAxODA3MjMxODIwQlROMw==","Morganslovin Dream","Ann-Mari Daley","Ann-Mari Daley","2 YO Filly Trot"
"7/23/2018","Batavia Downs","LINK||http://replays.robertsstream.com/racereplays/cust/nyss.php?play=MjAxODA3MjMyMDE5QlROOA==","Divine Wind","Debra Miller","Debra Miller","2 YO Filly Trot"
"7/23/2018","Batavia Downs","LINK||http://replays.robertsstream.com/racereplays/cust/nyss.php?play=MjAxODA3MjMyMDU4QlROMTA=","Smokin On By","David Smith, John Stark Jr, James Giannuzzi","Lindy Farms of Conn","2 YO Filly Trot"
"7/23/2018","Batavia Downs","LINK||http://replays.robertsstream.com/racereplays/cust/nyss.php?play=MjAxODA3MjMxNzU4QlROMQ==","Lifetime Credit","Robert Messing","Joie De Vie Farm LLC","2 YO Filly Trot"
"7/23/2018","Batavia Downs","LINK||http://replays.robertsstream.com/racereplays/cust/nyss.php?play=MjAxODA3MjMxOTE3QlRONQ==","Beautiful Brenda","Rick Joe and Johnny Stb, The Camel Club Stb, Bettola Stbs Inc","White Light Farms, 4 Horsemen Stable","2 YO Filly Trot"
"7/23/2018","Batavia Downs","LINK||http://replays.robertsstream.com/racereplays/cust/nyss.php?play=MjAxODA3MjMxOTU5QlRONw==","Jumalay Mass","Ervin Miller Stb Inc, Joseph Faraldo, George Golemes","Robert Raber","2 YO Filly Trot"
"7/23/2018","Batavia Downs","LINK||http://replays.robertsstream.com/racereplays/cust/nyss.php?play=MjAxODA3MjMyMDM5QlROOQ==","Song Chapter","Philip Hale, David Dewhurst","Southwind Farms LLC","2 YO Filly Trot"
"7/24/2018","Yonkers Raceway","N/A","American JoJo","Blake MacIntosh, Alea MacDonald, Mark Wamp","Crawford Farms LLC","2 YO Filly Pace"
"7/24/2018","Yonkers Raceway","LINK||http://replays.robertsstream.com/racereplays/cust/nyss.php?play=MjAxODA3MjQxOTEyWU9OMg==","Justabitofcharm","Kelly Hastings","Kelly Hastings","2 YO Filly Pace"
"7/24/2018","Yonkers Raceway","N/A","Surreality","Joseph Jannuzzelli, Mark Harder, Dawn Colucci","Denise Williams","2 YO Filly Pace"
"7/24/2018","Yonkers Raceway","N/A","Sun Viser","Triple D Stables Inc","Winbak Farm","2 YO Filly Pace"
"7/24/2018","Yonkers Raceway","LINK||http://replays.robertsstream.com/racereplays/cust/nyss.php?play=MjAxODA3MjQyMDAwWU9ONA==","Heavens Challenge","Blue Chip Bloodstock Inc, Joseph Cornacchia","Crawford Farms LLC","2 YO Filly Pace"
"7/25/2018","Batavia Downs","LINK||http://replays.robertsstream.com/racereplays/cust/nyss.php?play=MjAxODA3MjUyMDEzQlROMTE=","Step Beyond","Burke Rcg Stb LLC, Frank Baldachino, Silva, Purnel & Libby, Weaver Bruscemi LLC","Fair Winds Stable","3 YO Filly Pace"
"7/25/2018","Batavia Downs","LINK||http://replays.robertsstream.com/racereplays/cust/nyss.php?play=MjAxODA3MjUxNzE4QlROMg==","KJ's Justine","Kenneth Jacobs","Blue Chip Bloodstock Inc","3 YO Filly Pace"
"7/25/2018","Batavia Downs","LINK||http://replays.robertsstream.com/racereplays/cust/nyss.php?play=MjAxODA3MjUxNzM2QlROMw==","Psychic Blue Chip","Jeffery Clark, Vernon Cannon","Blue Chip Bloodstock Inc","3 YO Filly Pace"
"7/27/2018","Yonkers Raceway","LINK||http://replays.robertsstream.com/racereplays/cust/nyss.php?play=MjAxODA3MjcxOTIxWU9OMg==","Holy Koly","Bonnie Cameron, Thomas Corelli","Roy Dobbins","3 YO Colt & Gelding Trot"
"7/27/2018","Yonkers Raceway","N/A","Hashtagmadeyalook","Raymond Campbell Jr","Raymond Campbell Jr","3 YO Colt & Gelding Trot"
"7/27/2018","Yonkers Raceway","N/A","Im The Muscle","Rheau Viau","Blair Corbeil, Erna Corbeil","3 YO Colt & Gelding Trot"
"7/27/2018","Yonkers Raceway","LINK||http://replays.robertsstream.com/racereplays/cust/nyss.php?play=MjAxODA3MjcyMDA5WU9ONA==","Seven Iron","Kenneth Jacobs","Order By Stable ","3 YO Colt & Gelding Trot"
"7/29/2018","Tioga Downs","LINK||http://replays.robertsstream.com/racereplays/cust/nyss.php?play=MjAxODA3MjkxMjU5VFFOMQ==","Crius N Rock","F Bellino & Sons LLC","F Bellino & Sons LLC","2 YO Colt & Gelding Pace"
"7/29/2018","Tioga Downs","LINK||http://replays.robertsstream.com/racereplays/cust/nyss.php?play=MjAxODA3MjkxMzE1VFFOMg==","Baby Maker Hanover","Blue Chip Bloodstock Inc, Seth Rosenberg","Hanover Shoe Farms Inc","2 YO Colt & Gelding Pace"
"7/29/2018","Tioga Downs","LINK||http://replays.robertsstream.com/racereplays/cust/nyss.php?play=MjAxODA3MjkxMzMzVFFOMw==","Magic Joe Lindy","Lindy Farms Of Conn","Lindy Farms Of Conn","2 YO Colt & Gelding Pace"
"7/29/2018","Tioga Downs","LINK||http://replays.robertsstream.com/racereplays/cust/nyss.php?play=MjAxODA3MjkxMzUwVFFONA==","Chatelroll","Purple Haze Stables LLC","Twinbrook Limited","2 YO Colt & Gelding Pace"
"7/29/2018","Tioga Downs","LINK||http://replays.robertsstream.com/racereplays/cust/nyss.php?play=MjAxODA3MjkxNDMxVFFONg==","Murrow Boy","Radio Rcg Stb, Polger Holdings LLC, Fred Wallace, Little E LLC","Stake Your Claim Stable, Linwood Higgins","2 YO Colt & Gelding Pace"
"7/29/2018","Tioga Downs","LINK||http://replays.robertsstream.com/racereplays/cust/nyss.php?play=MjAxODA3MjkxNTEyVFFOOA==","Respect Our Flag","Barbara Bongiorno Stb LLC, Bill Lambos, Dionisios Liberatos","Barbara Bongiorno","2 YO Colt & Gelding Pace"
"7/30/2018","Yonkers Raceway","N/A","Mount Royal","Radio Rcg Stb, Polger Holdings LLC, Enviro Stbs Ltd, The Bay's Stb LLC","Steve Jones","3 YO Colt & Gelding Pace"
"7/30/2018","Yonkers Raceway","N/A","Thor De Vie","Jim Graham, Lee Winters, Paul Tandlmayer, Giuseppe Micchia","Joie De Vie Farm LLC","3 YO Colt & Gelding Pace"
"7/30/2018","Yonkers Raceway","LINK||http://replays.robertsstream.com/racereplays/cust/nyss.php?play=MjAxODA3MzAxOTA3WU9OMg==","Lets Roll","Our Horse Cents Stables, Rossie Smith","Blue Chip Bloodstock Inc","3 YO Colt & Gelding Pace"
"7/30/2018","Yonkers Raceway","LINK||http://replays.robertsstream.com/racereplays/cust/nyss.php?play=MjAxODA3MzAxOTMwWU9OMw==","Major Offense","Rick Phillips, Deena Frost, Mark Harder","Hanover Shoe Farms Inc","3 YO Colt & Gelding Pace"
"7/31/2018","Saratoga Harness","LINK||http://replays.robertsstream.com/racereplays/cust/nyss.php?play=MjAxODA3MzExOTA0U1JOMQ==","Royal Soldier","William Miller II","Sonja Booth","2 YO Colt & Gelding Trot"
"7/31/2018","Saratoga Harness","LINK||http://replays.robertsstream.com/racereplays/cust/nyss.php?play=MjAxODA3MzEyMjU3U1JOMTM=","Crown Royal Flush","John MacDonald","Ross Bonafield, Glenn Bechtel","2 YO Colt & Gelding Trot"
"7/31/2018","Saratoga Harness","LINK||http://replays.robertsstream.com/racereplays/cust/nyss.php?play=MjAxODA3MzExOTI1U1JOMg==","Labadee AS","ACL Stuteri AB","ACL Stuteri AB","2 YO Colt & Gelding Trot"
"7/31/2018","Saratoga Harness","LINK||http://replays.robertsstream.com/racereplays/cust/nyss.php?play=MjAxODA3MzEyMDAzU1JONA==","Jason's Camden","Andy Miller Stb Inc, Harvey Eisman, Little E LLC","Little E LLC","2 YO Colt & Gelding Trot"
"7/31/2018","Saratoga Harness","LINK||http://replays.robertsstream.com/racereplays/cust/nyss.php?play=MjAxODA3MzEyMjI4U1JOMTI=","Mr Smead","Ann-Mari Daley, James Crawford IV","Walnut Hall Limited","2 YO Colt & Gelding Trot"
"7/31/2018","Saratoga Harness","LINK||http://replays.robertsstream.com/racereplays/cust/nyss.php?play=MjAxODA3MzEyMzE0U1JOMTQ=","Bazillionaire","Purple Haze Stables LLC","Pine Hill Stables","2 YO Colt & Gelding Trot"
"8/1/2018","Batavia Downs","LINK||http://replays.robertsstream.com/racereplays/cust/nyss.php?play=MjAxODA4MDExODAxQlRONA==","Joe's Girl","Triple D Stables Inc, JFE Enterprise LLC","Winbak Farm","2 YO Filly Pace"
"8/1/2018","Batavia Downs","LINK||http://replays.robertsstream.com/racereplays/cust/nyss.php?play=MjAxODA4MDExODQyQlRONg==","Justabitofcharm","Kelly Hastings","Kelly Hastings","2 YO Filly Pace"
"8/1/2018","Batavia Downs","LINK||http://replays.robertsstream.com/racereplays/cust/nyss.php?play=MjAxODA4MDExNzIwQlROMg==","Dorothy's Legacy","RBH Ventures Inc, Capital Call LLC, Joe Sbrocco","Melvin Segal","2 YO Filly Pace"
"8/1/2018","Batavia Downs","LINK||http://replays.robertsstream.com/racereplays/cust/nyss.php?play=MjAxODA4MDExODIyQlRONQ==","Sun Viser","Triple D Stables Inc","Winbak Farm","2 YO Filly Pace"
"8/3/2018","Tioga Downs","LINK||http://replays.robertsstream.com/racereplays/cust/nyss.php?play=MjAxODA4MDMyMDU5VFFOMTA=","Golden Gypsy","Gary Clark, Fay Clark","Gary Clark, Fay Clark","2 YO Filly Trot"
"8/3/2018","Tioga Downs","LINK||http://replays.robertsstream.com/racereplays/cust/nyss.php?play=MjAxODA4MDMyMTE3VFFOMTE=","Royalpine Princess","Michael Andrew","Michael Andrew","2 YO Filly Trot"
"8/3/2018","Tioga Downs","LINK||http://replays.robertsstream.com/racereplays/cust/nyss.php?play=MjAxODA4MDMyMTM2VFFOMTI=","Loyalty Hanover","Rene Allard, Lawrence Dumain, VIP Internet Stb LLC","Hanover Shoe Farms Inc","2 YO Filly Trot"
"8/3/2018","Tioga Downs","LINK||http://replays.robertsstream.com/racereplays/cust/nyss.php?play=MjAxODA4MDMxOTA2VFFONA==","Royal Lady","Paul Bordogna, Steven Arnold","Ray Schnittker, Royal Assets Stable","2 YO Filly Trot"
"8/3/2018","Tioga Downs","LINK||http://replays.robertsstream.com/racereplays/cust/nyss.php?play=MjAxODA4MDMxOTQ3VFFONg==","Lifetime Credit","Robert Messing","Joie De Vie Farm LLC","2 YO Filly Trot"
"8/3/2018","Tioga Downs","LINK||http://replays.robertsstream.com/racereplays/cust/nyss.php?play=MjAxODA4MDMyMDI0VFFOOA==","Global Pageant","Helping Hands Stables","Helping Hands Stables","2 YO Filly Trot"
"8/6/2018","Monticello Raceway","LINK||http://replays.robertsstream.com/racereplays/cust/nyss.php?play=MjAxODA4MDYxMjQ3TVJEMQ==","Lady Orb","Dr. Scott Leaf, Deborah Mackenzie, Gerald Fielding","Stonegate Standardbred Farms Inc","3 YO Filly Pace"
"8/6/2018","Monticello Raceway","LINK||http://replays.robertsstream.com/racereplays/cust/nyss.php?play=MjAxODA4MDYxMzA3TVJEMg==","Reflexionofroyalty","Allen Sisco Stable LLC","Allen Sisco Stable LLC","3 YO Filly Pace"
"8/6/2018","Monticello Raceway","LINK||http://replays.robertsstream.com/racereplays/cust/nyss.php?play=MjAxODA4MDYxNDMzTVJENg==","Bullville Karla","Carole Crevani, Stephen Crevani","Carole Crevani, Stephen Crevani","3 YO Filly Pace"
"8/6/2018","Monticello Raceway","LINK||http://replays.robertsstream.com/racereplays/cust/nyss.php?play=MjAxODA4MDYxNTEzTVJEOA==","Psychic Blue Chip","Jeffery Clark, Vernon Cannon","Blue Chip Bloodstock Inc","3 YO Filly Pace"
"8/6/2018","Monticello Raceway","LINK||http://replays.robertsstream.com/racereplays/cust/nyss.php?play=MjAxODA4MDYxNTMyTVJEOQ==","Escape Again","Troyce Thomas","Winbak Farm","3 YO Filly Pace"
"8/7/2018","Yonkers Raceway","N/A","Fast Love","Lindy Racing Stable, SRF Stable","Randy Wilt, Michael Wilt","3 YO Filly Trot"
"8/7/2018","Yonkers Raceway","N/A","I'mwhygodmadegirls","Burke Rcg Stb LLC, Silva, Purnel & Libby, Crawford Farms LLC, Weaver Bruscemi LLC","Crawford Farms LLC","3 YO Filly Trot"
"8/7/2018","Yonkers Raceway","N/A","A Gift For You","Kenneth Jacobs","Helping Hands Stables","3 YO Filly Trot"
"8/7/2018","Yonkers Raceway","LINK||http://replays.robertsstream.com/racereplays/cust/nyss.php?play=MjAxODA4MDcxOTEwWU9OMg==","Ithinkthatsmine","Raymond Campbell Jr","Raymond Campbell Jr","3 YO Filly Trot"
"8/7/2018","Yonkers Raceway","LINK||http://replays.robertsstream.com/racereplays/cust/nyss.php?play=MjAxODA4MDcyMDIwWU9ONA==","Pittstop Emerald","Robert Gale","Cherry Hill Farm","3 YO Filly Trot"
"8/8/2018","Batavia Downs","LINK||http://replays.robertsstream.com/racereplays/cust/nyss.php?play=MjAxODA4MDgxNjU5QlROMQ==","Crown Royal Flush","John MacDonald","Ross Bonafield, Glenn Bechtel","2 YO Colt & Gelding Trot"
"8/8/2018","Batavia Downs","LINK||http://replays.robertsstream.com/racereplays/cust/nyss.php?play=MjAxODA4MDgxNzQxQlROMw==","Barn Beast","Steven Pratt, Nancy Pratt, Purple Haze Stables LLC","Russell Williams","2 YO Colt & Gelding Trot"
"8/8/2018","Batavia Downs","LINK||http://replays.robertsstream.com/racereplays/cust/nyss.php?play=MjAxODA4MDgxODIxQlRONQ==","Lucky June Bug","Michael Pozefsky, William Pozefsky, Myron Ekstein","Samuel Stoltzfus Jr","2 YO Colt & Gelding Trot"
"8/8/2018","Batavia Downs","LINK||http://replays.robertsstream.com/racereplays/cust/nyss.php?play=MjAxODA4MDgxOTIyQlROOA==","Lights Come On","ACL Sturteri AB, Theodore Gewertz, Anette Lorentzon","Winbak Farm","2 YO Colt & Gelding Trot"
"8/8/2018","Batavia Downs","LINK||http://replays.robertsstream.com/racereplays/cust/nyss.php?play=MjAxODA4MDgxOTQyQlROOQ==","Jason's Camden","Andy Miller Stb Inc, Harvey Eisman, Little E LLC","Little E LLC","2 YO Colt & Gelding Trot"
"8/10/2018","Saratoga Harness","LINK||http://replays.robertsstream.com/racereplays/cust/nyss.php?play=MjAxODA4MTAxOTIyU1JOMg==","Northeaster","William Miller II, Scott Woogen","Diamond Creek Farm LLC","3 YO Colt & Gelding Trot"
"8/10/2018","Saratoga Harness","LINK||http://replays.robertsstream.com/racereplays/cust/nyss.php?play=MjAxODA4MTAyMzEwU1JOMTQ=","All Heart I Am","Gary Fisher","Philip Klein, Larry Gruber, Kenneth Hartenstein","3 YO Colt & Gelding Trot"
"8/10/2018","Saratoga Harness","LINK||http://replays.robertsstream.com/racereplays/cust/nyss.php?play=MjAxODA4MTAyMDA0U1JONA==","Lindsey's Pride","Ervin Miller Stb Inc, Harvey Eisman","Hanover Shoe Farms Inc","3 YO Colt & Gelding Trot"
"8/10/2018","Saratoga Harness","LINK||http://replays.robertsstream.com/racereplays/cust/nyss.php?play=MjAxODA4MTAyMTE5U1JOOA==","Im The Muscle","Rheau Viau","Blair Corbeil, Erna Corbeil","3 YO Colt & Gelding Trot"
"8/10/2018","Saratoga Harness","LINK||http://replays.robertsstream.com/racereplays/cust/nyss.php?play=MjAxODA4MTAyMjMxU1JOMTI=","Massamillion","Andy Miller Stb Inc, Ervin Miller Stb Inc, Legendary Stndrdbrd Farm","Alan Hainsworth","3 YO Colt & Gelding Trot"
"8/13/2018","Yonkers Raceway","LINK||http://replays.robertsstream.com/racereplays/cust/nyss.php?play=MjAxODA4MTMxODUyWU9OMQ==","Royalpine Princess","Michael Andrew","Michael Andrew","2 YO Filly Trot"
"8/13/2018","Yonkers Raceway","LINK||http://replays.robertsstream.com/racereplays/cust/nyss.php?play=MjAxODA4MTMxOTExWU9OMg==","Divine Wind","Debra Miller","Debra Miller","2 YO Filly Trot"
"8/13/2018","Yonkers Raceway","LINK||http://replays.robertsstream.com/racereplays/cust/nyss.php?play=MjAxODA4MTMxOTU4WU9ONA==","Lindy In The Sky","Earl Sauve","Lindy Farm Of Conn","2 YO Filly Trot"
"8/13/2018","Yonkers Raceway","LINK||http://replays.robertsstream.com/racereplays/cust/nyss.php?play=MjAxODA4MTMyMDE4WU9ONQ==","Song Chapter","Philip Hale, David Dewhurst","Southwind Farms LLC","2 YO Filly Trot"
"8/13/2018","Yonkers Raceway","LINK||http://replays.robertsstream.com/racereplays/cust/nyss.php?play=MjAxODA4MTMyMDMzWU9ONg==","Lifetime Credit","Robert Messing","Joie De Vie Farm LLC","2 YO Filly Trot"
"8/14/2018","Saratoga Harness","LINK||http://replays.robertsstream.com/racereplays/cust/nyss.php?play=MjAxODA4MTQxOTI0U1JOMg==","Rollwithpapajoe","Barbara Bongiorno Stb LLC, Bill Lambos, Dionisios Liberatos","Bill Lambos, Barbara Bongiorno, Dionisios Liberatos","2 YO Colt & Gelding Pace"
"8/14/2018","Saratoga Harness","LINK||http://replays.robertsstream.com/racereplays/cust/nyss.php?play=MjAxODA4MTQyMDAwU1JONA==","Mcnulty Z Tam","Pat Lachance, M&M Harness Rcg LLC, Ira Rosenblum, Royal Flush Stb LLC","Steve Stewart, Oakwood Farms","2 YO Colt & Gelding Pace"
"8/14/2018","Saratoga Harness","LINK||http://replays.robertsstream.com/racereplays/cust/nyss.php?play=MjAxODA4MTQyMjQ2U1JOMTM=","Glacis","Pat Lachance, M&M Harness Rcg LLC, Ira Rosenblum,Royal Flush Stb LLC","Blue Chip Bloodstock Inc","2 YO Colt & Gelding Pace"
"8/14/2018","Saratoga Harness","LINK||http://replays.robertsstream.com/racereplays/cust/nyss.php?play=MjAxODA4MTQxOTA0U1JOMQ==","Chatelroll","Purple Haze Stables LLC","Twinbrook Limited","2 YO Colt & Gelding Pace"
"8/14/2018","Saratoga Harness","LINK||http://replays.robertsstream.com/racereplays/cust/nyss.php?play=MjAxODA4MTQyMDE5U1JONQ==","Murrow Boy","Radio Rcg Stb, Polger Holdings LLC, Fred Wallace, Little E LLC","Stake Your Claim Stb, Linwood Higgins","2 YO Colt & Gelding Pace"
"8/14/2018","Saratoga Harness","LINK||http://replays.robertsstream.com/racereplays/cust/nyss.php?play=MjAxODA4MTQyMjI5U1JOMTI=","Major March","Bay Pond Racing Stable","Winbak Farm","2 YO Colt & Gelding Pace"
"8/17/2018","Vernon Downs","LINK||http://replays.robertsstream.com/racereplays/cust/nyss.php?play=MjAxODA4MTcxODE5VlJOMQ==","Justabitofcharm","Kelly Hastings","Kelly Hastings","2 YO Filly Pace"
"8/17/2018","Vernon Downs","LINK||http://replays.robertsstream.com/racereplays/cust/nyss.php?play=MjAxODA4MTcyMTM1VlJOMTA=","American Sombrero","Michael Polansky","Michael Polansky","2 YO Filly Pace"
"8/17/2018","Vernon Downs","LINK||http://replays.robertsstream.com/racereplays/cust/nyss.php?play=MjAxODA4MTcxODQyVlJOMg==","Surreality","Joseph Jannuzzelli, Mark Harder, Dawn Colucci","Denise Williams","2 YO Filly Pace"
"8/17/2018","Vernon Downs","LINK||http://replays.robertsstream.com/racereplays/cust/nyss.php?play=MjAxODA4MTcxOTAxVlJOMw==","Siesta Beach","Charles Keller III, Charles Keller IV, E Bittle, Brett Bittle","Brittany Farms LLC","2 YO Filly Pace"
"8/17/2018","Vernon Downs","LINK||http://replays.robertsstream.com/racereplays/cust/nyss.php?play=MjAxODA4MTcxOTM4VlJONQ==","Boogie Roll","Joseph Lee, Diamond Pride LLC, Sholty Rcg LLC, Irwin Goldfarb","Winbak Farm","2 YO Filly Pace"
"8/20/2018","Yonkers Raceway","N/A","Lucky Weekend","Chuck Sylvester, Pinstripe Stable","Amy Stoltzfus, Denise Williams","2 YO Colt & Gelding Trot"
"8/20/2018","Yonkers Raceway","N/A","Brother Ohlee","R Hauber","R Hauber","2 YO Colt & Gelding Trot"
"8/20/2018","Yonkers Raceway","LINK||http://replays.robertsstream.com/racereplays/cust/nyss.php?play=MjAxODA4MjAxOTEzWU9OMg==","Jason's Camden","Andy Miller Stb Inc, Harvey Eisman, Little E LLC","Little E LLC","2 YO Colt & Gelding Trot"
"8/20/2018","Yonkers Raceway","LINK||http://replays.robertsstream.com/racereplays/cust/nyss.php?play=MjAxODA4MjAxOTU0WU9ONA==","Jake G's Champion","Raymond Campbell Jr","Raymond Campbell Jr","2 YO Colt & Gelding Trot"
"8/20/2018","Yonkers Raceway","LINK||http://replays.robertsstream.com/racereplays/cust/nyss.php?play=MjAxODA4MjAyMDE3WU9ONQ==","Labadee AS","ACL Stuteri AB","ACL Stuteri Ab","2 YO Colt & Gelding Trot"
"8/22/2018","Batavia Downs","N/A","Minne Cheatum","Philip Hale, David Dewhurst","Last Hurrah Stable","3 YO Filly Trot"
"8/22/2018","Batavia Downs","LINK||http://replays.robertsstream.com/racereplays/cust/nyss.php?play=MjAxODA4MjIxOTM5QlROOQ==","Financial Impact","Marie Houghtaling","Ronald Houghtaling","3 YO Filly Trot"
"8/22/2018","Batavia Downs","LINK||http://replays.robertsstream.com/racereplays/cust/nyss.php?play=MjAxODA4MjIxNjU5QlROMQ==","A Gift For You","Kenneth Jacobs","Helping Hands Stables","3 YO Filly Trot"
"8/22/2018","Batavia Downs","LINK||http://replays.robertsstream.com/racereplays/cust/nyss.php?play=MjAxODA4MjIxOTAxQlRONw==","Sevenbuyeleven","Kenneth Jacobs","Millstream Inc","3 YO Filly Trot"
"8/22/2018","Batavia Downs","LINK||http://replays.robertsstream.com/racereplays/cust/nyss.php?play=MjAxODA4MjIxOTIwQlROOA==","Ithinkthatsmine","Raymond Campbell Jr","Raymond Campbell Jr","3 YO Filly Trot"
"8/23/2018","Vernon Downs","LINK||http://replays.robertsstream.com/racereplays/cust/nyss.php?play=MjAxODA4MjMxODA5VlJOMQ==","Lady Rapidash","Connie Hochstetler","Connie Hochstetler","2 YO Filly Trot"
"8/23/2018","Vernon Downs","LINK||http://replays.robertsstream.com/racereplays/cust/nyss.php?play=MjAxODA4MjMxODI4VlJOMg==","Jenny Lake","Ronald LaClair, Jessica Okusko","David Firmstone","2 YO Filly Trot"
"8/23/2018","Vernon Downs","LINK||http://replays.robertsstream.com/racereplays/cust/nyss.php?play=MjAxODA4MjMxOTI1VlJONQ==","Aileen On You","A Lot To Trot About","Matthew Gartland, Beryl Taylor","2 YO Filly Trot"
"8/23/2018","Vernon Downs","LINK||http://replays.robertsstream.com/racereplays/cust/nyss.php?play=MjAxODA4MjMxODQ3VlJOMw==","Global Pageant","Helping Hands Stables","Helping Hands Stables","2 YO Filly Trot"
"8/23/2018","Vernon Downs","LINK||http://replays.robertsstream.com/racereplays/cust/nyss.php?play=MjAxODA4MjMxOTA1VlJONA==","Lifetime Credit","Robert Messing","Joie De Vie Farm LLC","2 YO Filly Trot"
"8/23/2018","Vernon Downs","LINK||http://replays.robertsstream.com/racereplays/cust/nyss.php?play=MjAxODA4MjMxOTQzVlJONg==","Hotfoot Hannah","Robert Trossbach, Dennis Nye, Perry Simser","Michael Parisi","2 YO Filly Trot"
"8/24/2018","Yonkers Raceway","N/A","Crius N Rock","F Bellino & Sons LLC","F Bellino & Sons LLC","2 YO Colt & Gelding Pace"
"8/24/2018","Yonkers Raceway","N/A","Rollonhighway","Jim Graham, Lee Winters, Thomas Mariano","Melvin Fuchs","2 YO Colt & Gelding Pace"
"8/24/2018","Yonkers Raceway","N/A","American Admiral","Alagna Rcg LLC, Joe Sbrocco, Robert LeBlanc, In The Gym Partners","Brittany Farms LLC","2 YO Colt & Gelding Pace"
"8/24/2018","Yonkers Raceway","N/A","Respect Our Flag","Barbara Bongiorno Stb LLC, Bill Lambos, Dionisios Liberatos","Barbara Bongiorno","2 YO Colt & Gelding Pace"
"8/24/2018","Yonkers Raceway","LINK||http://replays.robertsstream.com/racereplays/cust/nyss.php?play=MjAxODA4MjQxOTEwWU9OMg==","Shim","Pat Lachance, M&M Harness Rcg LLC, Ira Rosenblum, Royal Flush Stb LLC","White Birch Farm","2 YO Colt & Gelding Pace"
"8/28/2018","Yonkers Raceway","N/A","Damion Diesel Hahn","Ray Schnittker, Julie Farlow, Thomas Spatorico","Steve Jones","3 YO Colt & Gelding Pace"
"8/28/2018","Yonkers Raceway","LINK||http://replays.robertsstream.com/racereplays/cust/nyss.php?play=MjAxODA4MjgxOTEyWU9OMg==","Thor De Vie","Jim Graham, Lee Winters, Paul Tandlmayer, Giuseppe Micchia","Joie De Vie Farm LLC","3 YO Colt & Gelding Pace"
"8/28/2018","Yonkers Raceway","LINK||http://replays.robertsstream.com/racereplays/cust/nyss.php?play=MjAxODA4MjgyMDAyWU9ONA==","Casual Cool","Kenneth Jacobs","Fair Winds Farm Inc","3 YO Colt & Gelding Pace"
"8/29/2018","Batavia Downs","LINK||http://replays.robertsstream.com/racereplays/cust/nyss.php?play=MjAxODA4MjkxODAwQlRONA==","Credit List","Philip Hale, David Dewhurst","Winbak Farm","3 YO Colt & Gelding Trot"
"8/29/2018","Batavia Downs","LINK||http://replays.robertsstream.com/racereplays/cust/nyss.php?play=MjAxODA4MjkxOTMyQlROOQ==","Barn Star","Steven Pratt, Nancy Pratt, Purple Haze Stables LLC","August Miedel","3 YO Colt & Gelding Trot"
"8/29/2018","Batavia Downs","LINK||http://replays.robertsstream.com/racereplays/cust/nyss.php?play=MjAxODA4MjkxNzIxQlROMg==","Troller","Paul Kelley Racing Stable","Bonnie Woodward","3 YO Colt & Gelding Trot"
"8/29/2018","Batavia Downs","LINK||http://replays.robertsstream.com/racereplays/cust/nyss.php?play=MjAxODA4MjkxODE4QlRONQ==","Crime Fighter","Richard Gutnick, William Augustine, Joseph Lozito Jr, TLP Stable","Richard Gutnick, William Augustine","3 YO Colt & Gelding Trot"
"8/30/2018","Vernon Downs","LINK||http://replays.robertsstream.com/racereplays/cust/nyss.php?play=MjAxODA4MzAxODQ3VlJOMw==","Another New Yorker","John Hallett, Jeanne Zukowski, L Oglesby","Arden Homestead Stable, Frank Baldassare","2 YO Colt & Gelding Trot"
"8/30/2018","Vernon Downs","LINK||http://replays.robertsstream.com/racereplays/cust/nyss.php?play=MjAxODA4MzAxOTA4VlJONA==","Southwind Falcon","Diane Harp, Venitia Harp","Southwind Farms LLC","2 YO Colt & Gelding Trot"
"8/30/2018","Vernon Downs","LINK||http://replays.robertsstream.com/racereplays/cust/nyss.php?play=MjAxODA4MzAxOTI4VlJONQ==","Crown Royal Flush","John MacDonald","Ross Bonafield, Glenn Bechtel","2 YO Colt & Gelding Trot"
"8/30/2018","Vernon Downs","LINK||http://replays.robertsstream.com/racereplays/cust/nyss.php?play=MjAxODA4MzAxODI4VlJOMg==","Jason's Camden","Andy Miller Stb Inc, Harvey Eisman, Little E LLC","Little E LLC","2 YO Colt & Gelding Trot"
"8/30/2018","Vernon Downs","LINK||http://replays.robertsstream.com/racereplays/cust/nyss.php?play=MjAxODA4MzAyMDA5VlJONw==","Whimzical Chapter","Crawford Farms Rcg, James Crawford IV, Ann-Mari Daley","Albert Crawford, Michelle Crawford","2 YO Colt & Gelding Trot"
"8/30/2018","Vernon Downs","LINK||http://replays.robertsstream.com/racereplays/cust/nyss.php?play=MjAxODA4MzAyMDI4VlJOOA==","Full Rights","Runthetable Stables","Runthetable Stables","2 YO Colt & Gelding Trot"
"8/31/2018","Saratoga Harness","LINK||http://replays.robertsstream.com/racereplays/cust/nyss.php?play=MjAxODA4MzExOTIwU1JOMg==","Sophie's Surreal","Phillip Fluet Stable LLC","Steuben Farms","2 YO Filly Pace"
"8/31/2018","Saratoga Harness","LINK||http://replays.robertsstream.com/racereplays/cust/nyss.php?play=MjAxODA4MzEyMDExU1JONQ==","Sulky Queen","Jay Sears, Sundance Stable LLC","Sundance Stable LLC, Jay Sears","2 YO Filly Pace"
"8/31/2018","Saratoga Harness","LINK||http://replays.robertsstream.com/racereplays/cust/nyss.php?play=MjAxODA4MzExOTM3U1JOMw==","Dorothy's Legacy","RBH Ventures Inc, Capital Call LLC, Joe Sbrocco","Melvin Segal","2 YO Filly Pace"
"8/31/2018","Saratoga Harness","LINK||http://replays.robertsstream.com/racereplays/cust/nyss.php?play=MjAxODA4MzEyMDI4U1JONg==","Boogie Roll","Joseph Lee, Diamond Pride LLC,Sholty Rcg LLC, Irwin Goldfarb","Winbak Farm","2 YO Filly Pace"
"8/31/2018","Saratoga Harness","LINK||http://replays.robertsstream.com/racereplays/cust/nyss.php?play=MjAxODA4MzEyMDQ1U1JONw==","Major Frost","Jeffery Ruch","Jeffery Ruch, Dr. Terry Ruch","2 YO Filly Pace"
"9/3/2018","Vernon Downs","LINK||http://replays.robertsstream.com/racereplays/cust/nyss.php?play=MjAxODA5MDMxNTU3VlJOMTA=","Scott The Great","Scott Ovitt","Ronald Richmond, Scott Ovitt","2 YO Colt & Gelding Pace"
"9/3/2018","Vernon Downs","LINK||http://replays.robertsstream.com/racereplays/cust/nyss.php?play=MjAxODA5MDMxNjA5VlJOMTE=","Rollonhighway","Jim Graham, Lee Winters, Thomas Mariano","Melvin Fuchs","2 YO Colt & Gelding Pace"
"9/3/2018","Vernon Downs","LINK||http://replays.robertsstream.com/racereplays/cust/nyss.php?play=MjAxODA5MDMxNDIyVlJONQ==","Shake That House","Crawford Farms Rcg, Alan Johnston, Northfork Rcg Stb","Fair Winds Farm Inc","2 YO Colt & Gelding Pace"
"9/3/2018","Vernon Downs","LINK||http://replays.robertsstream.com/racereplays/cust/nyss.php?play=MjAxODA5MDMxNTAzVlJONw==","American Mercury","Crawford Farms Rcg, Northfork Rcg Stb, Chuck Pompey, Scott Bice","Steve Stewart, Julie Nash, Charles Nash","2 YO Colt & Gelding Pace"
"9/3/2018","Vernon Downs","LINK||http://replays.robertsstream.com/racereplays/cust/nyss.php?play=MjAxODA5MDMxNTIyVlJOOA==","Rollwithpapajoe","Barbara Bongiorno Stb LLC, Bill Lambos, Dionisios Liberatos","Bill Lambos, Barbara Bongiorno, Dionisios Liberatos","2 YO Colt & Gelding Pace"
"9/5/2018","Batavia Downs","LINK||http://replays.robertsstream.com/racereplays/cust/nyss.php?play=MjAxODA5MDUxOTI4QlROOA==","Delightful Joe","Dennis Noud, Simone Noud","Blue Chip Bloodstock Inc","3 YO Colt & Gelding Pace"
"9/5/2018","Batavia Downs","LINK||http://replays.robertsstream.com/racereplays/cust/nyss.php?play=MjAxODA5MDUxODA0QlRONA==","Thor De Vie","Jim Graham, Lee Winters, Paul Tandlmayer, Giuseppe Micchia","Joie De Vie Farm LLC","3 YO Colt & Gelding Pace"
"9/6/2018","Yonkers Raceway","N/A","Windsun Magnolia","Harmon Rcg Stb LLC, Victor Contento, John Campagnuolo, Windsun Farm Inc","Windsun Farm Inc","3 YO Filly Pace"
"9/6/2018","Yonkers Raceway","N/A","Special Kay Deo","Northfork Racing Stable","Deo Volente Farms LLC","3 YO Filly Pace"
"9/6/2018","Yonkers Raceway","LINK||http://replays.robertsstream.com/racereplays/cust/nyss.php?play=MjAxODA5MDYyMDA0WU9ONA==","So Long Darling","Bradley Grant","Vieux Carre Farms","3 YO Filly Pace"
"9/7/2018","Saratoga Raceway","LINK||http://replays.robertsstream.com/racereplays/cust/nyss.php?play=MjAxODA5MDcyMjI2U1JOMTM=","Pain In The Mass","Cheryl McGivern, DMCS Stable, Seth Coen, Timothy Salls","Franklin Fiero","3 YO Filly Trot"
"9/7/2018","Saratoga Raceway","LINK||http://replays.robertsstream.com/racereplays/cust/nyss.php?play=MjAxODA5MDcxOTAzU1JOMg==","Pittstop Emerald","Robert Gale","Cherry Hill Farm","3 YO Filly Trot"
"9/7/2018","Saratoga Raceway","LINK||http://replays.robertsstream.com/racereplays/cust/nyss.php?play=MjAxODA5MDcxOTQxU1JONA==","Miss Muscle","David Smith, John Stark Jr, James Giannuzzi, Daniel Giannuzzi","Ed Lohmeyer","3 YO Filly Trot"
"9/7/2018","Saratoga Raceway","LINK||http://replays.robertsstream.com/racereplays/cust/nyss.php?play=MjAxODA5MDcyMDE3U1JONg==","Sevenbuyeleven","Kenneth Jacobs","Millstream Inc","3 YO Filly Trot"
"9/10/2018","Monticello Raceway","LINK||http://replays.robertsstream.com/racereplays/cust/nyss.php?play=MjAxODA5MTAxNDA4TVJENQ==","Justabitofcharm","Kelly Hastings","Kelly Hastings","2 YO Filly Pace"
"9/10/2018","Monticello Raceway","LINK||http://replays.robertsstream.com/racereplays/cust/nyss.php?play=MjAxODA5MTAxMzA3TVJEMg==","Major Frost","Jeffery Ruch","Jeffery Ruch, Dr. Terry Ruch","2 YO Filly Pace"
"9/10/2018","Monticello Raceway","LINK||http://replays.robertsstream.com/racereplays/cust/nyss.php?play=MjAxODA5MTAxNTIzTVJEOQ==","Sun Viser","Triple D Stables Inc","Winbak Farm","2 YO Filly Pace"
"9/11/2018","Yonkers Raceway","LINK||http://replays.robertsstream.com/racereplays/cust/nyss.php?play=MjAxODA5MTExOTU0WU9ONA==","Notmeitsyou","Tommy N Dakota Stbs, Phillip Fluet Stb LLC","Celebrity Farms","3 YO Colt & Gelding Trot"
"9/11/2018","Yonkers Raceway","N/A","Seven Knights","Richard Gutnick, Joseph Lozito Jr, Edward Hart","Richard Gutnick","3 YO Colt & Gelding Trot"
"9/11/2018","Yonkers Raceway","LINK||http://replays.robertsstream.com/racereplays/cust/nyss.php?play=MjAxODA5MTExOTEyWU9OMg==","Nows The Moment","Sonya MacDonald","Diane Ingham, Harry Rutherford","3 YO Colt & Gelding Trot"
"9/12/2018","Batavia Downs","LINK||http://replays.robertsstream.com/racereplays/cust/nyss.php?play=MjAxODA5MTIxOTAzQlRONw==","Scott The Great","Scott Ovitt","Ronald Richmond, Scott Ovitt","2 YO Colt & Gelding Pace"
"9/12/2018","Batavia Downs","LINK||http://replays.robertsstream.com/racereplays/cust/nyss.php?play=MjAxODA5MTIxNjU5QlROMQ==","Shim","Pat Lachance, M&M Harness Rcg LLC, Ira Rosenblum, Royal Flush Stb LLC","White Birch Farm","2 YO Colt & Gelding Pace"
"9/12/2018","Batavia Downs","LINK||http://replays.robertsstream.com/racereplays/cust/nyss.php?play=MjAxODA5MTIxNzIzQlROMg==","Cal","Crawford Farms Rcg, Northfork Rcg Stb","Pat Lachance, Z Tam Stables LLC","2 YO Colt & Gelding Pace"
"9/13/2018","Saratoga Harness","LINK||http://replays.robertsstream.com/racereplays/cust/nyss.php?play=MjAxODA5MTMxMjEzU1JOMQ==","Beautiful Brenda","Laurie Tranowicz","White Light Farms, 4 Horsemen Stable","2 YO Filly Trot"
"9/13/2018","Saratoga Harness","LINK||http://replays.robertsstream.com/racereplays/cust/nyss.php?play=MjAxODA5MTMxMjUwU1JOMw==","Lady Rapidash","Connie Hochstetler","Connie Hochstetler","2 YO Filly Trot"
"9/13/2018","Saratoga Harness","LINK||http://replays.robertsstream.com/racereplays/cust/nyss.php?play=MjAxODA5MTMxNDQxU1JOOA==","Market Bre","Paula Sarcone, Jody Weidman","Kathleen Hicks","2 YO Filly Trot"
"9/13/2018","Saratoga Harness","LINK||http://replays.robertsstream.com/racereplays/cust/nyss.php?play=MjAxODA5MTMxNTU4U1JOMTI=","Sevens Up","Emily Gardner","Theodore Gewertz, Howard Berke, Y Brunet, Deborah Brunet","2 YO Filly Trot"
"9/13/2018","Saratoga Harness","LINK||http://replays.robertsstream.com/racereplays/cust/nyss.php?play=MjAxODA5MTMxMzA5U1JONA==","Royal Lady","Paul Bordogna, Steven Arnold","Ray Schnittker, Royal Assets Stable","2 YO Filly Trot"
"9/13/2018","Saratoga Harness","LINK||http://replays.robertsstream.com/racereplays/cust/nyss.php?play=MjAxODA5MTMxNTQwU1JOMTE=","Pilgrims Lass","Edward Andrews","Regula Jeker Seufert","2 YO Filly Trot"
"9/13/2018","Saratoga Harness","LINK||http://replays.robertsstream.com/racereplays/cust/nyss.php?play=MjAxODA5MTMxNjMwU1JOMTQ=","Ev's Girl","Andy Miller Stb Inc, Harvey Eisman, Little E LLC","KR Breeding LLC","2 YO Filly Trot"
"9/14/2018","Yonkers Raceway","N/A","Another Newyorker","John Hallett, Jeanne Zukowski, L Oglesby","Arden Homestead Stb, Frank Baldassare","2 YO Colt & Gelding Trot"
"9/14/2018","Yonkers Raceway","N/A","Labadee AS","ACL Stuteri AB","ACL Stuteri AB","2 YO Colt & Gelding Trot"
"9/14/2018","Yonkers Raceway","N/A","Lights Come On","ACL Stuteri AB,Theodore Gewertz, Anette Lorentzon","Winbak Farm","2 YO Colt & Gelding Trot"
"9/14/2018","Yonkers Raceway","LINK||http://replays.robertsstream.com/racereplays/cust/nyss.php?play=MjAxODA5MTQxOTE0WU9OMg==","Jason's Camden","Andy Miller Stb Inc, Harvey Eisman,Little E LLC","Little E LLC","2 YO Colt & Gelding Trot"
