" PHOTO"," VIDEO"," NAME OF HORSE"," OWNER(S)"," BREEDER(S)"," NYSS COUNTY FAIR FINALS"
" ","LINK||http://replays.robertsstream.com/racereplays/cust/nyss.php?play=MjAxODA5MDYxMjQ5TVJEMQ=="," Tok"," John Sixt"," Joie De Vie Farm LLC"," 2 YO Colt & Gelding Pace"
" ","LINK||http://replays.robertsstream.com/racereplays/cust/nyss.php?play=MjAxODA5MDYxNDU2TVJENw=="," Lily Hammer"," North Creek Racing LLC"," North Creek Racing LLC"," 2 YO Filly Pace"
" ","LINK||http://replays.robertsstream.com/racereplays/cust/nyss.php?play=MjAxODA5MDYxNTUyTVJEMTA="," Hereyago"," Robert Wittcop"," Patricia Hogan, Ed Lohmeyer, Ed Lohmeyer Jr"," 2 YO Colt & Gelding Trot"
" ","LINK||http://replays.robertsstream.com/racereplays/cust/nyss.php?play=MjAxODA5MDYxNDM0TVJENg=="," Golden Gypsy"," Gary Clark, Fay Clark"," Gary Clark, Fay Clark"," 2 YO Filly Trot"
" ","LINK||http://replays.robertsstream.com/racereplays/cust/nyss.php?play=MjAxODA5MDYxNTE3TVJEOA=="," Super Roll"," David Byer, Jerry Hoffman","Winbak Farm "," 3 YO Colt & Gelding Pace"
" ","LINK||http://replays.robertsstream.com/racereplays/cust/nyss.php?play=MjAxODA5MDYxNTM2TVJEOQ=="," Heaven's Diva"," John Sixt, Judith Blaun"," Timothy Hundertpfund"," 3 YO Filly Pace"
" ","LINK||http://replays.robertsstream.com/racereplays/cust/nyss.php?play=MjAxODA5MDYxNDE1TVJENQ=="," Royal Bahama"," Philip Hale, David Dewhurst"," Kenneth Jacobs"," 3 YO Colt & Gelding Trot"
" ","LINK||http://replays.robertsstream.com/racereplays/cust/nyss.php?play=MjAxODA5MDYxMzU1TVJENA=="," Good Luck Ginny"," Philip Hale, David Dewhurst"," Winbak Farm"," 3 YO Filly Trot"
