" PHOTO"," VIDEO"," NAME OF HORSE"," OWNER(S)"," BREEDER(S)"," NIGHT OF CHAMPIONS"
"","LINK||http://replays.robertsstream.com/racereplays/cust/nyss.php?play=MjAxODA5MjIyMDI0WU9ONQ==","Money Shot Hanover","Rick Phillips, Deena Frost, Mark Harder","Hanover Shoe Farms Inc","2 YO Filly Pace"
" ","LINK||http://replays.robertsstream.com/racereplays/cust/nyss.php?play=MjAxODA5MjIyMDAyWU9ONA==","Reigning Deo","Deo Volente Farms LLC, Pelling Racing LLC, Brian Gordon","Deo Volente Farms LLC","2 YO Colt & Gelding Pace"
" ","LINK||http://replays.robertsstream.com/racereplays/cust/nyss.php?play=MjAxODA5MjIxOTE2WU9OMg==","Winndevie","Purple Haze Stables LLC","Joie De Vie Farm LLC","2 YO Filly Trot"
" ","LINK||http://replays.robertsstream.com/racereplays/cust/nyss.php?play=MjAxODA5MjIxOTM5WU9OMw==","Gimpanzee","Courant Inc, SRF Stable","Order By Stable","2 YO Colt & Gelding Trot"
"","LINK||http://replays.robertsstream.com/racereplays/cust/nyss.php?play=MjAxODA5MjIyMTA2WU9ONw==","Wisdom Tree","Thomas Pollack","Jeff Cullipher","3 YO Filly Pace"
" ","LINK||http://replays.robertsstream.com/racereplays/cust/nyss.php?play=MjAxODA5MjIyMTQ5WU9OOQ==","Rockapelo","Enviro Stables Ltd","Enviro Stables Ltd","3 YO Colt & Gelding Pace"
" ","LINK||http://replays.robertsstream.com/racereplays/cust/nyss.php?play=MjAxODA5MjIyMDQ0WU9ONg==","Plunge Blue Chip","Ake Svanstedt Inc, Blue Chip Bloodstock Inc, Tomas Andersson, Rick Zeron Stables","Blue Chip Bloodstock Inc","3 YO Filly Trot"
"","LINK||http://replays.robertsstream.com/racereplays/cust/nyss.php?play=MjAxODA5MjIyMTI2WU9OOA==","Helpisontheway","Camelot Stable Inc, The Bay's Stable LLC, Little E LLC","Richard Balog","3 YO Colt & Gelding Trot"
