"PHOTO"," VIDEO"," NAME OF HORSE"," OWNER(S)"," BREEDER(S)"," EXCELSIOR A FINALS"
" ","LINK||http://replays.robertsstream.com/racereplays/cust/nyss.php?play=MjAxODA5MjMxNDI0U1JOOA==","Heavens Challenge","Blue Chip Bloodstock Inc, Joseph Cornacchia","Crawford Farms LLC","2 YO Filly Pace"
" ","LINK||http://replays.robertsstream.com/racereplays/cust/nyss.php?play=MjAxODA5MjMxNDU5U1JOMTA=","Cal","Crawford Farms Racing, Northfork Racing Stable","Pat Lachance, Z Tam Stables LLC","2 YO Colt & Gelding Pace"
" ","LINK||http://replays.robertsstream.com/racereplays/cust/nyss.php?play=MjAxODA5MjMxNDQxU1JOOQ==","Lifetime Credit","Robert Messing","Joie De Vie Farm LLC","2 YO Filly Trot"
" ","LINK||http://replays.robertsstream.com/racereplays/cust/nyss.php?play=MjAxODA5MjMxNTE2U1JOMTE=","Labadee AS","ACL Stuteri AB","ACL Stuteri AB","2 YO Colt & Gelding Trot"
" ","LINK||http://replays.robertsstream.com/racereplays/cust/nyss.php?play=MjAxODA5MjMxNTM2U1JOMTI=","Special Kay Deo","Northfork Racing Stable","Deo Volente Farms LLC","3 YO Filly Pace"
" ","LINK||http://replays.robertsstream.com/racereplays/cust/nyss.php?play=MjAxODA5MjMxNjEyU1JOMTQ=","Thor De Vie","Jim Graham, Lee Winters, Paul Tandlmayer, Giuseppe Micchia","Joie De Vie Farm LLC","3 YO Colt & Gelding Pace"
" ","LINK||http://replays.robertsstream.com/racereplays/cust/nyss.php?play=MjAxODA5MjMxNTUzU1JOMTM=","Michando","Ervin Miller Stable Inc, JL Benson Stables Inc, Atlee Bender","JL Benson Stables Inc, Nick Surick","3 YO Filly Trot"
" ","LINK||http://replays.robertsstream.com/racereplays/cust/nyss.php?play=MjAxODA5MjMxNjMxU1JOMTU=","Nows The Moment","Sonya MacDonald","Diane Ingham, Harry Rutherford","3 YO Colt & Gelding Trot"
