" Date"," Track "," Video"," Horse"," Owner"," Breeder"," Event"
"5/7/19","Yonkers Raceway","LINK||http://replays.robertsstream.com/racereplays/cust/nyss.php?play=MjAxOTA1MDcyMDIzWU9ONQ==","Summertime Fever","Scott D. Woogen","Winbak Farm","3 YO Filly Trot"
"5/7/19","Yonkers Raceway","LINK||http://replays.robertsstream.com/racereplays/cust/nyss.php?play=MjAxOTA1MDcyMDU3WU9ONg==","Ev's Girl ","Andy Miller Stable, inc. ","KR Breeding LLC","3 YO Filly Trot"
"5/10/19","Vernon Downs ","LINK||http://replays.robertsstream.com/racereplays/cust/nyss.php?play=MjAxOTA1MTAxODQ2VlJOMw==","Southwind Falcon","Diane Harp","Southwind Farms LLC","3 YO Colt Trot "
"5/10/19","Vernon Downs","LINK||http://replays.robertsstream.com/racereplays/cust/nyss.php?play=MjAxOTA1MTAxOTA0VlJONA==","RX For Success","Philip K Hale","Winbak Farm","3 YO Colt Trot "
"5/10/19 ","Vernon Downs","LINK||http://replays.robertsstream.com/racereplays/cust/nyss.php?play=MjAxOTA1MTAxOTQzVlJONg==","Travel Winner ","Trevor Henry Stables Inc","Winbak Farm","3 YO Colt Trot "
"5/10/19","Vernon Downs","LINK||http://replays.robertsstream.com/racereplays/cust/nyss.php?play=MjAxOTA1MTAyMDAzVlJONw==","Jason's Camden","Andy Miller Stable Inc","Little E LLC","3 YO Colt Trot "
"5/10/19","Vernon Downs","LINK||http://replays.robertsstream.com/racereplays/cust/nyss.php?play=MjAxOTA1MTAyMDQzVlJOOQ==","Kolin","Robert Slowey","Robert Slowey","3 YO Colt Trot "
"5/13/19","Monticello Raceway","LINK||http://replays.robertsstream.com/racereplays/cust/nyss.php?play=MjAxOTA1MTMxNDE2TVJENQ==","Shim","Pat LaChance","White Birch Farm Inc","3 YO Colt Pace"
"5/13/19","Monticello Raceway","LINK||http://replays.robertsstream.com/racereplays/cust/nyss.php?play=MjAxOTA1MTMxNDQwTVJENg==","Surreal Art","Theodore Gewertz","Theodore Gewertz","3 YO Colt Pace"
"5/13/19","Monticello Raceway","LINK||http://replays.robertsstream.com/racereplays/cust/nyss.php?play=MjAxOTA1MTMxNTE4TVJEOA==","McNulty Z Tam","Pat Lachance","Steve Stewart","3 YO Colt Pace"
"5/14/19","Yonkers Raceway","LINK||http://replays.robertsstream.com/racereplays/cust/nyss.php?play=MjAxOTA1MTQxODQ5WU9OMQ==","Fifi Tinkerbell","Doug Ackerman","Fred Monteleone Stbl LLC","3 YO Filly Pace"
"5/14/19","Yonkers Raceway","LINK||http://replays.robertsstream.com/racereplays/cust/nyss.php?play=MjAxOTA1MTQxOTM4WU9OMw==","Roll With Mimi","Robndot Ltd","Winbak Farm","3 YO Filly Pace"
"5/14/19","Yonkers Raceway","LINK||http://replays.robertsstream.com/racereplays/cust/nyss.php?play=MjAxOTA1MTQyMDAzWU9ONA==","Simone","Homer J Hochstetler","Homer J Hochstetler","3 YO Filly Pace"
"5/14/19","Yonkers Raceway","LINK||http://replays.robertsstream.com/racereplays/cust/nyss.php?play=MjAxOTA1MTQyMDI2WU9ONQ==","Chase You","Ted Cupp","Ted Cupp","3 YO Filly Pace"
"5/26/19","Saratoga Harness","LINK||http://replays.robertsstream.com/racereplays/cust/nyss.php?play=MjAxOTA1MjYxMjE4U1JOMg==","Surreal Art","Theodore Gewertz","Theodore Gewertz","3 YO Colt Pace"
"5/26/19","Saratoga Harness","LINK||http://replays.robertsstream.com/racereplays/cust/nyss.php?play=MjAxOTA1MjYxMjM1U1JOMw==","Rickybobbynthehaus","Crawford Farms LLC","Blue Chip Bloodstock Inc.","3 YO Colt Pace"
"5/26/19","Saratoga Harness ","LINK||http://replays.robertsstream.com/racereplays/cust/nyss.php?play=MjAxOTA1MjYxMjUyU1JONA==","Notwithoutafight","Ross Bonafield","Ross Bonafield","3 YO Colt Pace"
"5/26/19","Saratoga Harness","LINK||http://replays.robertsstream.com/racereplays/cust/nyss.php?play=MjAxOTA1MjYxNDA4U1JOOA==","Maximum Ideal ","Michael E Polansky","Michael E Polansky","3 YO Colt Pace"
"5/26/19","Saratoga Harness","LINK||http://replays.robertsstream.com/racereplays/cust/nyss.php?play=MjAxOTA1MjYxNDQ1U1JOMTA=","McNulty Z Tam","Pat Lachance","Steve Stewart","3 YO Colt Pace"
"6/3/19","Monticello Raceway","LINK||http://replays.robertsstream.com/racereplays/cust/nyss.php?play=MjAxOTA2MDMxMzEzTVJEMg==","Kolin","Robert Slowey","Robert Slowey","3 YO Colt Trot"
"6/3/19","Monticello Raceway ","LINK||http://replays.robertsstream.com/racereplays/cust/nyss.php?play=MjAxOTA2MDMxMzM0TVJEMw==","RX for Success","Philip K Hale","Winbak Farm","3 YO Colt Trot"
"6/3/19","Monticello Raceway","LINK||http://replays.robertsstream.com/racereplays/cust/nyss.php?play=MjAxOTA2MDMxMzU0TVJENA==","Jason's Camden","Andy Miller Stable Inc","Little E LLC","3 YO Colt Trot"
"6/3/19","Monticello Raceway ","LINK||http://replays.robertsstream.com/racereplays/cust/nyss.php?play=MjAxOTA2MDMxNDE1TVJENQ==","Another Newyorker","John Hallett","Arden Homestead Stable","3 YO Colt Trot"
"6/3/19","Monticello Raceway ","LINK||http://replays.robertsstream.com/racereplays/cust/nyss.php?play=MjAxOTA2MDMxNDUzTVJENw==","Hat Trick Marleau","Nicole Bovay Gurtner","Noelle Duspiva","3 YO Colt Trot"
"6/3/19","Monticello","LINK||http://replays.robertsstream.com/racereplays/cust/nyss.php?play=MjAxOTA2MDMxNTEwTVJEOA==","Lucky June Bug","Michael Pozefsky","Samuel Stoltzfus Jr","3 YO Colt Trot"
"6/5/19","Buffalo Raceway","LINK||http://replays.robertsstream.com/racereplays/cust/nyss.php?play=MjAxOTA2MDUxNjU5QlVOMQ==","Quake Blue Chip","Northfork Racing Stable, Blue Chip Bloodstock Inc - NY, Dennis Coons, Tom Hill","Blue Chip Bloodstock, Inc. ","3 YO Colt Pace"
"6/5/19","Buffalo Raceway","LINK||http://replays.robertsstream.com/racereplays/cust/nyss.php?play=MjAxOTA2MDUxOTM3QlVOMTA=","McNulty Z Tam ","Pat Lachance, M & M Harness Racing LLC, Royal Flush Stable LLC","Steve Stewart, Oakwood Farms ","3 YO Colt Pace "
"6/5/19","Buffalo Raceway","LINK||http://replays.robertsstream.com/racereplays/cust/nyss.php?play=MjAxOTA2MDUxOTU0QlVOMTE=","Rickybobbynthehaus","Crawford Farms LLC, Northfork Racing Stable, Billy Timmins, Anthony Timmins","Blue Chip Bloodstock, Inc. ","3 YO Colt Pace "
"6/9/19 ","Saratoga Harness","LINK||http://replays.robertsstream.com/racereplays/cust/nyss.php?play=MjAxOTA2MDkxMTU4U1JOMQ==","Hotfoot Hanna","Robert Trossbach, Dennis Nye, Perry Simser","Michael Parisi ","3 YO Filly Trot"
"6/9/19","Saratoga Harness","LINK||http://replays.robertsstream.com/racereplays/cust/nyss.php?play=MjAxOTA2MDkxMjE2U1JOMg==","Summertime Fever","Scott Woogen","Winbak Farm","3 YO Filly Trot"
"6/9/19","Saratoga Harness","LINK||http://replays.robertsstream.com/racereplays/cust/nyss.php?play=MjAxOTA2MDkxMjUyU1JONA==","Somermusic' chapter","Ann-Mari Daley, James Crawford IV, Donald Brenner","Diamond Creek Farm LLC ","3 YO Filly Trot"
"6/9/19","Saratoga Harness","LINK||http://replays.robertsstream.com/racereplays/cust/nyss.php?play=MjAxOTA2MDkxMzQ5U1JONw==","Minor Obsession","W Donovan","Salt Hill Farm LTD ","3 YO Filly Trot"
"6/9/19","Saratoga Harness","LINK||http://replays.robertsstream.com/racereplays/cust/nyss.php?play=MjAxOTA2MDkxNDMwU1JOOQ==","Aurora's Action","Octavia Rappoport ","John Grasso Stable Inc. ","3 YO Filly Trot"
"6/9/19","Saratoga Harness","LINK||http://replays.robertsstream.com/racereplays/cust/nyss.php?play=MjAxOTA2MDkxNTA5U1JOMTE=","Market Bre","Jody Weidman","Kathleen Hicks","3 YO Filly Trot"
"6/9/19","Saratoga Harness","LINK||http://replays.robertsstream.com/racereplays/cust/nyss.php?play=MjAxOTA2MDkxNTQ1U1JOMTM=","Pink Cotton","George Mathar ","Crawford Farms, LLC","3 YO Filly Trot"
"6/10/19","Tioga Downs ","LINK||http://replays.robertsstream.com/racereplays/cust/nyss.php?play=MjAxOTA2MTAxMzQ3VFFONA==","American Sombrero","Michael Polansky ","Michael Polansky ","3 YO Filly Pace"
"6/10/19","Tioga Downs ","LINK||http://replays.robertsstream.com/racereplays/cust/nyss.php?play=MjAxOTA2MTAxNDAzVFFONQ==","Gia's Surreal ","Jim Graham, Edward Peron, Lee Winters, Thomas Mariano","Black Knight Stables ","3 YO Filly Pace"
"6/10/19","Tioga Downs ","LINK|| http://replays.robertsstream.com/racereplays/cust/nyss.php?play=MjAxOTA2MTAxNDM5VFFONw==","Roll With Mimi","Robndot LTD, Claude Huckabone Jr","Winbak Farm ","3 YO Filly Pace "
"6/10/19","Tioga Downs ","LINK||http://replays.robertsstream.com/racereplays/cust/nyss.php?play=MjAxOTA2MTAxNTAxVFFOOA==","Fool Me Again","30 Plus Stable, Andy Klemencic, Blake Macintosh ","Blue Chip Bloodstock, Inc. ","3 YO Filly Pace"
"6/10/19","Tioga Downs ","LINK||http://replays.robertsstream.com/racereplays/cust/nyss.php?play=MjAxOTA2MTAxNTE5VFFOOQ==","Chase You","Ted Cupp","Ted Cupp","3 YO Filly Pace "
"6/12/19","Buffalo Raceway ","LINK||http://replays.robertsstream.com/racereplays/cust/nyss.php?play=MjAxOTA2MTIxNzE2QlVOMg==","Xcuseme","John Stark Jr, Thomas Mc Tygue, David Smith, James Giannuzzi","Edmund Smith, David Smith, John Stark Jr, James Giannuzzi","3 YO Colt Trot"
"6/12/19","Buffalo Raceway","LINK||http://replays.robertsstream.com/racereplays/cust/nyss.php?play=MjAxOTA2MTIxNzUzQlVONA==","Jason`s Camden","Andy Miller Stable Inc, Harvey Eisman, Little E LLC","Little E LLC","3 YO Colt Trot"
"6/12/19","Buffalo Raceway","LINK||http://replays.robertsstream.com/racereplays/cust/nyss.php?play=MjAxOTA2MTIxODQ2QlVONw==","Frank Hanover","Hossman LLC","Hanover Shoe Farms Inc","3 YO Colt Trot"
"6/12/19","Buffalo Raceway","LINK||http://replays.robertsstream.com/racereplays/cust/nyss.php?play=MjAxOTA2MTIxOTU0QlVOMTE=","Hat Trick Marleau","Nicole Bovay Gurtner, Marc Camirand, Claude Thibault","Noelle Duspiva","3 YO Colt Trot"
"6/16/19","Tioga Downs","LINK||http://replays.robertsstream.com/racereplays/cust/nyss.php?play=MjAxOTA2MTYxMjU5VFFOMQ==","Alex Tye","Buter Farm Inc","Tyler Buter, Gene Oldford Farms LLC","3 YO Colt Pace"
"6/16/19","Tioga Downs","LINK||http://replays.robertsstream.com/racereplays/cust/nyss.php?play=MjAxOTA2MTYxMzM0VFFOMw==","Surreal Art","Theodore Gewertz","Theodore Gewertz","3 YO Colt Pace"
"6/16/19","Tioga Downs","LINK||http://replays.robertsstream.com/racereplays/cust/nyss.php?play=MjAxOTA2MTYxNDEyVFFONQ==","Jet Rock","James De Armond, Jessica Okusko","Crawford Farms LLC","3 YO Colt Pace"
"6/16/19","Tioga Downs","LINK||http://replays.robertsstream.com/racereplays/cust/nyss.php?play=MjAxOTA2MTYxNDQ2VFFONw==","Hennessey","W Springtime Racing Stb, Shannon Brott","W Springtime Racing Stb, Shannon Brott","3 YO Colt Pace"
"6/16/19","Tioga Downs","LINK||http://replays.robertsstream.com/racereplays/cust/nyss.php?play=MjAxOTA2MTYxNTA1VFFOOA==","Haulin` Oats","Mark Harder, Dean Lockhart, Wayne Carleton","Stonegate Stdbred Fms Inc","3 YO Colt Pace"
"6/19/19","Buffalo Raceway ","LINK||http://replays.robertsstream.com/racereplays/cust/nyss.php?play=MjAxOTA2MTkxNzM0QlVOMw==","Gia`s Surreal","Jim Graham, Edward Peron, Lee Winters, Thomas Mariano","Black Knight Stables","3 YO Filly Pace"
"6/19/19","Buffalo Raceway","LINK||http://replays.robertsstream.com/racereplays/cust/nyss.php?play=MjAxOTA2MTkxODQzQlVONw==","Sulky Queen","Jay Sears, Sundance Stable LLC","Jay Sears, Sundance Stable LLC","3 YO Filly Pace"
"6/23/19","Buffalo Raceway ","LINK||http://replays.robertsstream.com/racereplays/cust/nyss.php?play=MjAxOTA2MjMxMjMwQlVOMQ==","Minor Obsession","W Donovan","Salt Hill Farm LTD","3 YO Filly Trot"
"6/23/19","Buffalo Raceway ","LINK||http://replays.robertsstream.com/racereplays/cust/nyss.php?play=MjAxOTA2MjMxMjQ3QlVOMg==","Divine Wind","Debra Miller","Debra Miller","3 YO Filly Trot "
"6/23/19","Buffalo Raceway ","LINK||http://replays.robertsstream.com/racereplays/cust/nyss.php?play=MjAxOTA2MjMxNTM4QlVOMTI=","Amal Hall","Andy Miller Stable Inc, Gty Stable, Dumain Haven Farm","Walnut Hall Limited","3 YO Filly Trot"
"6/23/19","Buffalo Raceway ","LINK||http://replays.robertsstream.com/racereplays/cust/nyss.php?play=MjAxOTA2MjMxNTU1QlVOMTM=","Song Chapter ","Philip Hale, David Dewhurst","Southwind Farms, LLC","3 YO Filly Trot "
"6/24/19","Monticello Raceway ","LINK||http://replays.robertsstream.com/racereplays/cust/nyss.php?play=MjAxOTA2MjQxMzExTVJEMg==","American Arrow ","George Zitone, Joann Zitone, Heather Zitone","Winbak Farm ","2 YO Filly Pace"
"6/24/19","Monticello Raceway ","LINK||http://replays.robertsstream.com/racereplays/cust/nyss.php?play=MjAxOTA2MjQxMzU3TVJENA==","Spreckles","Chesapeake Equine Clinic Inc","Enviro Stables LTD","2 YO Filly Pace"
"6/24/19","Monticello Raceway ","LINK||http://replays.robertsstream.com/racereplays/cust/nyss.php?play=MjAxOTA2MjQxNDM4TVJENg==","American Dreamgirl ","Frank Chick ","Brittany Farms LLC ","2 YO Filly Pace"
"6/25/19","Yonkers Raceway ","LINK||http://replays.robertsstream.com/racereplays/cust/nyss.php?play=MjAxOTA2MjUxOTEzWU9OMg==","Jason`s Camden","Andy Miller Stable Inc, Harvey Eisman, Little E LLC ","Little E LLC","3 YO Colt Trot "
"6/25/19","Yonkers Raceway ","LINK||http://replays.robertsstream.com/racereplays/cust/nyss.php?play=MjAxOTA2MjUxOTM2WU9OMw==","Xcuseme","John Stark Jr, Thomas Mc Tygue, David Smith, James Giannuzzi","Edmund Smith, David Smith, John Stark Jr, James Giannuzzi","3 YO Colt Trot "
"6/26/19","Buffalo Raceway ","LINK||http://replays.robertsstream.com/racereplays/cust/nyss.php?play=MjAxOTA2MjYxNjU5QlVOMQ==","Greyscale","Raymond Campbell Jr","Valley High Stable","2 YO Filly Trot"
"6/26/19","Buffalo Raceway ","LINK||http://replays.robertsstream.com/racereplays/cust/nyss.php?play=MjAxOTA2MjYxNzU1QlVONA==","Comaway With Me","Philip Hale, David Dewhurst","Little E LLC","2 YO Filly Trot "
"6/26/19","Buffalo Raceway ","LINK||http://replays.robertsstream.com/racereplays/cust/nyss.php?play=MjAxOTA2MjYyMDAxQlVOMTE=","Concerted Hanover","Jody Weidman, John Orsaio Jr","Hanover Shoe Farms Inc","2 YO Filly Trot "
"6/27/19","Yonkers Raceway ","LINK||http://replays.robertsstream.com/racereplays/cust/nyss.php?play=MjAxOTA2MjcxODQ5WU9OMQ==","Jet Rock ","James DeArmond","Crawford Farms LLC","3 YO Colt Pace "
"6/27/19","Yonkers Raceway ","LINK||http://replays.robertsstream.com/racereplays/cust/nyss.php?play=MjAxOTA2MjcxOTQxWU9OMw==","Century Ferrari","Ervin Miller Stable Inc","Brittany Farms","3 YO Colt Pace "
"6/27/19","Yonkers Raceway ","LINK||http://replays.robertsstream.com/racereplays/cust/nyss.php?play=MjAxOTA2MjcyMTEyWU9ONw==","Murrow Boy ","Radio Racing Stable","Stake Your Claim Stable","3 YO Colt Pace "
"6/30/19","Tioga Downs ","LINK||http://replays.robertsstream.com/racereplays/cust/nyss.php?play=MjAxOTA2MzAxNDEwVFFONQ==","Altus Hanover ","Joseph Hess","Hanover Shoe Farms Inc","2 YO Colt Trot"
"6/30/19","Tioga Downs","LINK||http://replays.robertsstream.com/racereplays/cust/nyss.php?play=MjAxOTA2MzAxNDUxVFFONw==","Nimble Kid","William Wiswell, Jean Goehlen, Eugene Schick","Dunroven Stud LLC","2 YO Colt Trot"
"6/30/19","Tioga Downs ","LINK||http://replays.robertsstream.com/racereplays/cust/nyss.php?play=MjAxOTA2MzAxNTUwVFFOMTA=","Book Seven","Stroy Inc.","Winbak Farm","2 YO Colt Trot"
"6/30/19","Tioga Downs ","LINK||http://replays.robertsstream.com/racereplays/cust/nyss.php?play=MjAxOTA2MzAxNjEzVFFOMTE=","Bourbon Express","Salvatore Vullo, James De Armond","Annette Roydon","2 YO Colt Trot"
"7/1/19","Monticello Raceway ","LINK||http://replays.robertsstream.com/racereplays/cust/nyss.php?play=MjAxOTA3MDExMjQ4TVJEMQ==","Surreal Sergeant","Gary Messenger","Charles Iannazzo","2 YO Colt Pace"
"7/1/19","Monticello Raceway ","LINK||http://replays.robertsstream.com/racereplays/cust/nyss.php?play=MjAxOTA3MDExMzEwTVJEMg==","Fear The Pasta ","Ric Flair Stables","Steve Jones","2 YO Colt Pace "
"7/1/19","Monticello Raceway ","LINK||http://replays.robertsstream.com/racereplays/cust/nyss.php?play=MjAxOTA3MDExMzMxTVJEMw==","Latin King","William Phipps","Winbak Farm","2 YO Colt Pace"
"7/1/19","Monticello Raceway ","LINK||http://replays.robertsstream.com/racereplays/cust/nyss.php?play=MjAxOTA3MDExNTE4TVJEOA==","Chief Of Staff ","Seafood Delight Stable","James Avritt Sr.","2 YO Colt Pace "
"7/3/19","Buffalo Raceway ","LINK||http://replays.robertsstream.com/racereplays/cust/nyss.php?play=MjAxOTA3MDMxNjU5QlVOMQ==","Twin B Salsa ","Blake Macintosh, Steve Heimbecker, Mortgage Boys Stable, Larry Denley","Twinbrook Limited ","2 YO Filly Pace "
"7/4/19","Tioga Downs ","LINK||http://replays.robertsstream.com/racereplays/cust/nyss.php?play=MjAxOTA3MDQxMjU5VFFOMQ==","Mannie`s Lady","M And L Of Delaware LLC","Morrisville Col Fdn Inc","2 YO Filly Trot"
"7/4/19","Tioga Downs ","LINK||http://replays.robertsstream.com/racereplays/cust/nyss.php?play=MjAxOTA3MDQxMzIwVFFOMg==","Alana`s Brilliance","Harmon Racing Stable LLC, Harvey Eisman","Blue Chip Farms LLC, Jordan Farkas, Jeffrey Rabinowitz ","2 YO Filly Trot "
"7/4/19","Tioga Downs ","LINK||http://replays.robertsstream.com/racereplays/cust/nyss.php?play=MjAxOTA3MDQxNDAzVFFONA==","Condescending ","Pine Hill Stables ","Pine Hill Stables ","2 YO Filly Trot "
"7/4/19","Tioga Downs ","LINK||http://replays.robertsstream.com/racereplays/cust/nyss.php?play=MjAxOTA3MDQxNDQ1VFFONg==","Sophia`s Express","James De Armond, Salvatore Vullo","K R Breeding LLC","2 YO Filly Trot "
"7/4/19","Tioga Downs ","LINK||http://replays.robertsstream.com/racereplays/cust/nyss.php?play=MjAxOTA3MDQxNTA2VFFONw==","Starrystarrynight","W Donovan","David Hanson","2 YO Filly Trot "
"7/8/19","Yonkers Raceway ","LINK||http://replays.robertsstream.com/racereplays/cust/nyss.php?play=MjAxOTA3MDgxOTEyWU9OMg==","Denton ","Purple Haze Stables LLC","Morrisville Col Fdn Inc","2 YO Colt Trot "
"7/8/19","Yonkers Raceway ","LINK||http://replays.robertsstream.com/racereplays/cust/nyss.php?play=MjAxOTA3MDgxOTU4WU9ONA==","Cherry Red ","Joseph Di Nicola, Christine Di Nicola","Joseph Di Nicola, Christine Di Nicola","2 YO Colt Trot "
"7/10/19","Buffalo Raceway ","LINK||http://replays.robertsstream.com/racereplays/cust/nyss.php?play=MjAxOTA3MTAxNjU5QlVOMQ==","Redemptionbluechip","Crawford Farms Racing","Blue Chip Bloodstock Inc","2 YO Colt Pace "
"7/10/19","Buffalo Raceway ","LINK||http://replays.robertsstream.com/racereplays/cust/nyss.php?play=MjAxOTA3MTAxNzE3QlVOMg==","American Mojo","John Sixt","Eric Taddeo","2 YO Colt Pace "
"7/10/19","Buffalo Raceway ","LINK||http://replays.robertsstream.com/racereplays/cust/nyss.php?play=MjAxOTA3MTAxOTQ2QlVOMTA=","Sunsetboozecruise","Matthew Dugan","Kentuckiana Farms LLC, Pinske Stables","2 YO Colt Pace "
"7/11/19","Yonkers Raceway ","LINK||http://replays.robertsstream.com/racereplays/cust/nyss.php?play=MjAxOTA3MTExOTM3WU9OMw==","Charm And Grace ","John Dwyer","Kentuckiana Farms LLC, Marvin Katz","2 YO Filly Pace "
"7/11/19","Yonkers Raceway ","LINK||http://replays.robertsstream.com/racereplays/cust/nyss.php?play=MjAxOTA3MTExOTU5WU9ONA==","Ladyboss","M And L Of Delaware LLC ","Winbak Farm ","2 YO Filly Pace "
"7/11/19","Yonkers Raceway ","LINK||http://replays.robertsstream.com/racereplays/cust/nyss.php?play=MjAxOTA3MTEyMDE5WU9ONQ==","Alleyesonme As","Anette Lorentzon, Acl Stuteri Ab","Anette Lorentzon, Acl Stuteri Ab","2 YO Filly Pace "
"7/14/19","Tioga Downs ","LINK||http://replays.robertsstream.com/racereplays/cust/nyss.php?play=MjAxOTA3MTQxMjU4VFFOMQ==","Rc`s Lady Royale","Jeffrey Agan, David Adsit, Robert Gale","Silver Linden Farms","3 YO Filly Trot "
"7/14/19","Tioga Downs ","LINK||http://replays.robertsstream.com/racereplays/cust/nyss.php?play=MjAxOTA3MTQxMzE3VFFOMg==","Divine Wind ","Debra Miller ","Debra Miller ","3 YO Filly Trot "
"7/14/19","Tioga Downs ","LINK||http://replays.robertsstream.com/racereplays/cust/nyss.php?play=MjAxOTA3MTQxMzMzVFFOMw==","Amanda Blue Chip","Kenneth Jacobs","Blue Chip Farms LLC, Jordan Farkas, Jeffrey Rabinowitz","3 YO Filly Trot"
"7/14/19","Tioga Downs ","LINK||http://replays.robertsstream.com/racereplays/cust/nyss.php?play=MjAxOTA3MTQxMzUxVFFONA==","Hotfoot Hannah","Robert Trossbach, Dennis Nye, Perry Simser","Michael Parisi","3 YO Filly Trot "
"7/14/19","Tioga Downs ","LINK||http://replays.robertsstream.com/racereplays/cust/nyss.php?play=MjAxOTA3MTQxNDA3VFFONQ==","Hanna Dreamgirl","Kenneth Jacobs","Winbak Farm ","3 YO Filly Trot "
"7/15/19","Monticello Raceway ","LINK||http://replays.robertsstream.com/racereplays/cust/nyss.php?play=MjAxOTA3MTUxMjQ4TVJEMQ==","Fool Me Again ","30 Plus Stable, Andy Klemencic, Blake Macintosh","Blue Chip Bloodstock Inc","3 YO Filly Pace "
"7/15/19 ","Monticello Raceway ","LINK||http://replays.robertsstream.com/racereplays/cust/nyss.php?play=MjAxOTA3MTUxNDM1TVJENg==","Topville Angelina","Ervin Miller Stable Inc, Michael Anderson, George Golemes","Robert Hamather","3 YO Filly Pace "
"7/15/19","Monticello Raceway ","LINK||http://replays.robertsstream.com/racereplays/cust/nyss.php?play=MjAxOTA3MTUxNDU0TVJENw==","Roll With Mimi ","Robndot LTD, Claude Huckabone Jr","Winbak Farm ","3 YO Filly Pace "
"7/15/19","Monticello Raceway ","LINK||http://replays.robertsstream.com/racereplays/cust/nyss.php?play=MjAxOTA3MTUxNTEzTVJEOA==","Sulky Queen ","Jay Sears, Sundance Stable LLC","Sundance Stable LLC, Jay Sears","3 YO Filly Pace "
"7/16/19","Yonkers Raceway ","LINK||http://replays.robertsstream.com/racereplays/cust/nyss.php?play=MjAxOTA3MTYxOTEwWU9OMg==","Condescending","Pine Hill Stables","Pine Hill Stables","2 YO Filly Trot "
"7/16/19","Yonkers Raceway ","LINK||http://replays.robertsstream.com/racereplays/cust/nyss.php?play=MjAxOTA3MTYxOTM1WU9OMw==","Mama`s Gift","Hossman LLC","Helping Hands Stables","2 YO Filly Trot "
"7/16/19","Yonkers Raceway ","LINK||http://replays.robertsstream.com/racereplays/cust/nyss.php?play=MjAxOTA3MTYxOTU2WU9ONA==","Alana`s Brilliance","Harmon Racing Stable LLC, Harvey Eisman","Blue Chip Farms LLC, Jordan Farkas, Jeffrey Rabinowitz","2 YO Filly Trot "
"7/16/19","Yonkers Raceway ","LINK||http://replays.robertsstream.com/racereplays/cust/nyss.php?play=MjAxOTA3MTYyMDE4WU9ONQ==","Flotus","David Smith, John Stark Jr, James Giannuzzi, Daniel Giannuzzi","Patricia Hogan ","2 YO Filly Trot "
"7/17/19","Buffalo Raceway ","LINK||http://replays.robertsstream.com/racereplays/cust/nyss.php?play=MjAxOTA3MTcxNjU5QlVOMQ==","Maximus Da Savage","Crawford Farms Racing","Crawford Farms LLC","2 YO Colt Trot "
"7/17/19","Buffalo Raceway ","LINK||http://replays.robertsstream.com/racereplays/cust/nyss.php?play=MjAxOTA3MTcxNzUxQlVONA==","Crazy For Cj","Chasing Dreams Stable","K R Breeding LLC","2 YO Colt Trot "
"7/17/19","Buffalo Raceway ","LINK||http://replays.robertsstream.com/racereplays/cust/nyss.php?play=MjAxOTA3MTcxOTU1QlVOMTE=","Bropain ","A Lot To Trot About, Jeffrey Cantine, Gary Brooker","Franklin Fiero","2 YO Colt Trot "
"7/18/19","Vernon Downs ","LINK||http://replays.robertsstream.com/racereplays/cust/nyss.php?play=MjAxOTA3MTgxOTIxVlJONQ==","Crius N Rock","F Bellino & Sons LLC","F Bellino & Sons LLC","3 YO Colt Pace "
"7/18/19","Vernon Downs ","LINK||http://replays.robertsstream.com/racereplays/cust/nyss.php?play=MjAxOTA3MTgxOTM4VlJONg==","Chatelroll","Purple Haze Stables LLC","Twinbrook Limited","3 YO Colt Pace "
"7/18/19","Vernon Downs ","LINK||http://replays.robertsstream.com/racereplays/cust/nyss.php?play=MjAxOTA3MTgyMDE1VlJOOA==","Alex Tye ","Buter Farm Inc","Tyler Buter, Gene Oldford Farms LLC","3 YO Colt Pace "
"7/18/19","Vernon Downs ","LINK||http://replays.robertsstream.com/racereplays/cust/nyss.php?play=MjAxOTA3MTgyMDUwVlJOMTA=","Deo Picasso","Exceed Stables LLC","Deo Volente Farms LLC","3 YO Colt Pace "
"7/19/19","Tioga Downs","LINK||http://replays.robertsstream.com/racereplays/cust/nyss.php?play=MjAxOTA3MTkxOTM0VFFOMg==","Hereyago","Robert Wittcop","Patricia Hogan, Ed Lohmeyer, Ed Lohmeyer Jr","3 YO Colt Trot"
"7/19/19","Tioga Downs","LINK||http://replays.robertsstream.com/racereplays/cust/nyss.php?play=MjAxOTA3MTkyMDA2VFFONA==","Lucky June Bug","Michael Pozefsky, William Pozefsky, Myron Ekstein","Samuel Stoltzfus Jr.","3 YO Colt Trot"
"7/19/19","Tioga Downs","LINK||http://replays.robertsstream.com/racereplays/cust/nyss.php?play=MjAxOTA3MTkyMDIzVFFONQ==","Crazy Every Time","Twenty Four Carrot Racing ","Fair Winds Farm Inc ","3 YO Colt Trot"
"7/19/19","Tioga Downs","LINK||http://replays.robertsstream.com/racereplays/cust/nyss.php?play=MjAxOTA3MTkyMDU0VFFONw==","Whimzical Chapter","Crawford Farms Racing, James Crawford IV, Ann-Mari Daley","Albert Crawford, Michelle Crawford","3 YO Colt Trot"
"7/19/19","Tioga Downs","LINK||http://replays.robertsstream.com/racereplays/cust/nyss.php?play=MjAxOTA3MTkyMTU5U1JOMTE=","Jason's Camden","Andy Miller Stable Inc, Harvey Eisman, Little E LLC","Little E LLC","3 YO Colt Trot"
"7/20/19","Saratoga Harness ","LINK||http://replays.robertsstream.com/racereplays/cust/nyss.php?play=MjAxOTA3MjAyMDMxU1JOMw==","Levine ","Ric Flair Stables","Kenneth Solomon ","2 YO Colt Pace "
"7/20/19","Saratoga Harness ","LINK||http://replays.robertsstream.com/racereplays/cust/nyss.php?play=MjAxOTA3MjAyMTAyU1JONQ==","Ameriore ","Purple Haze Stables LLC","Winbak Farm ","2 YO Colt Pace "
"7/20/19","Saratoga Harness ","LINK||http://replays.robertsstream.com/racereplays/cust/nyss.php?play=MjAxOTA3MjAyMzA1U1JOMTE=","Sunsetboozecruise","Matthew Dugan","Kentuckiana Farms LLC, Pinske Stables","2 YO Colt Pace "
"7/20/19","Saratoga Harness ","LINK||http://replays.robertsstream.com/racereplays/cust/nyss.php?play=MjAxOTA3MjAyMzMwU1JOMTM=","Majoring Artist","Blake Macintosh, Steve Heimbecker, Fred Heimbecker, Larry Denley","Samuel Stoltzfus","2 YO Colt Pace "
"7/20/19","Saratoga Harness ","LINK||http://replays.robertsstream.com/racereplays/cust/nyss.php?play=MjAxOTA3MjAyMzQzU1JOMTQ=","Repeal or Replace ","Paul Mandel","Karma Racing Inc","2 YO Colt Pace "
"7/22/19","Tioga Downs","LINK||http://replays.robertsstream.com/racereplays/cust/nyss.php?play=MjAxOTA3MjIxMjU4VFFOMQ==","Lookatmyart","Thomas Finelli","Thomas Finelli","2 YO Filly Pace "
"7/22/19","Tioga Downs","LINK||http://replays.robertsstream.com/racereplays/cust/nyss.php?play=MjAxOTA3MjIxMzEzVFFOMg==","Believe in Angels ","Rick Dane Jr, Monica Banca ","Rick Dane Jr, Monica Banca ","2 YO Filly Pace "
"7/22/19","Tioga Downs","LINK||http://replays.robertsstream.com/racereplays/cust/nyss.php?play=MjAxOTA3MjIxNDE2VFFONg==","Dragon Roll","Craig Henderson, Robert Mondillo, Lawrence Minowitz ","Av & Son Bloodstock LLC ","2 YO Filly Pace "
"7/22/19","Tioga Downs","LINK||http://replays.robertsstream.com/racereplays/cust/nyss.php?play=MjAxOTA3MjIxNDUwVFFOOA==","Kitty Hoyne","David Smith, James De Armond, James Giannuzzi, Daniel Giannuzzi","Winbak Farm","2 YO Filly Pace "
"7/22/19","Tioga Downs","LINK||http://replays.robertsstream.com/racereplays/cust/nyss.php?play=MjAxOTA3MjIxNTIxVFFOMTA=","Ladyboss","M And L Of Delaware LLC ","Winbak Farm","2 YO Filly Pace "
"7/25/19","Vernon Downs ","LINK||http://replays.robertsstream.com/racereplays/cust/nyss.php?play=MjAxOTA3MjUxODQ1VlJOMw==","Discus Hanover","Philip Hale, David Dewhurst ","Hanover Shoe Farms, Inc","2 YO Colt Trot"
"7/25/19","Vernon Downs ","LINK||http://replays.robertsstream.com/racereplays/cust/nyss.php?play=MjAxOTA3MjUxOTIxVlJONQ==","Crazy for Cj","Chasing Dreams Stable","K R Breeding LLC ","2 YO Colt Trot"
"7/25/19","Vernon Downs ","LINK||http://replays.robertsstream.com/racereplays/cust/nyss.php?play=MjAxOTA3MjUxOTU5VlJONw==","Moonlight Mile ","Gerard Stuchbury ","Eric Taddeo","2 YO Colt Trot"
"7/25/19","Vernon Downs ","LINK||http://replays.robertsstream.com/racereplays/cust/nyss.php?play=MjAxOTA3MjUyMDE4VlJOOA==","All Rise ","Connie Hochstetler, Robert Buddig, Allen Schwartz ","Connie Hochstetler, Robert Buddig","2 YO Colt Trot"
"7/27/19","Yonkers Raceway","LINK||http://replays.robertsstream.com/racereplays/cust/nyss.php?play=MjAxOTA3MjcxOTA2WU9OMg==","Certify","Earl Sauve","Brittany Farms LLC ","3 YO Colt Trot"
"7/28/19","Batavia Downs","LINK||http://replays.robertsstream.com/racereplays/cust/nyss.php?play=MjAxOTA3MjgxMzEzQlROMQ==","Sunsetboozecruise","Mathew Dugan ","Kentuckiana Farms LLC, Pinske Stables","2 YO Colt Pace"
"7/28/19","Batavia Downs","LINK||http://replays.robertsstream.com/racereplays/cust/nyss.php?play=MjAxOTA3MjgxNDE1QlRONA==","Art Nukem","Mary Abbot, D Benny Eggers","Winbak Farm","2 YO Colt Pace"
"7/28/19","Batavia Downs","LINK||http://replays.robertsstream.com/racereplays/cust/nyss.php?play=MjAxOTA3MjgxNDU2QlRONg==","I Rolled the Dice ","Howard Taylor","Howard Taylor","2 YO Colt Pace"
"7/28/19","Batavia Downs","LINK||http://replays.robertsstream.com/racereplays/cust/nyss.php?play=MjAxOTA3MjgxNTM1QlROOA==","Breakout Session ","Bay Pond Racing Stable","Winbak Farm ","2 YO Colt Pace"
"7/29/19","Monticello Raceway","LINK||http://replays.robertsstream.com/racereplays/cust/nyss.php?play=MjAxOTA3MjkxMjQ4TVJEMQ==","Hanna Dreamgirl","Kenneth Jacobs","Winbak Farm","3 YO Filly Trot"
"7/29/19","Monticello Raceway","LINK||http://replays.robertsstream.com/racereplays/cust/nyss.php?play=MjAxOTA3MjkxMzA2TVJEMg==","Market Bre ","Jody Weidman","Kathleen Hicks","3 YO Filly Trot"
"7/29/19","Monticello Raceway","LINK||http://replays.robertsstream.com/racereplays/cust/nyss.php?play=MjAxOTA3MjkxMzI3TVJEMw==","Crystalline ","Raymond Campbell Jr","Raymond Campbell Jr","3 YO Filly Trot"
"7/29/19","Monticello Raceway","LINK||http://replays.robertsstream.com/racereplays/cust/nyss.php?play=MjAxOTA3MjkxNDMyTVJENg==","Muscle N Beauty","Janice Connor, Chuck Connor Jr, Kitefield Stable ","Winbak Farm ","3 YO Filly Trot"
"7/29/19","Monticello Raceway","LINK||http://replays.robertsstream.com/racereplays/cust/nyss.php?play=MjAxOTA3MjkxNTAwTVJENw==","Summertime Fever","Scott Woogen","Winbak Farm ","3 YO Filly Trot"
"7/29/19","Monticello Raceway","LINK||http://replays.robertsstream.com/racereplays/cust/nyss.php?play=MjAxOTA3MjkxNTIxTVJEOA==","Marcella Bella ","Michael Polansky ","Steiner Stock Farm","3 YO Filly Trot"
"7/30/19","Saratoga Raceway","LINK||http://replays.robertsstream.com/racereplays/cust/nyss.php?play=MjAxOTA3MzAyMDQ1U1JONg==","Roll with Mimi","Robndot LTD, Claude Huckabone Jr ","Winbak Farm ","3 YO Filly Pace "
"7/30/19","Saratoga Raceway","LINK||http://replays.robertsstream.com/racereplays/cust/nyss.php?play=MjAxOTA3MzAyMTIwU1JOOA==","Fool Me Again ","30 Plus Stable, Andy Klemencic, Blake Macintosh","Blue Chip Bloodstock Inc","3 YO Filly Pace"
"7/30/19","Saratoga Raceway","LINK||http://replays.robertsstream.com/racereplays/cust/nyss.php?play=MjAxOTA3MzAyMjMxU1JOMTI=","Topville Angelina ","Ervin Miller Stable Inc, Michael Anderson, George Golemes","Robert Hamather ","3 YO Filly Pace"
"7/30/19","Saratoga Raceway","LINK||http://replays.robertsstream.com/racereplays/cust/nyss.php?play=MjAxOTA3MzAyMzAyU1JOMTQ=","I'm Very Special ","Melvyn Colby ","Theodore Colby","3 YO Filly Pace"
"8/1/19","Vernon Downs","LINK||http://replays.robertsstream.com/racereplays/cust/nyss.php?play=MjAxOTA4MDExOTA1VlJONA==","Little Magic ","Tommy N Dakota Stables, Phillip Fluet Stable LLC","Andrew Byler, Deborah Smith","2 YO Filly Trot"
"8/1/19","Vernon Downs","LINK||http://replays.robertsstream.com/racereplays/cust/nyss.php?play=MjAxOTA4MDExOTI0VlJONQ==","Flotus"," David Smith, John Stark Jr, James Giannuzzi, Daniel Giannuzzi ","Patricia Hogan ","2 YO Filly Trot"
"8/1/19","Vernon Downs","LINK||http://replays.robertsstream.com/racereplays/cust/nyss.php?play=MjAxOTA4MDExOTQzVlJONg==","Askmenoquestions","Michael Woodward ","Michael Woodward ","2 YO Filly Trot"
"8/1/19","Vernon Downs","LINK||http://replays.robertsstream.com/racereplays/cust/nyss.php?play=MjAxOTA4MDEyMDIzVlJOOA==","C & T's Credit","Matthew Bencic, Peter Barbato","Winbak Farm ","2 YO Filly Trot"
"8/1/19","Vernon Downs","LINK||http://replays.robertsstream.com/racereplays/cust/nyss.php?play=MjAxOTA4MDEyMTIzVlJOMTE=","Sophia's Express","James De Armond, Salvatore Vullo","K R Breeding LLC","2 YO Filly Trot"
"8/4/19","Batavia Downs","LINK||http://replays.robertsstream.com/racereplays/cust/nyss.php?play=MjAxOTA4MDQxNDExQlRONA==","Rickybobbynthehaus","Crawford Farms LLC, Northfork Racing Stable, Billy Timmins, Anthony Timmins ","Blue Chip Bloodstock Inc ","3 YO Colt Pace "
"8/4/19","Batavia Downs","LINK||http://replays.robertsstream.com/racereplays/cust/nyss.php?play=MjAxOTA4MDQxNTA5QlRONw==","Chatelroll","Purple Haze Stables LLC","Twinbrook Limited","3 YO Colt Pace "
"8/6/19","Yonkers Raceway","LINK||http://replays.robertsstream.com/racereplays/cust/nyss.php?play=MjAxOTA4MDYxOTE1WU9OMg==","Rollnthejoe","Alagna Racing LLC, Mystical Marker Farms LLC, Steven Head, Tangie Massey ","Winbak Farm ","2 YO Colt Pace "
"8/6/19","Yonkers Raceway","LINK||http://replays.robertsstream.com/racereplays/cust/nyss.php?play=MjAxOTA4MDYxOTQyWU9OMw==","Ideal Perception ","Alagnafrankinthegym Stable - NJ, Joe Sbrocco, Vj Stable, Leblanc And Head Partners","Steve Jones","2 YO Colt Pace "
"8/6/19","Yonkers Raceway","LINK||http://replays.robertsstream.com/racereplays/cust/nyss.php?play=MjAxOTA4MDYyMDUzWU9ONg==","I Rolled the Dice ","Howard Taylor","Howard Taylor","2 YO Colt Pace "
"8/7/19","Batavia Downs","LINK||http://replays.robertsstream.com/racereplays/cust/nyss.php?play=MjAxOTA4MDcxNjU5QlROMQ==","Crazy for Cj","Chasing Dreams Stable","K R Breeding LLC ","2 YO Colt Trot"
"8/7/19","Batavia Downs","LINK||http://replays.robertsstream.com/racereplays/cust/nyss.php?play=MjAxOTA4MDcxNzE4QlROMg==","Book Seven ","Stroy Inc. ","Winbak Farm ","2 YO Colt Trot"
"8/7/19","Batavia Downs","LINK||http://replays.robertsstream.com/racereplays/cust/nyss.php?play=MjAxOTA4MDcxODAxQlRONA==","All Profit","Andy Miller Stable Inc, Kapildeo Singh","Steve Jones ","2 YO Colt Trot"
"8/7/19","Batavia Downs","LINK||http://replays.robertsstream.com/racereplays/cust/nyss.php?play=MjAxOTA4MDcxOTI3QlROOA==","Discus Hanove ","Philip Hale, David Dewhurst","Hanover Shoe Farms Inc","2 YO Colt Trot"
"8/8/19","Vernon Downs","LINK||http://replays.robertsstream.com/racereplays/cust/nyss.php?play=MjAxOTA4MDgxODA5VlJOMQ==","Jenny Lake ","Ronald La Clair, Jessica Okusko","David Firmstone","3 YO Filly Trot"
"8/8/19","Vernon Downs","LINK||http://replays.robertsstream.com/racereplays/cust/nyss.php?play=MjAxOTA4MDgxOTQyVlJONg==","Hanna Dreamgirl","Kenneth Jacobs","Winbak Farm ","3 YO Filly Trot"
"8/8/19","Vernon Downs","LINK||http://replays.robertsstream.com/racereplays/cust/nyss.php?play=MjAxOTA4MDgyMDAxVlJONw==","Ev's Girl","Andy Miller Stable Inc, Harvey Eisman, Little E LLC ","K R Breeding LLC ","3 YO Filly Trot"
"8/8/19","Vernon Downs","LINK||http://replays.robertsstream.com/racereplays/cust/nyss.php?play=MjAxOTA4MDgyMTQwWU9OOA==","Crystalline","Raymond Campbell Jr","Raymond Campbell Jr","3 YO Filly Trot"
"8/8/19","Vernon Downs","LINK||http://replays.robertsstream.com/racereplays/cust/nyss.php?play=MjAxOTA4MDgyMTIwVlJOMTE=","Lady Rapid Ash","Connie Hochstetler ","Connie Hochstetler ","3 YO Filly Trot"
"8/10/19","Saratoga Harness","LINK||http://replays.robertsstream.com/racereplays/cust/nyss.php?play=MjAxOTA4MTAxOTA0U1JOMQ==","Labadee As","Acl Stuteri Ab ","Acl Stuteri Ab ","2 YO Colt Trot"
"8/10/19","Saratoga Harness","LINK||http://replays.robertsstream.com/racereplays/cust/nyss.php?play=MjAxOTA4MTAyMDU1U1JONw==","Excuseme","John Stark Jr, Thomas Mc Tygue, David Smith, James Giannuzzi ","David Smith, John Stark Jr, James Giannuzzi ","2 YO Colt Trot"
"8/10/19","Saratoga Harness","LINK||http://replays.robertsstream.com/racereplays/cust/nyss.php?play=MjAxOTA4MTAyMjEwU1JOMTE=","Lucky June Bug","Michael Pozefsky, William Pozefsky, Myron Ekstein","Samuel Stoltzfus Jr. ","2 YO Colt Trot"
"8/10/19","Saratoga Harness","LINK||http://replays.robertsstream.com/racereplays/cust/nyss.php?play=MjAxOTA4MTAyMjQ3U1JOMTM=","Summer Chrome ","Toni Mogensen, Loren Faulkner","Roy Dobbins ","2 YO Colt Trot"
"8/10/19","Saratoga Harness","LINK||http://replays.robertsstream.com/racereplays/cust/nyss.php?play=MjAxOTA4MTAyMzA2U1JOMTQ=","Another Newyorker","John Hallett, Jeanne Zukowski, L Oglesby ","Arden Homestead Stable, Frank Baldassare ","2 YO Colt Trot"
"8/12/19","Monticello Raceway","LINK||http://replays.robertsstream.com/racereplays/cust/nyss.php?play=MjAxOTA4MTIxMzE0TVJEMg==","Dogs of War","Chris Lawton, Dale Lawton","Margaret Payne, Jennifer Falcone ","2 YO Filly Trot"
"8/12/19","Monticello Raceway","LINK||http://replays.robertsstream.com/racereplays/cust/nyss.php?play=MjAxOTA4MTIxMzMxTVJEMw==","C & T's Credit","Matthew Bencic, Peter Barbato","Winbak Farm ","2 YO Filly Trot"
"8/12/19","Monticello Raceway","LINK||http://replays.robertsstream.com/racereplays/cust/nyss.php?play=MjAxOTA4MTIxMzU2TVJENA==","Some Crazy Fool ","Chris Lawton, Dale Lawton","Morrisville Col Fdn Inc ","2 YO Filly Trot"
"8/12/19","Monticello Raceway","LINK||http://replays.robertsstream.com/racereplays/cust/nyss.php?play=MjAxOTA4MTIxNDE5TVJENQ==","Lady Jeter","Ann-Mari Daley, James Crawford IV, Donald Brenner","Salt Hill Farm LTD","2 YO Filly Trot"
"8/12/19","Monticello Raceway","LINK||http://replays.robertsstream.com/racereplays/cust/nyss.php?play=MjAxOTA4MTIxNDQxTVJENg==","Nasty Gal","Deborah Brunet, Patricia Crawford ","Gates Brunet, Patricia Crawford","2 YO Filly Trot"
"8/14/19","Batavia Downs","LINK||http://replays.robertsstream.com/racereplays/cust/nyss.php?play=MjAxOTA4MTQxNjU5QlROMQ==","Lookatmyart","Thomas Finelli ","Thomas Finelli ","2 YO Filly Pace"
"8/14/19","Batavia Downs","LINK||http://replays.robertsstream.com/racereplays/cust/nyss.php?play=MjAxOTA4MTQxNzM2QlROMw==","Alleyesonme As","Anette Lorentzon, Acl Stuteri Ab","Anette Lorentzon, Acl Stuteri Ab","2 YO Filly Pace"
"8/14/19","Batavia Downs","LINK||http://replays.robertsstream.com/racereplays/cust/nyss.php?play=MjAxOTA4MTQxODU1QlRONw==","Charm and Grace","John Dwyer ","Kentuckiana Farms LLC, Marvin Katz","2 YO Filly Pace"
"8/14/19","Batavia Downs","LINK||http://replays.robertsstream.com/racereplays/cust/nyss.php?play=MjAxOTA4MTQxOTM0QlROOQ==","Hen Party","W Donovan ","Frederick Hertrich III ","2 YO Filly Pace"
"8/19/19","Monticello Raceway","LINK||http://replays.robertsstream.com/racereplays/cust/nyss.php?play=MjAxOTA4MTkxMzE0TVJEMg==","Crazy for Cj","Chasing Dreams Stable","K R Breeding LLC","2 YO Colt Trot"
"8/19/19","Monticello Raceway","LINK||http://replays.robertsstream.com/racereplays/cust/nyss.php?play=MjAxOTA4MTkxMzQwTVJEMw==","Clear Sailing ","Ann-Mari Daley, James Crawford IV, Donald Brenner","John Lengacher Jr","2 YO Colt Trot"
"8/19/19","Monticello Raceway","LINK||http://replays.robertsstream.com/racereplays/cust/nyss.php?play=MjAxOTA4MTkxNDM4TVJENg==","Conquest As","Acl Stuteri Ab ","Acl Stuteri Ab ","2 YO Colt Trot"
"8/19/19","Monticello Raceway","LINK||http://replays.robertsstream.com/racereplays/cust/nyss.php?play=MjAxOTA4MTkxNTIwTVJEOA==","Discus Hanover","Philip Hale, David Dewhurst ","Hanover Shoe Farms Inc","2 YO Colt Trot"
"8/21/19","Saratoga Harness","LINK||http://replays.robertsstream.com/racereplays/cust/nyss.php?play=MjAxOTA4MjExOTIxU1JOMg==","Ladyboss","M And L Of Delaware LLC ","Winbak Farm ","2 YO Filly Pace "
"8/21/19","Saratoga Harness","LINK||http://replays.robertsstream.com/racereplays/cust/nyss.php?play=MjAxOTA4MjEyMDE1U1JONQ==","Alleyesonme As","Anette Lorentzon, Acl Stuteri Ab ","Anette Lorentzon, Acl Stuteri Ab ","2 YO Filly Pace "
"8/21/19","Saratoga Harness","LINK||http://replays.robertsstream.com/racereplays/cust/nyss.php?play=MjAxOTA4MjEyMjExU1JOMTE=","Special Achiever","Melvyn Colby","Theodore Colby, Susan Colby ","2 YO Filly Pace "
"8/21/19","Saratoga Harness","LINK||http://replays.robertsstream.com/racereplays/cust/nyss.php?play=MjAxOTA4MjEyMjQ3U1JOMTM=","Leave`eminstitches","Fletcher Davis, Michael Euto","Fletcher Davis, Michael Euto","2 YO Filly Pace "
"8/21/19","Saratoga Harness","LINK||http://replays.robertsstream.com/racereplays/cust/nyss.php?play=MjAxOTA4MjEyMzA0U1JOMTQ=","Special Graduate ","Robert Sholes, Edward Davis, David Dziengiel","4 For 3 Stable","2 YO Filly Pace "
"8/22/19","Yonkers Raceway","LINK||http://replays.robertsstream.com/racereplays/cust/nyss.php?play=MjAxOTA4MjIxODQ5WU9OMQ==","Nasty Gal ","Deborah Brunet, Patricia Crawford","Patricia Crawford","2 YO Filly Trot"
"8/22/19","Yonkers Raceway","LINK||http://replays.robertsstream.com/racereplays/cust/nyss.php?play=MjAxOTA4MjIxOTM4WU9OMw==","Starrystarrynight","W Donovan","David Hanson","2 YO Filly Trot"
"8/23/19","Batavia Downs ","LINK||http://replays.robertsstream.com/racereplays/cust/nyss.php?play=MjAxOTA4MjMxODA0QlROMQ==","Reckless Image ","Philip Hale, David Dewhurst ","Karen Carroll ","3 YO Filly Trot "
"8/23/19","Batavia Downs","LINK||http://replays.robertsstream.com/racereplays/cust/nyss.php?play=MjAxOTA4MjMxOTA3QlRONA==","Qiss Me Blue Chip","Rick Zeron Stables, James Walker, Noblock Racing Stable, Blue Chip Bloodstock Inc ","Ray Schnittker, Theodore Gewertz, Charles Iannazzo, Blue Chip Bloodstock Inc ","3 YO Filly Trot"
"8/23/19","Batavia Downs","LINK||http://replays.robertsstream.com/racereplays/cust/nyss.php?play=MjAxOTA4MjMyMDM2QlROOA==","Amal Hall","Andy Miller Stable Inc, Gty Stable, Dumain Haven Farm","Walnut Hall Limited","3 YO Filly Trot"
"8/24/19","Batavia Downs ","LINK||http://replays.robertsstream.com/racereplays/cust/nyss.php?play=MjAxOTA4MjQxOTU2QlRONw==","JNR Express","James S De Armond, Marcy,Russell J Young, Westmoreland","","3 YO Colt Trot"
"8/24/19","Batavia Downs ","","Lucky June Bug","Michael L Pozefsky, William Pozefsky,Myron Ekstein","Samuel Stoltzfus Jr. ","3 YO Colt Trot"
"8/27/19","Saratoga Harness","LINK||http://replays.robertsstream.com/racereplays/cust/nyss.php?play=MjAxOTA4MjcyMDAzU1JONA==","Book Seven","Stroy Inc","Winbak Farm ","2 YO Colt Trot"
"8/27/19","Saratoga Harness","LINK||http://replays.robertsstream.com/racereplays/cust/nyss.php?play=MjAxOTA4MjcyMTAwU1JONw==","Discus Hanover","Philip K Hale, David M Dewhurst","Hanover Shoe Farms Inc","2 YO Colt Trot"
"8/27/19","Saratoga Harness","LINK||http://replays.robertsstream.com/racereplays/cust/nyss.php?play=MjAxOTA4MjcyMTU2U1JOMTA=","Conquest AS","Acl Stuteri Ab","Acl Stuteri Ab","2 YO Colt Trot"
"8/27/19","Saratoga Harness","LINK||http://replays.robertsstream.com/racereplays/cust/nyss.php?play=MjAxOTA4MjcyMjE0U1JOMTE=","Rocky Point","Jody B Weidman, Thomas Little","","2 YO Colt Trot"
"8/28/19","Batavia Downs ","LINK||http://replays.robertsstream.com/racereplays/cust/nyss.php?play=MjAxOTA4MjgxNjU5QlROMQ==","Topville Angelina ","Ervin Miller Stable Inc, Michael Anderson, George Golemes","Robert Hamather","3 YO Filly Pace "
"8/28/19","Batavia Downs","LINK||http://replays.robertsstream.com/racereplays/cust/nyss.php?play=MjAxOTA4MjgxOTE0QlROOA==","Somewhere So Faire","Faire Oaks Farm ","Oakhurst Farms","3 YO Filly Pace "
"8/29/19","Yonkers Raceway","LINK||http://replays.robertsstream.com/racereplays/cust/nyss.php?play=MjAxOTA4MjkxODQ4WU9OMQ==","Century Ferrari","Ervin Miller Stable Inc, Michael Anderson, Tangie Massey, Neil Cumsky","Brittany Farms LLC ","3 YO Colt Pace "
"8/29/19","Yonkers Raceway","LINK||http://replays.robertsstream.com/racereplays/cust/nyss.php?play=MjAxOTA4MjkxOTM1WU9OMw==","Murrow Boy ","Radio Racing Stable, Polger Holdings LLC, Fred Wallace, Little E LLC ","Stake Your Claim Stable, Linwood Higgins","3 YO Colt Pace "
"8/30/19","Vernon Downs ","LINK||http://replays.robertsstream.com/racereplays/cust/nyss.php?play=MjAxOTA4MzAxOTAyVlJONA==","Leave`eminstitches ","Fletcher Davis, Michael Euto","Fletcher Davis, Michael Euto","2 YO Filly Pace "
"8/30/19","Vernon Downs ","LINK||http://replays.robertsstream.com/racereplays/cust/nyss.php?play=MjAxOTA4MzAxOTIxVlJONQ==","Lookatmyart","Thomas Finelli","Thomas Finelli","2 YO Filly Pace "
"8/30/19","Vernon Downs ","LINK||http://replays.robertsstream.com/racereplays/cust/nyss.php?play=MjAxOTA4MzAxOTM5VlJONg==","Charm and Grace","John Dwyer","Kentuckiana Farms LLC, Marvin Katz","2 YO Filly Pace "
"8/30/19","Vernon Downs ","LINK||http://replays.robertsstream.com/racereplays/cust/nyss.php?play=MjAxOTA4MzAyMDUwVlJOMTA=","Dee Dee Kay ","Michael Kessler, Marthe Drolet","30 Plus Stable, Glenn Bechtel","2 YO Filly Pace "
"8/30/19","Vernon Downs ","LINK||http://replays.robertsstream.com/racereplays/cust/nyss.php?play=MjAxOTA4MzAyMTA3VlJOMTE=","Alleyesonme As","Anette Lorentzon, Acl Stuteri Ab ","Anette Lorentzon, Acl Stuteri Ab","2 YO Filly Pace "
"9/3/19","Yonkers Raceway","LINK||http://replays.robertsstream.com/racereplays/cust/nyss.php?play=MjAxOTA5MDMxOTE2WU9OMg==","Conquest As","Acl Stuteri Ab","Acl Stuteri Ab","2 YO Colt Trot "
"9/3/19","Yonkers Raceway","LINK||http://replays.robertsstream.com/racereplays/cust/nyss.php?play=MjAxOTA5MDMxOTQwWU9OMw==","Book Seven ","Stroy Inc, Andy Miller Stable Inc ","Winbak Farm ","2 YO Colt Trot "
