" Date"," Track "," Video"," Horse"," Owner"," Breeder ","Event"
"5/7/19","Yonkers Raceway ","LINK||<!--  /* Font Definitions */  @font-face 	{font-family:Cambria Math; 	panose-1:2 4 5 3 5 4 6 3 2 4; 	mso-font-charset:0; 	mso-generic-font-family:roman; 	mso-font-pitch:variable; 	mso-font-signature:-536870145 1107305727 0 0 415 0;} @font-face 	{font-family:Calibri; 	panose-1:2 15 5 2 2 2 4 3 2 4; 	mso-font-charset:0; 	mso-generic-font-family:swiss; 	mso-font-pitch:variable; 	mso-font-signature:-536870145 1073786111 1 0 415 0;}  /* Style Definitions */  p.MsoNormal","Hanna Dreamgirl","Kenneth Jacobs","Winbak Farm","3 YO Filly Trot"
"5/7/19","Yonkers Raceway ","LINK||http://replays.robertsstream.com/racereplays/cust/nyss.php?play=MjAxOTA1MDcxOTM2WU9OMw==","With Out A Doubt","Ross Bonafield, Robert Mc Carthy, James Moran","Ross Bonafield, Glenn Bechtel","3 YO Filly Trot"
"5/7/19","Yonkers Raceway","LINK||http://replays.robertsstream.com/racereplays/cust/nyss.php?play=MjAxOTA1MDcyMTIwWU9ONw==","Winndevie","Purple Haze Stables LLC","Joie De Vie Farm LLC","3 YO Filly Trot"
"5/10/19","Vernon Downs","LINK||http://replays.robertsstream.com/racereplays/cust/nyss.php?play=MjAxOTA1MTAxOTI0VlJONQ==","Winnerup","Purple Haze Stables LLC","C Mullinax, Noel Daley, Blue Chip Bloodstock Inc","3 YO Colt Trot"
"5/10/19","Vernon Downs","LINK||http://replays.robertsstream.com/racereplays/cust/nyss.php?play=MjAxOTA1MTAyMDIxVlJOOA==","Mr Vicktor","Joseph Lee, Diamond Pride LLC, Sholty Racing LLC","George K Miller","3 YO Colt Trot"
"5/13/19","Monticello Raceway ","LINK||http://replays.robertsstream.com/racereplays/cust/nyss.php?play=MjAxOTA1MTMxMjQ3TVJEMQ==","Hickfromfrenchlick","Ray Schnittker, Nolamaura Racing LLC, Thomas Spatorico","Steve Jones","3 YO Colt Pace"
"5/13/19","Monticello Raceway ","LINK||http://replays.robertsstream.com/racereplays/cust/nyss.php?play=MjAxOTA1MTMxMzUyTVJENA==","Major March","Bay Pond Racing Stable","Winbak Farm","3 YO Colt Pace"
"5/13/19","Monticello Raceway ","LINK||http://replays.robertsstream.com/racereplays/cust/nyss.php?play=MjAxOTA1MTMxNTAwTVJENw==","Rollwithpapajoe","Barbara Bongiorno Stb LLC, Bill Lambos, Dionisios Liberatos","Bill Lambos, Barbara Bongiorno, Dionisios Liberatos","3 YO Colt Pace"
"5/14/19","Yonkers Raceway ","LINK||http://replays.robertsstream.com/racereplays/cust/nyss.php?play=MjAxOTA1MTQyMTU5WU9OOQ==","Zero Tolerance ","Val D`Or Farms, Theodore Gewertz","Winbak Farm","3 YO Filly Pace"
"5/14/19","Yonkers Raceway ","LINK||http://replays.robertsstream.com/racereplays/cust/nyss.php?play=MjAxOTA1MTQyMjI0WU9OMTA=","Brooklyn Lilacs ","Crawford Farms Racing","Crawford Farms LLC","3 YO Filly Pace"
"5/17/19","Vernon Downs","LINK||http://replays.robertsstream.com/racereplays/cust/nyss.php?play=MjAxOTA1MTcxOTAzVlJONA==","Amal Hall","Andy Miller Stable Inc, Gty Stable, Dumain Haven Farm","Walnut Hall Limited","3 YO Filly Trot"
"5/17/19","Vernon Downs","LINK||http://replays.robertsstream.com/racereplays/cust/nyss.php?play=MjAxOTA1MTcxOTU4VlJONw==","Quincy Blue Chip","Blue Chip Bloodstock Inc","Blue Chip Bloodstock Inc","3 YO Filly Trot"
"5/26/19","Saratoga Harness Raceway","LINK||http://replays.robertsstream.com/racereplays/cust/nyss.php?play=MjAxOTA1MjYxMTU4U1JOMQ==","Fromthestartagain","John Grasso Stable Inc","John Grasso Stable Inc","3 YO Colt Pace"
"6/3/19","Monticello Raceway","LINK||http://replays.robertsstream.com/racereplays/cust/nyss.php?play=MjAxOTA2MDMxMjQ3TVJEMQ==","Winnerup","Purple Haze Stables LLC","C Mullinax, Noel Daley, Blue Chip Bloodstock Inc","3 YO Colt Trot"
"6/3/19","Monticello Raceway ","LINK||http://replays.robertsstream.com/racereplays/cust/nyss.php?play=MjAxOTA2MDMxNDM0TVJENg==","Mr Vicktor","Robert Santagata, Jennifer Lappe, Diamond Pride LLC, Joseph Lee","George K Miller","3 YO Colt Trot"
"6/3/19","Monticello Raceway ","LINK||http://replays.robertsstream.com/racereplays/cust/nyss.php?play=MjAxOTA2MDMxNTMyTVJEOQ==","Travel Winner ","James Fleming ","Winbak Farm ","3 YO Colt Trot "
"6/5/19","Buffalo Raceway ","LINK||http://replays.robertsstream.com/racereplays/cust/nyss.php?play=MjAxOTA2MDUxODI2QlVONg==","American Mercury ","Crawford Farms Racing, Northfork Racing Stable, Chuck Pompey, Scott Bice","Steve Stewart, Julie Nash, Charles Nash","3 YO Colt Pace "
"6/9/19","Saratoga Harness","LINK||: http://replays.robertsstream.com/racereplays/cust/nyss.php?play=MjAxOTA2MDkxMzEwU1JONQ==","Sweet Chapter","Hutt Racing Stable, Blake Macintosh, Mortgage Boys Stable","Winbak Farm","3 YO Filly Trot"
"6/9/19","Saratoga Harness","LINK||http://replays.robertsstream.com/racereplays/cust/nyss.php?","Quincy Blue Chip","Blue Chip Bloodstock, Inc. ","Blue Chip Bloodstock, Inc. ","3 Yo Filly Trot"
"6/10/19","Tioga Downs","LINK||http://replays.robertsstream.com/racereplays/cust/nyss.php?play=MjAxOTA2MTAxNDIzVFFONg==","Dd Delicious","Fiddler`s Creek Stables LLC ","Fiddler`s Creek Stables LLC ","3 YO Filly Pace"
"6/10/19","Tioga Downs ","LINK||http://replays.robertsstream.com/racereplays/cust/nyss.php?play=MjAxOTA2MTAxNTM3VFFOMTA=","Zero Tolerance","Val D`Or Farms, Theodore Gewertz","Winbak Farm","3 YO Filly Pace"
"6/12/19","Buffalo Raceway ","LINK||http://replays.robertsstream.com/racereplays/cust/nyss.php?play=MjAxOTA2MTIxNjU5QlVOMQ==","Our White Knight","Zippett Racing Stable","Dunroven Stud LLC","3 YO Colt Trot "
"6/12/19","Buffalo Raceway ","LINK||http://replays.robertsstream.com/racereplays/cust/nyss.php?play=MjAxOTA2MTIxODExQlVONQ==","Mr Vicktor","Robert Santagata, Jennifer Lappe, Diamond Pride LLC, Joseph Lee","George K Miller","3 YO Colt Trot"
"6/16/19","Tioga Downs","LINK||http://replays.robertsstream.com/racereplays/cust/nyss.php?play=MjAxOTA2MTYxMzE2VFFOMg==","Hickfromfrenchlick","Ray Schnittker, Nolamaura Racing LLC, Thomas Spatorico","Steve Jones","3 YO Colt Pace"
"6/16/19","Tioga Downs","LINK||http://replays.robertsstream.com/racereplays/cust/nyss.php?play=MjAxOTA2MTYxMzU0VFFONA==","Buddy Hill ","Tom Hill","Tom Hill","3 YO Colt Pace"
"6/16/19","Tioga Downs","LINK||http://replays.robertsstream.com/racereplays/cust/nyss.php?play=MjAxOTA2MTYxNDI5VFFONg==","Major March ","Bay Pond Racing Stable","Winbak Farm","3 YO Colt Pace"
"6/19/19","Buffalo Raceway ","LINK||http://replays.robertsstream.com/racereplays/cust/nyss.php?play=MjAxOTA2MTkxNjU5QlVOMQ==","Jk American Beauty","3 Brothers Stables","3 Brothers Stables","3 YO Filly Pace"
"6/19/19","Buffalo Raceway ","LINK||http://replays.robertsstream.com/racereplays/cust/nyss.php?play=MjAxOTA2MTkxNzE3QlVOMg==","So Awesome ","William Hartt","The Ok Corral","3 YO Filly Pace"
"6/20/19","Yonkers Raceway","LINK||http://replays.robertsstream.com/racereplays/cust/nyss.php?play=MjAxOTA2MjAxODQ5WU9OMQ==","Cake Daddy ","Homer Hochstetler, Connie Hochstetler, Daniel Plesac","Southwind Farms LLC","2 YO Colt Pace"
"6/20/19","Yonkers Raceway ","LINK||http://replays.robertsstream.com/racereplays/cust/nyss.php?play=MjAxOTA2MjAxOTQxWU9OMw==","Sandy's Bolt ","Blindswitch Racing Stable, Dolne Farm Services LLC, Gary Axelrod, Denise Dennis","Joel Miller","2 YO Colt Pace"
"6/20/19","Yonkers Raceway ","LINK||http://replays.robertsstream.com/racereplays/cust/nyss.php?play=MjAxOTA2MjAyMDI0WU9ONQ==","Cigars And Port","Ray Schnittker, Nolamaura Racing LLC, Theodore Gewertz, Steven Arnold","Steve Jones","2 YO Colt Pace"
"6/20/19","Yonkers Raceway ","LINK||http://replays.robertsstream.com/racereplays/cust/nyss.php?play=MjAxOTA2MjAyMDQ0WU9ONg==","Groovy Joe ","Hutt Racing Stable, Blake Macintosh","Winbak Farm ","2 YO Colt Pace "
"6/23/19","Buffalo Raceway ","LINK||http://replays.robertsstream.com/racereplays/cust/nyss.php?play=MjAxOTA2MjMxMzQwQlVONQ==","Winndevie","Purple Haze Stables LLC","Joie De Vie Farm LLC","3 YO Filly Trot"
"6/23/19","Buffalo Raceway ","LINK||http://replays.robertsstream.com/racereplays/cust/nyss.php?play=MjAxOTA2MjMxNDE1QlVONw==","Sensibility","W Donovan, Joe Sbrocco, Jim Winske, George Ducharme Stable LLC","Glengate Farms","3 YO Filly Trot"
"6/24/19","Monticello Raceway ","LINK||http://replays.robertsstream.com/racereplays/cust/nyss.php?play=MjAxOTA2MjQxNDE3TVJENQ==","Hidden Cove ","Ervin Miller Stable Inc, Louis Willinger, George Golemes, D Van Witzenburg","Winbak Farm ","2 YO Filly Pace "
"6/24/19","Monticello Raceway ","LINK||http://replays.robertsstream.com/racereplays/cust/nyss.php?play=MjAxOTA2MjQxNDU2TVJENw==","So Rude ","Triple D Stables Inc, Michael Ferriero","Steve Jones","2 YO Filly Pace "
"6/24/19","Monticello Raceway ","LINK||http://replays.robertsstream.com/racereplays/cust/nyss.php?play=MjAxOTA2MjQxNTE5TVJEOA==","Bolt Of Beauty ","Ervin Miller Stable Inc, Tanah Merah Farms LLC, Sara Miller","Winbak Farm ","2 YO Filly Pace "
"6/24/19","Monticello Raceway ","LINK||http://replays.robertsstream.com/racereplays/cust/nyss.php?play=MjAxOTA2MjQxNTM5TVJEOQ==","Cash Roll ","Louis Palumbo","Frederick Hertrich III","2 YO Filly Pace "
"6/25/19","Yonkers Raceway ","LINK||http://replays.robertsstream.com/racereplays/cust/nyss.php?play=MjAxOTA2MjUyMDIwWU9ONQ==","Livinonthedash","Ervin Miller Stable Inc, David Prushnok, Tangie Massey","Steve Stewart, John Carver","3 YO Colt Trot "
"6/25/19","Yonkers Raceway ","LINK||http://replays.robertsstream.com/racereplays/cust/nyss.php?play=MjAxOTA2MjUyMDQxWU9ONg==","Mr Vicktor","Robert Santagata, Jennifer Lappe, Diamond Pride LLC, Joseph Lee","George K Miller","3 YO Colt Trot "
"6/26/19","Buffalo Raceway","LINK||http://replays.robertsstream.com/racereplays/cust/nyss.php?play=MjAxOTA2MjYxNzE4QlVOMg==","Sorprese ","Crawford Farms Racing, James Crawford IV, Ann-Mari Daley","Crawford Farms LLC","2 YO Filly Trot "
"6/26/19","Buffalo Raceway ","LINK||http://replays.robertsstream.com/racereplays/cust/nyss.php?play=MjAxOTA2MjYxODEzQlVONQ==","Hushabye","Blake Macintosh, Steve Heimbecker, Mortgage Boys Stable, Hushabye Stables","Windsong Stable","2 YO Filly Trot"
"6/26/19","Buffalo Raceway ","LINK||http://replays.robertsstream.com/racereplays/cust/nyss.php?play=MjAxOTA2MjYxODMyQlVONg==","Love A Good Story ","Pinske Stables, Kentuckiana Racing Stable","Celebrity Farms ","2 YO Filly Trot"
"6/26/19","Buffalo Raceway ","LINK||http://replays.robertsstream.com/racereplays/cust/nyss.php?play=MjAxOTA2MjYxOTA3QlVOOA==","Really Blue Chip ","Thestable Really Bluechip","Blue Chip Bloodstock Inc","2 YO Filly Trot "
"6/27/19","Yonkers Raceway","LINK||http://replays.robertsstream.com/racereplays/cust/nyss.php?play=MjAxOTA2MjcyMDIyWU9ONQ==","American Mercury","Crawford Farms Racing","Steve Stewart","3 YO Colt Pace "
"6/27/19","Yonkers Raceway ","LINK||http://replays.robertsstream.com/racereplays/cust/nyss.php?play=MjAxOTA2MjcyMDQyWU9ONg==","Rollwithpapajoe","Barbara Bongiorno Stable LLC","Bill Lambos","3 YO Colt Pace "
"6/28/19","Yonkers Raceway ","LINK||http://replays.robertsstream.com/racereplays/cust/nyss.php?play=MjAxOTA2MjgyMDQ2WU9ONg==","Brooklyn Lilacs","Crawford Farms Racing","Crawford Farms LLC","3 YO Filly Pace"
"6/28/19","Yonkers Raceway ","LINK||http://replays.robertsstream.com/racereplays/cust/nyss.php?play=MjAxOTA2MjgyMTEwWU9ONw==","Chase You","Ted Cupp ","Ted Cupp","3 YO Filly Pace "
"6/30/19","Tioga Downs ","LINK||http://replays.robertsstream.com/racereplays/cust/nyss.php?play=MjAxOTA2MzAxNDI5VFFONg==","Sky Castles ","Robert Key","Robert Key","2 YO Colt Trot "
"6/30/19","Tioga Downs ","LINK||http://replays.robertsstream.com/racereplays/cust/nyss.php?play=MjAxOTA2MzAxNTI3VFFOOQ==","Third Shift ","Mellby Gard Inc","Winbak Farm ","2 YO Colt Trot "
"7/1/19","Monticello Raceway ","LINK||http://replays.robertsstream.com/racereplays/cust/nyss.php?play=MjAxOTA3MDExMzUzTVJENA==","Sandy`s Bolt","Blindswitch Racing Stable, Dolne Farm Services LLC, Gary Axelrod, Denise Dennis","Joel Miller","2 YO Colt Pace "
"7/1/19","Monticello Raceway ","LINK||http://replays.robertsstream.com/racereplays/cust/nyss.php?play=MjAxOTA3MDExNDExTVJENQ==","Always On The Hunt","Ray Schnittker, Steven Arnold","Ray Schnittker","2 YO Colt Pace"
"7/1/19","Monticello Raceway ","LINK||http://replays.robertsstream.com/racereplays/cust/nyss.php?play=MjAxOTA3MDExNDM0TVJENg==","Save Me A Dance","Robert Key","Robert Key","2 YO Colt Pace "
"7/1/19","Monticello Raceway ","LINK||http://replays.robertsstream.com/racereplays/cust/nyss.php?play=MjAxOTA3MDExNDU0TVJENw==","Groovy Joe ","Hutt Racing Stable, Blake Macintosh","Winbak Farm ","2 YO Colt Pace "
"7/3/19","Buffalo Raceway ","LINK||http://replays.robertsstream.com/racereplays/cust/nyss.php?play=MjAxOTA3MDMxNzU3QlVONA==","Fashion Hill ","Tom Hill","Tom Hill ","2 YO Filly Pace "
"7/3/19","Buffalo Raceway ","LINK||http://replays.robertsstream.com/racereplays/cust/nyss.php?play=MjAxOTA3MDMxODMyQlVONg==","Racine Bell ","Chris Lawton, Dale Lawton","Jim Winske ","2 YO Filly Pace"
"7/4/19","Tioga Downs ","LINK||http://replays.robertsstream.com/racereplays/cust/nyss.php?play=MjAxOTA3MDQxMzM5VFFOMw==","Hypnotic Am","Courant Inc","Courant A B","2 YO Filly Trot "
"7/4/19","Tioga Downs ","LINK||http://replays.robertsstream.com/racereplays/cust/nyss.php?play=MjAxOTA3MDQxNDIzVFFONQ==","Love A Good Story","Pinske Stables, Kentuckiana Racing Stable","Celebrity Farms ","2 YO Filly Trot "
"7/4/19","Tioga Downs ","LINK||http://replays.robertsstream.com/racereplays/cust/nyss.php?play=MjAxOTA3MDQxNTI4VFFOOA==","Senorita Rita","Kenneth Jacobs","Our Horse Cents Stables","2 YO Filly Trot "
"7/4/19","Tioga Downs ","LINK||http://replays.robertsstream.com/racereplays/cust/nyss.php?play=MjAxOTA3MDQxNjA1VFFOMTA=","Miss Jubilation","Ake Svanstedt Inc, Little E LLC, Triple Play Trotters LLC","Brittany Farms LLC","2 YO Filly Trot "
"7/8/19","Yonkers Raceway ","LINK||http://replays.robertsstream.com/racereplays/cust/nyss.php?play=MjAxOTA3MDgyMDIyWU9ONQ==","Berkery J","Kenneth Jacobs","Blue Chip Bloodstock Inc","2 YO Colt Trot "
"7/8/19","Yonkers Raceway ","LINK||http://replays.robertsstream.com/racereplays/cust/nyss.php?play=MjAxOTA3MDgyMDQ4WU9ONg==","Beerthirty K","Don Atlas","Arden Homestead Stable, Frank Baldassare","2 YO Colt Trot "
"7/10/19","Buffalo Raceway ","LINK||http://replays.robertsstream.com/racereplays/cust/nyss.php?play=MjAxOTA3MTAxODE3QlVONQ==","Groovy Joe ","Hutt Racing Stable, Blake Macintosh","Winbak Farm ","2 YO Colt Pace"
"7/10/19","Buffalo Raceway ","LINK||http://replays.robertsstream.com/racereplays/cust/nyss.php?play=MjAxOTA3MTAxODUzQlVONw==","Oreo Dream Xtreme","Crawford Farms Racing, James Crawford IV, Happy Hour Racing, Rich Preziotti","Crawford Farms LLC","2 YO Colt Pace "
"7/11/19","Yonkers Raceway ","LINK||http://replays.robertsstream.com/racereplays/cust/nyss.php?play=MjAxOTA3MTExODQ5WU9OMQ==","The Fun Marshall ","Richard Silverman, Mary Kinsey Arnold, Edward Mcenery, Michael Gluckman","Steve Jones","2 YO Filly Pace "
"7/11/19","Yonkers Raceway ","LINK||http://replays.robertsstream.com/racereplays/cust/nyss.php?play=MjAxOTA3MTEyMDQxWU9ONg==","Merga Hanover ","Thomas Dillon, Scott Dillon, Joe Sbrocco, W Donovan","Hanover Shoe Farms Inc","2 YO Filly Pace "
"7/11/19","Yonkers Raceway ","LINK||http://replays.robertsstream.com/racereplays/cust/nyss.php?play=MjAxOTA3MTEyMTA4WU9ONw==","Galleria Gal ","Theresa Donnelly, Fernando Amesti Jr.","Kentuckiana Farms LLC","2 YO Filly Pace "
"7/11/19","Yonkers Raceway ","LINK||http://replays.robertsstream.com/racereplays/cust/nyss.php?play=MjAxOTA3MTEyMTM1WU9OOA==","Cash Roll ","Louis Palumbo","Frederick Hertrich III","2 YO Filly Pace "
"7/14/19","Tioga Downs ","LINK||http://replays.robertsstream.com/racereplays/cust/nyss.php?play=MjAxOTA3MTQxNDI2VFFONg==","Quincy Blue Chip ","Blue Chip Bloodstock Inc","Blue Chip Bloodstock Inc","3 YO Filly Trot "
"7/14/19","Tioga Downs ","LINK||http://replays.robertsstream.com/racereplays/cust/nyss.php?play=MjAxOTA3MTQxNDQyVFFONw==","Stella Jane ","Crawford Farms Racing","Crawford Farms LLC","3 YO Filly Trot "
"7/15/19","Monticello Raceway ","LINK||http://replays.robertsstream.com/racereplays/cust/nyss.php?play=MjAxOTA3MTUxMzA5TVJEMg==","Meghan Lynn ","Crawford Farms Racing","White Birch Farm","3 YO Filly Pace "
"7/16/19","Yonkers Raceway ","LINK||http://replays.robertsstream.com/racereplays/cust/nyss.php?play=MjAxOTA3MTYyMTI1WU9OOA==","Love A Good Story","Pinske Stables, Kentuckiana Racing Stable","Celebrity Farms ","2 YO Filly Trot "
"7/16/19","Yonkers Raceway ","LINK||http://replays.robertsstream.com/racereplays/cust/nyss.php?play=MjAxOTA3MTYyMTQ3WU9OOQ==","Munster ","Black Horse Racing, Wiesman Farms LLC","Blue Chip Bloodstock Inc, Herbert Burns III, Dr. Jacob Kiefer","2 YO Filly Trot "
"7/16/19","Yonkers Raceway ","LINK||http://replays.robertsstream.com/racereplays/cust/nyss.php?play=MjAxOTA3MTYyMjE3WU9OMTA=","Hypnotic Am","Courant Inc","Courant A B","2 YO Filly Trot "
"7/17/19","Buffalo Raceway ","LINK||http://replays.robertsstream.com/racereplays/cust/nyss.php?play=MjAxOTA3MTcxODA5QlVONQ==","Bourbon Express","Salvatore Vullo, James De Armond, Jessica Okusko","Annette Roydon","2 YO Colt Trot "
"7/17/19","Buffalo Raceway ","LINK||http://replays.robertsstream.com/racereplays/cust/nyss.php?play=MjAxOTA3MTcxODQ0QlVONw==","Saylor ","Doug Ackerman Stables Inc","Doug Ackerman Stables Inc","2 YO Colt Trot "
"7/18/19","Vernon Downs ","LINK||http://replays.robertsstream.com/racereplays/cust/nyss.php?play=MjAxOTA3MTgxOTU4VlJONw==","Shake That House ","Crawford Farms Racing, Alan Johnston, Northfork Racing Stable","Fair Winds Farm Inc","3 YO Colt Pace "
"7/18/19","Vernon Downs ","LINK||http://replays.robertsstream.com/racereplays/cust/nyss.php?play=MjAxOTA3MTgyMDMzVlJOOQ==","American Mercury","Crawford Farms Racing, Northfork Racing Stable, Chuck Pompey, Scott Bice","Steve Stewart, Julie Nash, Charles Nash","3 YO Colt Pace"
"7/19/19","Tioga Downs ","LINK||http://replays.robertsstream.com/racereplays/cust/nyss.php?play=MjAxOTA3MTkyMTA5VFFOOA==","Cavill Hanover ","Little E LLC, Wolfgang A Stable Inc, Borje Nasstrom","Hanover Shoe Farms Inc","3 YO Colt Trot"
"7/19/19","Tioga Downs","LINK||http://replays.robertsstream.com/racereplays/cust/nyss.php?play=MjAxOTA3MTkyMTQ5VFFOMTA=","Gimpanzee","Courant Inc, S R F Stable","Order by Stable","3 YO Colt Trot"
"7/20/19","Saratoga Harness ","LINK||http://replays.robertsstream.com/racereplays/cust/nyss.php?play=MjAxOTA3MjAyMDA0U1JOMQ==","Cake Daddy ","Homer Hochstetler, Connie Hochstetler, Daniel Plesac","Southwind Farms LLC","2 Yo Colt Pace"
"7/20/19","Saratoga Harness","LINK||http://replays.robertsstream.com/racereplays/cust/nyss.php?play=MjAxOTA3MjAyMTE5U1JONg==","American Rebel ","Harmon Racing Stable, Robert Robinson","Winbak Farm ","2 Yo Colt Pace"
"7/20/19","Saratoga Harness","LINK||http://replays.robertsstream.com/racereplays/cust/nyss.php?play=MjAxOTA3MjAyMjM4U1JOOQ==","Hurrikanekingjames ","Jonathan Klee Racing, Kuhen Racing LLC, Pegasis Investment Group, George Vierno","Our Horse Cents Stables","2 Yo Colt Pace"
"7/22/19","Tioga Downs","LINK||http://replays.robertsstream.com/racereplays/cust/nyss.php?play=MjAxOTA3MjIxMzQ0VFFONA==","Movie Town","Bay Pond Racing Stable ","Winbak Farm","2 TO Filly Pace"
"7/22/19","Tioga Downs","LINK||http://replays.robertsstream.com/racereplays/cust/nyss.php?play=MjAxOTA3MjIxNDMzVFFONw==","So Rude ","Geoffrey Lyons Mound, Glenn Goller ","Steve Jones ","2 TO Filly Pace"
"7/22/19","Tioga Downs","LINK||http://replays.robertsstream.com/racereplays/cust/nyss.php?play=MjAxOTA3MjIxNTA2VFFOOQ==","Turnthefrownaround ","Craig Henderson","Kentuckiana Farms LLC","2 TO Filly Pace"
"7/25/19","Vernon Downs","LINK||http://replays.robertsstream.com/racereplays/cust/nyss.php?play=MjAxOTA3MjUxOTM5VlJONg==","Barn Holden","Steven Pratt, Nancy Pratt, Purple Haze Stables LLC, Out In The Country Stable ","Steven Pratt, Nancy Pratt","2 YO Colt Trot"
"7/25/19","Vernon Downs","LINK||http://replays.robertsstream.com/racereplays/cust/nyss.php?play=MjAxOTA3MjUyMDM4VlJOOQ==","Third Shift","Mellby Gard Inc","Winbak Farm","2 YO Colt Trot"
"7/27/19","Yonkers Raceway","LINK||http://replays.robertsstream.com/racereplays/cust/nyss.php?play=MjAxOTA3MjcyMDU5WU9ONw==","Winnerup","Purple Haze Stables LLC","Noel Daley, Blue Chip Bloodstock Inc ","3 YO Colt Trot"
"7/27/19","Yonkers Raceway","LINK||http://replays.robertsstream.com/racereplays/cust/nyss.php?play=MjAxOTA3MjcyMTIyWU9OOA==","Livinonthedash","Ervin Miller Stable Inc, David Prushnok, Tangie Massey ","Steve Stewart, John Carver ","3 YO Colt Trot"
"7/28/19","Batavia Downs","LINK||http://replays.robertsstream.com/racereplays/cust/nyss.php?play=MjAxOTA3MjgxMzU1QlROMw==","Groovy Joe","Hutt Racing Stable, Blake Macintosh","Winbak Farm","2 YO Colt Pace"
"7/28/19","Batavia Downs","LINK||http://replays.robertsstream.com/racereplays/cust/nyss.php?play=MjAxOTA3MjgxNDM1QlRONQ==","Cigars and Port","Ray Schnittker, Nolamaura Racing LLC, Theodore Gewertz, Steven Arnold ","Steve Jones ","2 YO Colt Pace"
"7/28/19","Batavia Downs","LINK||http://replays.robertsstream.com/racereplays/cust/nyss.php?play=MjAxOTA3MjgxNTE2QlRONw==","Teton Sunset ","Ray Schnittker, David Pepin, Flintlock Farm Inc ","David Pepin, Flintlock Farm Inc ","2 YO Colt Pace"
"7/29/19","Monticello Raceway","LINK||http://replays.robertsstream.com/racereplays/cust/nyss.php?play=MjAxOTA3MjkxNDEzTVJENQ==","Quincy Blue Chip ","Barbara Boese, James Boese, Richard Banca","Blue Chip Bloodstock Inc ","3 YO Filly Trot "
"7/30/19","Saratoga Harness","LINK||http://replays.robertsstream.com/racereplays/cust/nyss.php?play=MjAxOTA3MzAyMDIzU1JONQ==","Zero Tolerance ","Val D`Or Farms, Theodore Gewertz","Winbak Farm ","3 YO Filly Pace"
"7/30/19","Saratoga Harness","LINK||http://replays.robertsstream.com/racereplays/cust/nyss.php?play=MjAxOTA3MzAyMTU3U1JOMTA=","So Awesome ","William Hartt","The Ok Corral","3 YO Filly Pace"
"8/1/19","Vernon Downs ","LINK||http://replays.robertsstream.com/racereplays/cust/nyss.php?play=MjAxOTA4MDEyMDAyVlJONw==","Love A Good Story ","Pinske Stables, Kentuckiana Racing Stable, Daniel Plouffe ","Celebrity Farms ","2 YO Filly Trot"
"8/1/19","Vernon Downs ","LINK||http://replays.robertsstream.com/racereplays/cust/nyss.php?play=MjAxOTA4MDEyMDQzVlJOOQ==","Seventimesalady","Ake Svanstedt Inc, Little E LLC, Knutsson Trotting Inc, L Berg Inc","Little E LLC ","2 YO Filly Trot"
"8/4/19","Batavia Downs","LINK||http://replays.robertsstream.com/racereplays/cust/nyss.php?play=MjAxOTA4MDQxMzE0QlROMQ==","Hickfromfrenchlick","Ray Schnittker, Nolamaura Racing LLC, Thomas Spatorico","Steve Jones ","3 YO Colt Pace"
"8/4/19","Batavia Downs","LINK||http://replays.robertsstream.com/racereplays/cust/nyss.php?play=MjAxOTA4MDQxNDUwQlRONg==","American Mercury","Crawford Farms Racing, Northfork Racing Stable, Chuck Pompey, Scott Bice ","Steve Stewar, Julie Nash, Charles Nash ","3 YO Colt Pace"
"8/6/19","Yonkers Raceway ","LINK||http://replays.robertsstream.com/racereplays/cust/nyss.php?play=MjAxOTA4MDYyMDA1WU9ONA==","Freedom Warrior","Forrest Bartlett","Curran Racing LLC, Adam Michael, Heidi Rohr","2 YO Colt Pace "
"8/7/19","Batavia Downs","LINK||http://replays.robertsstream.com/racereplays/cust/nyss.php?play=MjAxOTA4MDcxODI2QlRONQ==","Bourbon Express","Salvatore Vullo, James De Armond, Jessica Okusko","Annette Roydon ","2 YO Colt Trot"
"8/7/19","Batavia Downs","LINK||http://replays.robertsstream.com/racereplays/cust/nyss.php?play=MjAxOTA4MDcxOTA3QlRONw==","Barn Holden","Steven Pratt, Nancy Pratt, Purple Haze Stables LLC, Out In The Country Stable ","Steven Pratt, Nancy Pratt","2 YO Colt Trot"
"8/8/19","Vernon Downs ","LINK||http://replays.robertsstream.com/racereplays/cust/nyss.php?play=MjAxOTA4MDgyMDQxVlJOOQ==","Winndevie ","Purple Haze Stables LLC","Joie De Vie Farm LLC ","3 YO Filly Trot"
"8/10/19","Saratoga Harness","LINK||http://replays.robertsstream.com/racereplays/cust/nyss.php?play=MjAxOTA4MTAxOTI0U1JOMg==","Lucky Weekend","Richard Mishkin","Amy Stoltzfus - FL, Denise Williams ","2 YO Colt Trot"
"8/10/19","Saratoga Harness","LINK||http://replays.robertsstream.com/racereplays/cust/nyss.php?play=MjAxOTA4MTAyMTEzU1JOOA==","Livinonthedash","Ervin Miller Stable Inc, David Prushnok, Tangie Massey","Steve Stewart, John Carver ","2 YO Colt Trot"
"8/12/19","Monticello Raceway","LINK||http://replays.robertsstream.com/racereplays/cust/nyss.php?play=MjAxOTA4MTIxMjQ4TVJEMQ==","Seventimesalady","Ake Svanstedt Inc, Little E LLC, Knutsson Trotting Inc, L Berg Inc","Little E LLC","2 YO Filly Trot"
"8/12/19","Monticello Raceway","LINK||http://replays.robertsstream.com/racereplays/cust/nyss.php?play=MjAxOTA4MTIxNTAyTVJENw==","Miss Jubilation ","ke Svanstedt Inc, Little E LLC, Triple Play Trotters LLC, Stolz Geiger ","Brittany Farms LLC","2 YO Filly Trot"
"8/14/19","Batavia Downs","LINK||http://replays.robertsstream.com/racereplays/cust/nyss.php?play=MjAxOTA4MTQxNzU4QlRONA==","Merga Hanover"," Thomas Dillon, Scott Dillon, Joe Sbrocco, W Donovan","Hanover Shoe Farms Inc ","2 YO Filly Pace"
"8/14/19","Batavia Downs","LINK||http://replays.robertsstream.com/racereplays/cust/nyss.php?play=MjAxOTA4MTQxODM2QlRONg==","Movie Town ","Bay Pond Racing Stable ","Winbak Farm","2 YO Filly Pace"
"8/19/19","Monticello Raceway","LINK||http://replays.robertsstream.com/racereplays/cust/nyss.php?play=MjAxOTA4MTkxMjQ4TVJEMQ==","Bourbon Express","Salvatore Vullo, James De Armond, Jessica Okusko","Annette Roydon ","2 YO Colt Trot"
"8/19/19","Monticello Raceway","LINK||http://replays.robertsstream.com/racereplays/cust/nyss.php?play=MjAxOTA4MTkxNDU3TVJENw==","Berkery J","Kenneth Jacobs","Blue Chip Bloodstock Inc. ","2 YO Colt Trot"
"8/21/19","Saratoga Harness","LINK||http://replays.robertsstream.com/racereplays/cust/nyss.php?play=MjAxOTA4MjExOTM5U1JOMw==","Mega Hanover ","Thomas Dillon, Scott Dillon, Joe Sbrocco, W Donovan","Hanover Shoe Farms Inc","2 YO Filly Pace "
"8/21/19","Saratoga Harness","LINK||http://replays.robertsstream.com/racereplays/cust/nyss.php?play=MjAxOTA4MjEyMTEyU1JOOA==","Galleria Gal","Theresa Donnelly, Fernando Amesti Jr.","Kentuckiana Farms LLC ","2 YO Filly Pace "
"8/21/19","Saratoga Harness","LINK||http://replays.robertsstream.com/racereplays/cust/nyss.php?play=MjAxOTA4MjEyMTUxU1JOMTA=","The Fun Marshall ","Richard Silverman, Mary Kinsey Arnold, Edward Mcenery, Michael Gluckman","Steve Jones ","2 YO Filly Pace "
"8/22/19","Yonkers Raceway","LINK||http://replays.robertsstream.com/racereplays/cust/nyss.php?play=MjAxOTA4MjIyMDI1WU9ONQ==","Love a Good Story ","Pinske Stables, Kentuckiana Racing Stable, Daniel Plouffe","Celebrity Farms ","2 YO Filly Trot"
"8/22/19","Yonkers Raceway","LINK||http://replays.robertsstream.com/racereplays/cust/nyss.php?play=MjAxOTA4MjIyMDQ4WU9ONg==","Hypnotic Am","Courant Inc ","Courant A B","2 YO Filly Trot"
"8/23/19","Batavia Downs ","LINK||http://replays.robertsstream.com/racereplays/cust/nyss.php?play=MjAxOTA4MjMxOTI4QlRONQ==","Quincy Blue Chip","Barbara Boese, James Boese, Richard Banca","Blue Chip Bloodstock Inc ","3 YO Filly Trot "
"8/24/19","Batavia Downs","LINK||http://replays.robertsstream.com/racereplays/cust/nyss.php?play=MjAxOTA4MjQxODU4QlRONA==","Livinonthedash","Ervin Miller Stb Inc,Wind Gap;D M Prushnok,Punxsutawney;T L Massey,Debary","Steve Stewart, John Carver ","3 YO Colt Trot"
"8/24/19","Batavia Downs","LINK||http://replays.robertsstream.com/racereplays/cust/nyss.php?play=MjAxOTA4MjQyMDMzQlROOQ==","Gimpanzee","Courant Inc,Delray Beach,S R F Stable,Lighthouse Point","Order by Stable","3 YO Colt Trot "
"8/27/19","Saratoga Harness","LINK||http://replays.robertsstream.com/racereplays/cust/nyss.php?play=MjAxOTA4MjcyMDQyU1JONg==","Hobbs","Runthetable Stables","","2 YO Colt Trot"
"8/27/19","Saratoga Harness","LINK||http://replays.robertsstream.com/racereplays/cust/nyss.php?play=MjAxOTA4MjcyMTM3U1JOOQ==","Chaptiama","Purple Haze Stables LLC","","2 YO Colt Trot"
"8/28/19","Batavia Downs ","LINK||http://replays.robertsstream.com/racereplays/cust/nyss.php?play=MjAxOTA4MjgxODM3QlRONg==","So Awesome ","William Hartt","The Ok Corral","3 YO Filly Pace"
"8/28/19","Batavia Downs","LINK||http://replays.robertsstream.com/racereplays/cust/nyss.php?play=MjAxOTA4MjgxODU1QlRONw==","Zero Tolerance ","Val D`Or Farms, Theodore Gewertz ","Winbak Farm ","3 YO Filly Pace"
"8/29/19","Yonkers Raceway","LINK||http://replays.robertsstream.com/racereplays/cust/nyss.php?play=MjAxOTA4MjkyMDIwWU9ONQ==","Rollwithpapajoe","Barbara Bongiorno Stb LLC, Bill Lambos, Dionisios Liberatos ","Barbara Bongiorno, Dionisios Liberatos","3 YO Colt Pace "
"8/30/19","Vernon Downs","LINK||http://replays.robertsstream.com/racereplays/cust/nyss.php?play=MjAxOTA4MzAxOTU3VlJONw==","Hidden Cove ","Ervin Miller Stable Inc, Louis Willinger, George Golemes, D Van Witzenburg ","Winbak Farm ","2 YO Filly Pace "
"8/30/19","Vernon Downs","LINK||http://replays.robertsstream.com/racereplays/cust/nyss.php?play=MjAxOTA4MzAyMDE0VlJOOA==","Coconut Beach ","Happy Hour Racing","Big Als Stables Inc ","2 YO Filly Pace "
"8/30/19","Vernon Downs","LINK||http://replays.robertsstream.com/racereplays/cust/nyss.php?play=MjAxOTA4MzAyMDMyVlJOOQ==","Merga Hanover  ","Thomas Dillon, Scott Dillon, Joe Sbrocco, W Donovan ","Hanover Shoe Farms Inc ","2 YO Filly Pace "
"9/3/19","Yonkers Raceway ","LINK||http://replays.robertsstream.com/racereplays/cust/nyss.php?play=MjAxOTA5MDMyMDI1WU9ONQ==","Chaptiama ","Purple Haze Stables LLC","Purple Haze Stables LLC","2 YO Colt Trot "
"9/14/19","Batavia Downs ","LINK||http://replays.robertsstream.com/racereplays/cust/nyss.php?play=MjAxOTA5MTQxODIxQlROMg==","Zero Tolerance ","Val D`Or Farms, Theodore Gewertz","Winbak Farm ","3 YO Filly Pace "
"9/14/19","Batavia Downs","LINK||http://replays.robertsstream.com/racereplays/cust/nyss.php?play=MjAxOTA5MTQxODQ0QlROMw==","Quincy Blue Chip","Barbara Boese, James Boese, Richard Banca","Blue Chip Bloodstock Inc","3 YO Filly Trot"
"9/14/19","Batavia Downs ","LINK||http://replays.robertsstream.com/racereplays/cust/nyss.php?play=MjAxOTA5MTQxOTA3QlRONA==","The Fun Marshall","R Silverman;M Kinsey Arnold;E Mcenery,FL;M Gluckman
","","2 YO Filly Pace "
"9/14/19","Batavia Downs ","LINK||http://replays.robertsstream.com/racereplays/cust/nyss.php?play=MjAxOTA5MTQxOTMwQlRONQ==","Hypnotic AM","Courant Inc ","Courant AB","2 YO Filly Trot"
"9/14/19","Batvavia Downs ","LINK||http://replays.robertsstream.com/racereplays/cust/nyss.php?play=MjAxOTA5MTQyMDE1QlRONw==","Cigars and Port","Ray Schnittker, Nolamaura Racing LLC, Theodore Gewertz, Steven Arnold ","Steve Jones ","2 YO Colt Pace "
"9/14/19","Batavia Downs ","LINK||http://replays.robertsstream.com/racereplays/cust/nyss.php?play=MjAxOTA5MTQyMDQxQlROOA==","Third Shift","Mellby Gard Inc","Winbak Farm ","2 YO Colt Trot"
"9/14/19","Batavia Downs ","LINK||http://replays.robertsstream.com/racereplays/cust/nyss.php?play=MjAxOTA5MTQyMTA1QlROOQ==","Gimpanzee","Courant Inc, S R F Stable","Order by Stable","3 YO Colt Trot"
"9/14/19","Batavia Downs ","LINK||http://replays.robertsstream.com/racereplays/cust/nyss.php?play=MjAxOTA5MTQyMTMxQlROMTA=","Hickfromfrenchlick","Ray Schnittker, Nolamaura Racing LLC, Thomas Spatorico","Steve Jones ","3 YO Colt Pace "
""," ","","","","",""
