" Horse "," Video "," Owners "," Breeders"," Night of Champions"
"Zero Tolerance ","LINK| Video|http://replays.robertsstream.com/racereplays/cust/nyss.php?play=MjAxOTA5MTQxODIxQlROMg==","Val D`Or Farms, Theodore Gewertz","Winbak Farm","3 YO Filly Pace"
"Quincy Blue Chip","LINK|Video |http://replays.robertsstream.com/racereplays/cust/nyss.php?play=MjAxOTA5MTQxODQ0QlROMw==","Barbara Boese, James Boese, Richard Banca","Blue Chip Bloodstock Inc. ","3 YO Filly Trot"
"The Fun Marshall","LINK| Video|http://replays.robertsstream.com/racereplays/cust/nyss.php?play=MjAxOTA5MTQxOTA3QlRONA==","R Silverman;M Kinsey Arnold;E Mcenery,FL;M Gluckman"," ","2 YO Filly Pace"
"Hypnotic AM ","LINK|Video |http://replays.robertsstream.com/racereplays/cust/nyss.php?play=MjAxOTA5MTQxOTMwQlRONQ==","Courant Inc","Courant AB","3 YO Filly Trot"
"Cigars and Port","LINK|Video |http://replays.robertsstream.com/racereplays/cust/nyss.php?play=MjAxOTA5MTQyMDE1QlRONw==","Ray Schnittker, Nolamaura Racing LLC, Theodore Gewertz, Steven Arnold","Steve Jones ","2 YO Colt Pace "
"Third Shift","LINK|Video|http://replays.robertsstream.com/racereplays/cust/nyss.php?play=MjAxOTA5MTQyMDQxQlROOA==","Mellby Gard Inc","Winbak Farm ","2 YO Colt Trot"
"Gimpanzee","LINK|Video|http://replays.robertsstream.com/racereplays/cust/nyss.php?play=MjAxOTA5MTQyMTA1QlROOQ==","Courant Inc, S R F Stable","Order by Stable","3 YO Colt Trot"
"Hickfromfrenchlick","LINK|Video|http://replays.robertsstream.com/racereplays/cust/nyss.php?play=MjAxOTA5MTQyMTMxQlROMTA=","Ray Schnittker, Nolamaura Racing LLC, Thomas Spatorico","Steve Jones ","3 YO Colt Pace "
