" Horse "," Video"," Owners "," Breeders "," Excelsior A Finals "," "
" Ideal Perception ","LINK|video |http://replays.robertsstream.com/racereplays/cust/nyss.php?play=MjAxOTA5MjExOTAyU1JOMg=="," 	Alagnafrankinthegym Stable - NJ, Joe Sbrocco, Vj Stable, Leblanc And Head Partners"," Steve Jones "," 2 YO Colt Pace"," "
" C and T's Credit","LINK|video |http://replays.robertsstream.com/racereplays/cust/nyss.php?play=MjAxOTA5MjExOTI3U1JOMw=="," Matthew Bencic, Peter Barbato"," Winbak Farm "," 2 YO Filly Trot"," "
" Century Ferrari","LINK|video |http://replays.robertsstream.com/racereplays/cust/nyss.php?play=MjAxOTA5MjExOTQ3U1JONA=="," Ervin Miller Stable Inc"," Brittany Farms"," 3 YO Colt Pace"," "
" Fool Me Again","LINK| video|http://replays.robertsstream.com/racereplays/cust/nyss.php?play=MjAxOTA5MjEyMDA3U1JONQ=="," 30 Plus Stable, Andy Klemencic, Blake Macintosh"," Blue Chip Bloodstock Inc"," 3 YO Filly Pace "," "
" All Profit","LINK|video |http://replays.robertsstream.com/racereplays/cust/nyss.php?play=MjAxOTA5MjEyMDQ1U1JONw=="," Andy Miller Stable Inc, Kapildeo Singh"," Steve Jones "," 2 YO Colt Trot "," "
" Certify","LINK|video |http://replays.robertsstream.com/racereplays/cust/nyss.php?play=MjAxOTA5MjEyMTA1U1JOOA=="," Earl Sauve"," Brittany Farms LLC"," 3 YO Colt Trot"," "
" Alleyesonme As","LINK| video|http://replays.robertsstream.com/racereplays/cust/nyss.php?play=MjAxOTA5MjEyMTI1U1JOOQ=="," Anette Lorentzon, Acl Stuteri Ab"," Anette Lorentzon, Acl Stuteri Ab"," 2 YO Filly Pace "," "
" Hanna Dreamgirl","LINK|video|http://replays.robertsstream.com/racereplays/cust/nyss.php?play=MjAxOTA5MjEyMTU0U1JOMTA="," Kenneth Jacobs"," Winbak Farm "," 3 YO Filly Trot"," "
