" DATE"," TRACK"," VIDEO"," HORSE"," OWNER"," BREEDER"," EVENT"
"9/11/2020","Tioga Downs","LINK||https://replays.robertsstream.com/racereplays/cust/nyss.php?play=MjAyMDA5MTExNzQyVFFOOQ==","Uhtred","Earl Hill, Jr., Stephen Klunowski","Stephen P. Dey III","3 YO Colt Pace Final"
"9/11/2020","Tioga Downs","LINK||https://replays.robertsstream.com/racereplays/cust/nyss.php?play=MjAyMDA5MTExNzE3VFFOOA==","Conquest As","ACL Stuteri AB","ACL Stuteri AB","3 YO Colt Trot Final"
"9/11/2020","Tioga Downs","LINK||https://replays.robertsstream.com/racereplays/cust/nyss.php?play=MjAyMDA5MTExNzAwVFFONw==","Bolt Of Beauty","Ervin Miller Stable Inc., Tanah Merah Farms LLC, Sara K. Miller","Winbak Farm","3 YO Filly Pace Final"
"9/11/2020","Tioga Downs","LINK||https://replays.robertsstream.com/racereplays/cust/nyss.php?play=MjAyMDA5MTExNjQyVFFONg==","C And T's Credit","Peter F. Barbato, Sam Bova Racing LLC","Winbak Farm","3 YO Filly Trot Final"
"9/11/2020","Tioga Downs","LINK||https://replays.robertsstream.com/racereplays/cust/nyss.php?play=MjAyMDA5MTExNjIzVFFONQ==","Mullinax","William L. Varney","C Ed Mullinax, Mark S. Ford","2 YO Colt Pace Final"
"9/11/2020","Tioga Downs","LINK||https://replays.robertsstream.com/racereplays/cust/nyss.php?play=MjAyMDA5MTExNjAwVFFONA==","Royson's Punch","R-And-I Farms LLC, Camelot Stable Inc.","Martin R. Sternberg","2 YO Colt Trot Final"
"9/11/2020","Tioga Downs","LINK||https://replays.robertsstream.com/racereplays/cust/nyss.php?play=MjAyMDA5MTExNTM3VFFOMw==","Dresden","Henderson Farms","Henderson Farms","2 YO Filly Pace Final"
"9/11/2020","Tioga Downs","LINK||https://replays.robertsstream.com/racereplays/cust/nyss.php?play=MjAyMDA5MTExNTE3VFFOMg==","Just Joshing","Andy Miller Stable Inc., Windsong Stable, Dumain Haven Farm","Windsong Stable","2 YO Filly Trot Final"
"9/4/2020","Vernon Downs","LINK||https://replays.robertsstream.com/racereplays/cust/nyss.php?play=MjAyMDA5MDQxNjEzVlJONQ==","Party Boy Hanover","George Ducharme Stable LLC, Jim Winske, Stephen G. Michaels, David J. Winske","Hanover Shoe Farms Inc.","3 YO Colt Trot"
"9/4/2020","Vernon Downs","LINK||https://replays.robertsstream.com/racereplays/cust/nyss.php?play=MjAyMDA5MDQxNTM3VlJOMw==","Grosseto As","ACL Stuteri AB","ACL Stuteri AB","3 YO Colt Trot"
"9/4/2020","Vernon Downs","LINK||https://replays.robertsstream.com/racereplays/cust/nyss.php?play=MjAyMDA5MDQxNTIyVlJOMg==","Itsoneofthose","Michael E. Polansky","Michael E. Polansky","3 YO Colt Trot"
"9/4/2020","Vernon Downs","LINK||https://replays.robertsstream.com/racereplays/cust/nyss.php?play=MjAyMDA5MDQxNDU5VlJOMQ==","Discus Hanover","Philip K. Hale, David M. Dewhurst","Hanover Shoe Farms Inc.","3 YO Colt Trot"
"9/2/2020","Saratoga Harness","LINK||https://replays.robertsstream.com/racereplays/cust/nyss.php?play=MjAyMDA5MDIyMDMyU1JONQ==","Acrobatta","Robert J. Key","Robert J. Key","3 YO Filly Pace"
"9/2/2020","Saratoga Harness","LINK||https://replays.robertsstream.com/racereplays/cust/nyss.php?play=MjAyMDA5MDIyMDEyU1JONA==","Clemmie Hanover","David L. Byer, Jerry S. Hoffman","Hanover Shoe Farms Inc.","3 YO Filly Pace"
"9/2/2020","Saratoga Harness","LINK||https://replays.robertsstream.com/racereplays/cust/nyss.php?play=MjAyMDA5MDIxOTUzU1JOMw==","Rock Star Melinda","Rick Berks","Winbak Farm","3 YO Filly Pace"
"9/2/2020","Saratoga Harness","LINK||https://replays.robertsstream.com/racereplays/cust/nyss.php?play=MjAyMDA5MDIxOTMzU1JOMg==","Jackie's Express","David Earl Towne, James S. DeArmond","Joie De Vie Farm LLC","3 YO Filly Pace"
"9/2/2020","Saratoga Harness","LINK||https://replays.robertsstream.com/racereplays/cust/nyss.php?play=MjAyMDA5MDIxOTEzU1JOMQ==","Turnthefrownaround","Craig W. Henderson","Kentuckiana Farms LLC","3 YO Filly Pace"
"9/1/2020","Saratoga Harness","LINK||https://replays.robertsstream.com/racereplays/cust/nyss.php?play=MjAyMDA5MDExMzE3U1JONQ==","Rollnthejoe","Alagna Racing LLC, Mystical Marker Farms LLC, Steven Head, Tangie L. Massey","Winbak Farm","3 YO Colt Pace"
"9/1/2020","Saratoga Harness","LINK|| https://replays.robertsstream.com/racereplays/cust/nyss.php?play=MjAyMDA5MDExMjU2U1JONA==","Levine","Scott Richard Zeron","Kenneth Solomon","3 YO Colt Pace"
"9/1/2020","Saratoga Harness","LINK||https://replays.robertsstream.com/racereplays/cust/nyss.php?play=MjAyMDA5MDExMjM4U1JOMw==","Hurrikanekingjames","Jonathan Klee Racing, Kuhen Racing LLC, George R. Vierno","Our Horse Cents Stables","3 YO Colt Pace"
"9/1/2020","Saratoga Harness","LINK||https://replays.robertsstream.com/racereplays/cust/nyss.php?play=MjAyMDA5MDExMjE4U1JOMg==","Scootnroll","Rick Howles, Harmon Racing Stable LLC, Geoffrey W. Howles","Gene Oldford Farms LLC, Tyler L. Buter","3 YO Colt Pace"
"9/1/2020","Saratoga Harness","LINK||https://replays.robertsstream.com/racereplays/cust/nyss.php?play=MjAyMDA5MDExMTU4U1JOMQ==","Art Nukem","Mary Ellen Abbot, D. Benny Eggers","Winbak Farm","3 YO Colt Pace"
"8/30/2020","Tioga Downs","LINK||https://replays.robertsstream.com/racereplays/cust/nyss.php?play=MjAyMDA4MzAxNDI0VFFONQ==","I Love My Country","James A. Crawford IV","Crawford Farms LLC","2 YO Colt Trot"
"8/30/2020","Tioga Downs","LINK||https://replays.robertsstream.com/racereplays/cust/nyss.php?play=MjAyMDA4MzAxNDA0VFFONA==","Beantown Madness","Michael Goldberg Racing LLC","Michael A Goldberg","2 YO Colt Trot"
"8/30/2020","Tioga Downs","LINK||https://replays.robertsstream.com/racereplays/cust/nyss.php?play=MjAyMDA4MzAxMzQxVFFOMw==","Barn Hall","Steven F. Pratt, Nancy E. Pratt, Purple Haze Stables LLC, Out In The Country Stable","Winbak Farm","2 YO Colt Trot"
"8/30/2020","Tioga Downs","LINK||https://replays.robertsstream.com/racereplays/cust/nyss.php?play=MjAyMDA4MzAxMzE4VFFOMg==","Sunny Days","Jennifer Signor","Jennifer Signor","2 YO Colt Trot"
"8/30/2020","Tioga Downs","LINK||https://replays.robertsstream.com/racereplays/cust/nyss.php?play=MjAyMDA4MzAxMjU5VFFOMQ==","Joxter","Ann-Mari Daley, James A. Crawford IV","Ville Matias Mikkola","2 YO Colt Trot"
"8/28/2020","Vernon Downs","LINK||https://replays.robertsstream.com/racereplays/cust/nyss.php?play=MjAyMDA4MjgxODUwVlJOMTQ=","Momentsthatmatter","Northfork Racing Stable, TLP Stable","Winbak Farm","2 YO Colt Pace"
"8/28/2020","Vernon Downs","LINK||https://replays.robertsstream.com/racereplays/cust/nyss.php?play=MjAyMDA4MjgxNzU5VlJOMTE=","Isaac","Connie J. Hochstetler, Homer J. Hochstetler, South of the Tracks Rac Inc.","Connie J. Hochstetler, Homer J. Hochstetler, South of the Tracks Rac Inc.","2 YO Colt Pace"
"8/28/2020","Vernon Downs","LINK||https://replays.robertsstream.com/racereplays/cust/nyss.php?play=MjAyMDA4MjgxNzI2VlJOOQ==","Natameri","Purple Haze Stables LLC, George B. Wyman","Robert L. Newman","2 YO Colt Pace"
"8/28/2020","Vernon Downs","LINK||https://replays.robertsstream.com/racereplays/cust/nyss.php?play=MjAyMDA4MjgxNzA5VlJOOA==","Hurrikane Georgie","Jonathan Klee Racing, William Garofalo, Justin B. Bolasci","Concord Stud Farm LLC","2 YO Colt Pace"
"8/28/2020","Vernon Downs","LINK||https://replays.robertsstream.com/racereplays/cust/nyss.php?play=MjAyMDA4MjgxNjUzVlJONw==","Market Mayhem","Mindy Findling Repko","Mindy Findling Repko","2 YO Colt Pace"
"8/28/2020","Vernon Downs","LINK||https://replays.robertsstream.com/racereplays/cust/nyss.php?play=MjAyMDA4MjgxNTQ4VlJONA==","Idealthecards","Terence P. McClory, Jennifer L. Lowe, Robert E. Lowe, Chris P. McClory","Eric Taddeo","2 YO Colt Pace"
"8/26/2020","Saratoga Harness","LINK||https://replays.robertsstream.com/racereplays/cust/nyss.php?play=MjAyMDA4MjYyMDUzU1JONg==","Sweet Heart As","ACL Stuteri AB","ACL Stuteri AB","3 YO Filly Trot"
"8/26/2020","Saratoga Harness","LINK||https://replays.robertsstream.com/racereplays/cust/nyss.php?play=MjAyMDA4MjYyMDEzU1JONA==","Condescending","Pine Hill Stables","Pine Hill Stables","3 YO Filly Trot"
"8/26/2020","Saratoga Harness","LINK||https://replays.robertsstream.com/racereplays/cust/nyss.php?play=MjAyMDA4MjYxOTUzU1JOMw==","Dogs Of War","Chris S. Lawton, Dale G. Lawton","Margaret A. Payne, Jennifer H. Falcone","3 YO Filly Trot"
"8/26/2020","Saratoga Harness","LINK||https://replays.robertsstream.com/racereplays/cust/nyss.php?play=MjAyMDA4MjYxOTMzU1JOMg==","Greyscale","Raymond W J Campbell, Jr.","Valley High Stable","3 YO Filly Trot"
"8/26/2020","Saratoga Harness","LINK||https://replays.robertsstream.com/racereplays/cust/nyss.php?play=MjAyMDA4MjYxOTE0U1JOMQ==","C And T's Credit","Peter F. Barbato, Sam Bova Racing LLC","Winbak Farm","3 YO Filly Trot"
"8/24/2020","Saratoga Harness","LINK||https://replays.robertsstream.com/racereplays/cust/nyss.php?play=MjAyMDA4MjQxMzU4U1JONw==","Suzie Blue Chip","Kapildeo Singh","Blue Chip Farms LLC, Tom Hill","2 YO Filly Pace"
"8/24/2020","Saratoga Harness","LINK||https://replays.robertsstream.com/racereplays/cust/nyss.php?play=MjAyMDA4MjQxMzQyU1JONg==","Elegant Blue","James A. Crawford IV","Winbak Farm","2 YO Filly Pace"
"8/24/2020","Saratoga Harness","LINK||https://replays.robertsstream.com/racereplays/cust/nyss.php?play=MjAyMDA4MjQxMjU2U1JONA==","Dresden","Henderson Farms","Henderson Farms","2 YO Filly Pace"
"8/24/2020","Saratoga Harness","LINK||https://replays.robertsstream.com/racereplays/cust/nyss.php?play=MjAyMDA4MjQxMjM4U1JOMw==","Itzpapalotl","Knutsson Trotting Inc.","Winbak Farm","2 YO Filly Pace"
"8/24/2020","Saratoga Harness","LINK||https://replays.robertsstream.com/racereplays/cust/nyss.php?play=MjAyMDA4MjQxMjE4U1JOMg==","Ideally Sweet","Triple C. Stables LLC, Christopher E. Lems","Triple C. Stables LLC, Christopher E. Lems","2 YO Filly Pace"
"8/24/2020","Saratoga Harness","LINK||https://replays.robertsstream.com/racereplays/cust/nyss.php?play=MjAyMDA4MjQxMTU4U1JOMQ==","Tava","Donald E. Robinson, Michael Dean Robinson","Brittany Farms LLC","2 YO Filly Pace"
"8/23/2020","Tioga Downs","LINK||https://replays.robertsstream.com/racereplays/cust/nyss.php?play=MjAyMDA4MjMxNTU5VFFOMTA=","Barn Baby","Steven F. Pratt, Nancy E. Pratt, Purple Haze Stables LLC, Out IN The Country Stable","Steven F. Pratt, Nancy E. Pratt","2 YO Filly Trot"
"8/23/2020","Tioga Downs","LINK||https://replays.robertsstream.com/racereplays/cust/nyss.php?play=MjAyMDA4MjMxNTQyVFFOOQ==","Lady Gidget","M And L of Delaware LLC","Harbor Racing Stable LLC","2 YO Filly Trot"
"8/23/2020","Tioga Downs","LINK||https://replays.robertsstream.com/racereplays/cust/nyss.php?play=MjAyMDA4MjMxMzU0VFFONA==","Izzy Demsky","Courant Inc.","Ville Matias Mikkola","2 YO Filly Trot"
"8/23/2020","Tioga Downs","LINK||https://replays.robertsstream.com/racereplays/cust/nyss.php?play=MjAyMDA4MjMxMzE0VFFOMg==","Big City Pearl","Verlin D. Yoder","Bruce James Potter","2 YO Filly Trot"
"8/21/2020","Vernon Downs","LINK||https://replays.robertsstream.com/racereplays/cust/nyss.php?play=MjAyMDA4MjExNzA5VlJOOA==","Seven Nation Army","Raymond W. Schnittker, T L P Stable, Steven Arnold, Theodore Gewertz","Frederick W. Hertrich III","2 YO Colt Trot"
"8/21/2020","Vernon Downs","LINK||https://replays.robertsstream.com/racereplays/cust/nyss.php?play=MjAyMDA4MjExNjQ5VlJONw==","Royson's Punch","R-And-I Farms LLC, Camelot Stable Inc.","Martin R. Sternberg","2 YO Colt Trot"
"8/21/2020","Vernon Downs","LINK||https://replays.robertsstream.com/racereplays/cust/nyss.php?play=MjAyMDA4MjExNjEwVlJONQ==","Master Mark","Bonnie S. Woodward","Bonnie S. Woodward","2 YO Colt Trot"
"8/21/2020","Vernon Downs","LINK||https://replays.robertsstream.com/racereplays/cust/nyss.php?play=MjAyMDA4MjExNTE2VlJOMg==","Palpitations ","Paul W. Kinnear","P Kleinhans Racing Inc.","2 YO Colt Trot"
"8/21/2020","Vernon Downs","LINK||https://replays.robertsstream.com/racereplays/cust/nyss.php?play=MjAyMDA4MjExNDU5VlJOMQ==","Beantown Madness","Michael Goldberg Racing LLC","Michael A. Goldberg","2 YO Colt Trot"
"","","","","","",""
"","","","","","",""
"","","","","","",""
"","","","","","",""
"","","","","","",""
"","","","","","",""
"","","","","","",""
"","","","","","",""
"","","","","","",""
"","","","","","",""
"","","","","","",""
"","","","","","",""
"","","","","","",""
"","","","","","",""
"","","","","","",""
"","","","","","",""
"","","","","","",""
"","","","","","",""
"","","","","","",""
"","","","","","",""
"","","","","","",""
"","","","","","",""
"","","","","","",""
"","","","","","",""
"","","","","","",""
"","","","","","",""
"","","","","","",""
"","","","","","",""
"","","","","","",""
"","","","","","",""
"","","","","","",""
"","","","","","",""
"","","","","","",""
"","","","","","",""
"","","","","","",""
"","","","","","",""
"","","","","","",""
"","","","","","",""
"","","","","","",""
"","","","","","",""
"","","","","","",""
"","","","","","",""
"","","","","","",""
"","","","","","",""
"","","","","","",""
"","","","","","",""
"","","","","","",""
"","","","","","",""
"","","","","","",""
"","","","","","",""
"","","","","","",""
"","","","","","",""
"","","","","","",""
"","","","","","",""
"","","","","","",""
"","","","","","",""
"","","","","","",""
"","","","","","",""
"","","","","","",""
"","","","","","",""
"","","","","","",""
"","","","","","",""
"","","","","","",""
"","","","","","",""
"","","","","","",""
"","","","","","",""
"","","","","","",""
"","","","","","",""
"","","","","","",""
"","","","","","",""
"","","","","","",""
"","","","","","",""
"","","","","","",""
"","","","","","",""
"","","","","","",""
"","","","","","",""
"","","","","","",""
"","","","","","",""
"","","","","","",""
"","","","","","",""
"","","","","","",""
"","","","","","",""
"","","","","","",""
"","","","","","",""
"","","","","","",""
"","","","","","",""
"","","","","","",""
"","","","","","",""
"","","","","","",""
"","","","","","",""
"","","","","","",""
"","","","","","",""
"","","","","","",""
"","","","","","",""
"","","","","","",""
"","","","","","",""
"","","","","","",""
"","","","","","",""
"","","","","","",""
"","","","","","",""
"","","","","","",""
"","","","","","",""
"","","","","","",""
"","","","","","",""
"","","","","","",""
"","","","","","",""
"","","","","","",""
"","","","","","",""
"","","","","","",""
"","","","","","",""
"","","","","","",""
"","","","","","",""
"","","","","","",""
"","","","","","",""
"","","","","","",""
"","","","","","",""
"","","","","","",""
"","","","","","",""
"","","","","","",""
"","","","","","",""
"","","","","","",""
"","","","","","",""
"","","","","","",""
