" DATE"," TRACK"," VIDEO"," HORSE"," OWNER"," BREEDER"," EVENT"
"9/12/2020","Yonkers Raceway","LINK||https://replays.robertsstream.com/racereplays/cust/nyss.php?play=MjAyMDA5MTIyMjAzWU9OOA==","Blank Stare","Harmony Oaks Racing Stable Inc., James A. Crawford IV, In Over My Head Stable","Winbak Farm","3 YO Colt Pace Final"
"9/12/2020","Yonkers Raceway","LINK||https://replays.robertsstream.com/racereplays/cust/nyss.php?play=MjAyMDA5MTIyMTM1WU9ONw==","Hobbs","Runthetable Stables","Runthetable Stables","3 YO Colt Trot Final"
"9/12/2020","Yonkers Raceway","LINK||https://replays.robertsstream.com/racereplays/cust/nyss.php?play=MjAyMDA5MTIyMTE2WU9ONg==","Hen Party","Crawford Farms Racing","Frederick W. Hertrich III","3 YO Filly Pace Final"
"9/12/2020","Yonkers Raceway","LINK||https://replays.robertsstream.com/racereplays/cust/nyss.php?play=MjAyMDA5MTIyMDQ1WU9ONQ==","King James Express","Mark A. Harder, Deena Rachel Frost, Wayne K. Carleton, Dean Lockhart","Gregory S. Dey","2 YO Colt Pace Final"
"9/12/2020","Yonkers Raceway","LINK||https://replays.robertsstream.com/racereplays/cust/nyss.php?play=MjAyMDA5MTIyMDIzWU9ONA==","Steel","Pinske Stables, Crawford Farms Racing","Crawford Farms Racing","2 YO Colt Trot Final"
"9/12/2020","Yonkers Raceway","LINK||https://replays.robertsstream.com/racereplays/cust/nyss.php?play=MjAyMDA5MTIxOTU3WU9OMw==","Iteration","Courant Inc.","Order By Stable","2 YO Filly Trot Final"
"9/12/2020","Yonkers Raceway","LINK||https://replays.robertsstream.com/racereplays/cust/nyss.php?play=MjAyMDA5MTIxOTMyWU9OMg==","Hypnotic AM","Courant Inc.","Courant A B","3 YO Filly Trot Final"
"9/12/2020","Yonkers Raceway","LINK||https://replays.robertsstream.com/racereplays/cust/nyss.php?play=MjAyMDA5MTIxOTEwWU9OMQ==","Test Of Faith","Melvin P. Segal, Kentuckiana Racing Stable, Eddie Gran","Frederick W. Hertich III","2 YO Filly Pace Final"
"9/4/2020","Vernon Downs","LINK||https://replays.robertsstream.com/racereplays/cust/nyss.php?play=MjAyMDA5MDQxNjMxVlJONg==","Chaptiama","Purple Haze Stables LLC","Purple Haze Stables LLC","3 YO Colt Trot"
"9/4/2020","Vernon Downs","LINK||https://replays.robertsstream.com/racereplays/cust/nyss.php?play=MjAyMDA5MDQxNTU0VlJONA==","Barn Holden","Steven F. Pratt, Nancy E. Pratt, Purple Haze Stables LLC, Out In The Country Stable","Steven F. Pratt, Nancy E. Pratt","3 YO Colt Trot"
"9/2/2020","Saratoga Harness","LINK||https://replays.robertsstream.com/racereplays/cust/nyss.php?play=MjAyMDA5MDIyMTEyU1JONw==","Hen Party","Crawford Farms Racing","Frederick W. Hertrich III","3 YO Filly Pace"
"9/2/2020","Saratoga Harness","LINK||https://replays.robertsstream.com/racereplays/cust/nyss.php?play=MjAyMDA5MDIyMDUyU1JONg==","Racine Bell","Chris S. Lawton, Dale G. Lawton","Jim Winske","3 YO Filly Pace"
"9/1/2020","Saratoga Harness","LINK||https://replays.robertsstream.com/racereplays/cust/nyss.php?play=MjAyMDA5MDExMzU3U1JONw==","Uhtred","Earl Hill Jr., Stephen Klunowski","Stephen P. Dey III","3 YO Colt Pace"
"9/1/2020","Saratoga Harness","LINK||https://replays.robertsstream.com/racereplays/cust/nyss.php?play=MjAyMDA5MDExMzM3U1JONg==","Splash Brother","Raymond W. Schnittker, Nolamaura Racing LLC, Steven Arnold, Tammy Ann Flannery","Steve Jones","3 YO Colt Pace"
"8/30/2020","Tioga Downs","LINK||https://replays.robertsstream.com/racereplays/cust/nyss.php?play=MjAyMDA4MzAxNDQ0VFFONg==","Dee's Red Delicous","Joseph P. Martinelli Sr. ","Sherri K. Meirs, Steve D. Organ","2 YO Colt Trot"
"8/28/2020","Vernon Downs","LINK||https://replays.robertsstream.com/racereplays/cust/nyss.php?play=MjAyMDA4MjgxODE3VlJOMTI=","King James Express","Mark A. Harder, Deena Rachel Frost, Wayne K. Carleton, Dean Lockhart","Gregory S. Dey","2 YO Colt Pace"
"8/28/2020","Vernon Downs","LINK||https://replays.robertsstream.com/racereplays/cust/nyss.php?play=MjAyMDA4MjgxNzQ0VlJOMTA=","Southwind Petyr","Rick D. Phillips, Mark A. Harder","Southwind Farms LLC","2 YO Colt Pace"
"8/26/2020","Saratoga Harness","LINK||https://replays.robertsstream.com/racereplays/cust/nyss.php?play=MjAyMDA4MjYyMDMzU1JONQ==","Love A Good Story","Pinske Stables, Kentuckiana Racing Stable, Daniel Plouffe","Celebrity Farms","3 YO Filly Trot"
"8/24/2020","Saratoga Harness","LINK||https://replays.robertsstream.com/racereplays/cust/nyss.php?play=MjAyMDA4MjQxNDE3U1JOOA==","Test Of Faith","Melvin P. Segal, Kentuckiana Racing Stable, Eddie Gran","Frederick W. Hertrich III","2 YO Filly Pace"
"8/24/2020","Saratoga Harness","LINK||https://replays.robertsstream.com/racereplays/cust/nyss.php?play=MjAyMDA4MjQxMzI2U1JONQ==","Heart Of Mine","The Bay's Stable LLC, Radio Racing STable, Fred Wallace, Camelot Stable Inc.","Brittany Farms LLC","2 YO Filly Pace"
"8/23/2020","Tioga Downs","LINK||https://replays.robertsstream.com/racereplays/cust/nyss.php?play=MjAyMDA4MjMxNTE5VFFOOA==","Splash Brother","Raymond W. Schnittker, Nolamaura Racing LLC, Steven Arnold, Tammy Ann Flannery","Steve Jones","3 YO Pace Final"
"8/23/2020","Tioga Downs","LINK||https://replays.robertsstream.com/racereplays/cust/nyss.php?play=MjAyMDA4MjMxNDUyVFFONw==","Hen Party","Crawford Farms Racing","Frederick W. Hertrich III","3 YO Filly Pace Final"
"8/23/2020","Tioga Downs","LINK||https://replays.robertsstream.com/racereplays/cust/nyss.php?play=MjAyMDA4MjMxNDMzVFFONg==","Destined To Dance","Heritage Standardbreds, Crawford Farms Racing, Rich Preziotti","Crawford Farms LLC","2 YO Filly Trot"
"8/23/2020","Tioga Downs","LINK||https://replays.robertsstream.com/racereplays/cust/nyss.php?play=MjAyMDA4MjMxNDE0VFFONQ==","Moni For Lindy","Moni Maker Stable","Moni Maker Stable","2 YO Filly Trot"
"8/23/2020","Tioga Downs","LINK||https://replays.robertsstream.com/racereplays/cust/nyss.php?play=MjAyMDA4MjMxMzMzVFFOMw==","Aela Jamieson","Andy Miller Stable Inc, Dumain Haven Farm, Little E LLC","Vito D. Cucci","2 YO Filly Trot"
"8/21/2020","Vernon Downs","LINK||https://replays.robertsstream.com/racereplays/cust/nyss.php?play=MjAyMDA4MjExNzI2VlJOOQ==","Ahundreddollarbill","Crawford Farms Racing,James A. Crawford IV, Ann-Mari Daley","Jonas L. Schlabach","2 YO Colt Trot"
"8/21/2020","Vernon Downs","LINK||https://replays.robertsstream.com/racereplays/cust/nyss.php?play=MjAyMDA4MjExNjMyVlJONg==","Ambassador Hanover","Ake Svanstedt Inc, Order By Stable, Howard A. Taylor, Judith S. Taylor","Hanover Shoe Farms Inc","2 YO Colt Trot"
"8/18/2020","Yonkers Raceway","LINK||https://replays.robertsstream.com/racereplays/cust/nyss.php?play=MjAyMDA4MTgxOTMxWU9OMg==","American Courage","Fiddler's Creek Stables LLC","Fiddler's Creek Stables LLC","2 YO Colt Pace"
"8/15/2020","Vernon Downs","LINK||https://replays.robertsstream.com/racereplays/cust/nyss.php?play=MjAyMDA4MTUxNzUzVlJOMTA=","Aela Jamieson","Andy Miller Stable Inc., Dumain Haven Farm, Little E. LLC","Vito D. Cucci","2 YO Filly Trot"
"8/15/2020","Vernon Downs","LINK||https://replays.robertsstream.com/racereplays/cust/nyss.php?play=MjAyMDA4MTUxODI3VlJOMTI=","Ireation","Courant Inc.","Order By Stable","2 YO Filly Trot"
"8/15/2020","Vernon Downs","LINK||https://replays.robertsstream.com/racereplays/cust/nyss.php?play=MjAyMDA4MTUxNzE1VlJOOA==","Destined To Dance","Heritage Standardbreds, Crawford Farms Racing, Rich Preziotti","Crawford Farms LLC","2 YO Filly Trot"
"8/12/2020","Saratoga Harness","LINK||https://replays.robertsstream.com/racereplays/cust/nyss.php?play=MjAyMDA4MTIyMDUzU1JONg==","Righfully Mine","Anthony C. Scussel","Monique Cohen","2 YO Filly Pace"
"8/12/2020","Saratoga Harness","LINK||https://replays.robertsstream.com/racereplays/cust/nyss.php?play=MjAyMDA4MTIyMDE0U1JONA==","Test The Faith","Melvin P. Sega, Kentuckiana Racing Stable, Eddie Gran","Fredrick W. Hertich III","2 YO Filly Pace"
"8/11/2020","Yonkers Raceway","LINK||https://replays.robertsstream.com/racereplays/cust/nyss.php?play=MjAyMDA4MTExOTMzWU9OMg==","Without A Warning","Raymond W J Campbell Jr","Raymond W J Campbell Jr","3 YO Filly Trot"
"8/10/2020","Saratoga Harness","LINK||https://replays.robertsstream.com/racereplays/cust/nyss.php?play=MjAyMDA4MTAxMzE4U1JONQ==","Ambassador Hanover","Ake Svanstedt Inc, Order By Stable, Howard A. Taylor, Judith S. Taylor","Hanover Shoe Farms Inc","2 YO Colt Trot"
"8/10/2020","Saratoga Harness","LINK||https://replays.robertsstream.com/racereplays/cust/nyss.php?play=MjAyMDA4MTAxMjE4U1JOMg==","Ahundreddollarbill","Crawford Farms Racing,James A Crawford IV, Ann Mari Daley","Jonas Schlabach","2 YO Colt Trot"
"8/9/2020","Batavia Downs","LINK||https://replays.robertsstream.com/racereplays/cust/nyss.php?play=MjAyMDA4MDkxNjI2QlROMTE=","Town Gossip","Robert M. Weinstein","Winbak Farm","2 YO Colt Pace"
"8/9/2020","Batavia Downs","LINK||https://replays.robertsstream.com/racereplays/cust/nyss.php?play=MjAyMDA4MDkxNTMyQlROOA==","Groovy Joe","Hutt Racing Stable, Blake C. MacIntosh, Ozzie W. Mackay, Hoofbid Racing","Winbak Farm","3 YO Colt Pace"
"8/9/2020","Batavia Downs","LINK||https://replays.robertsstream.com/racereplays/cust/nyss.php?play=MjAyMDA4MDkxNTE0QlRONw==","American Courage","Fiddler's Creek Stables LLC","Fiddler's Creek Stables LLC","2 YO Colt Pace"
"8/9/2020","Batavia Downs","LINK||https://replays.robertsstream.com/racereplays/cust/nyss.php?play=MjAyMDA4MDkxMzEzQlROMQ==","Major Betts","Joseph V. Jannuzzelli, Mark A. Harder, Deena Rachel Frost","Southwind Farms LLC","3 YO Colt Pace"
"8/5/2020","Saratoga Harness","LINK||https://replays.robertsstream.com/racereplays/cust/nyss.php?play=MjAyMDA4MDUyMTEzU1JONw==","Hobbs","Runthetable Stables","Runthetable Stables","3 YO Colt Trot"
"8/5/2020","Saratoga Harness","LINK||https://replays.robertsstream.com/racereplays/cust/nyss.php?play=MjAyMDA4MDUyMDUzU1JONg==","Chaptiama","Purple Haze Stables LLC","Purple Haze Stables LLC","3 YO Colt Trot"
"8/4/2020","Yonkers Raceway","LINK||https://replays.robertsstream.com/racereplays/cust/nyss.php?play=MjAyMDA4MDQyMTMyWU9ONw==","Test Of Faith","Melvin P. Segal, Kentuckiana Racing Stable","Frederick W. Hertrich III","2 YO Filly Pace"
"8/4/2020","Yonkers Raceway","LINK||https://replays.robertsstream.com/racereplays/cust/nyss.php?play=MjAyMDA4MDQyMTA5WU9ONg==","Albergita Hanover","Set E. Coen, George Derocker, Camelot Stable Inc., Decker's Corner Stable","Hanover Shoe Farms Inc.","2 YO Filly Pace"
"8/3/2020","Yonkers Raceway","LINK||https://replays.robertsstream.com/racereplays/cust/nyss.php?play=MjAyMDA4MDMyMjEzWU9OOA==","So Rude","Geoffrey F. Lyons Mound, Glenn Goller, Abraham N. Basen","Steve Jones","3 YO Filly Pace"
"8/3/2020","Yonkers Raceway","LINK||https://replays.robertsstream.com/racereplays/cust/nyss.php?play=MjAyMDA4MDMyMTI4WU9ONw==","Racine Bell","Chris S. Lawton, Dale G. Lawton","Jim Winske","3 YO Filly Pace"
"8/2/2020","Batavia Downs","LINK||https://replays.robertsstream.com/racereplays/cust/nyss.php?play=MjAyMDA4MDIxNTE5QlRONw==","Love A Good Story","Pinske Stables, Kentuckiana Racing Stable, Daniel Plouffe","Celebrity Farms","3 YO Filly Trot"
"8/2/2020","Batavia Downs","LINK||https://replays.robertsstream.com/racereplays/cust/nyss.php?play=MjAyMDA4MDIxNDM3QlRONQ==","Destined To Dance","Heritage Standardbreds, Crawford Farms Racing, Rich Preziotti","Crawford Farms LLC","2 YO Filly Trot"
"8/2/2020","Batavia Downs","LINK||https://replays.robertsstream.com/racereplays/cust/nyss.php?play=MjAyMDA4MDIxNDEzQlRONA==","Broad Strokes","Little E LLC, Joe Sbrocco, L Berg Inc., Triple Play Trotters LLC","Fair Winds Farm Inc.","2 YO Filly Trot"
"8/2/2020","Batavia Downs","LINK||https://replays.robertsstream.com/racereplays/cust/nyss.php?play=MjAyMDA4MDIxMzE0QlROMQ==","Island Lily","Timber Ridge Stable, Frederick C. Grant","Noel M. Daley, Up Front Racing LLC","3 YO Filly Trot"
"8/1/2020","Tioga Downs","LINK||https://replays.robertsstream.com/racereplays/cust/nyss.php?play=MjAyMDA4MDExOTE2VFFOMTU=","American Courage","Fiddler's Creek Stables LLC","Fiddler's Creek Stables LLC","2 YO Colt Pace"
"8/1/2020","Tioga Downs","LINK||https://replays.robertsstream.com/racereplays/cust/nyss.php?play=MjAyMDA4MDExODQ1VFFOMTM=","I'll Drink To That","Craig W. Henderson, Lawrence S. Minowitz, Robert A. Mondillo, Oompa's Farm Inc.","Winbak Farm","2 YO Colt Pace"
"7/28/2020","Yonkers Raceway","LINK||https://replays.robertsstream.com/racereplays/cust/nyss.php?play=MjAyMDA3MjgyMDE1WU9ONA==","Genius Man","Ronald C. Michelon, Daniel Plouffe","Winbak Farm","3 YO Colt Pace"
"7/28/2020","Yonkers Raceway","LINK||https://replays.robertsstream.com/racereplays/cust/nyss.php?play=MjAyMDA3MjgxOTUyWU9OMw==","Major Betts","Joseph V. Jannuzzelli, Mark A. Harder, Deena Rachel Frost","Southwind Farms LLC","3 YO Colt Pace"
"7/26/2020","Tioga Downs","LINK||http://replays.robertsstream.com/racereplays/echoplay/replay.php?d=2020-07-26&r=3&tc=TQN&cust=NYSS&t=1595878461&h=3704926edbd04fa8abdf4320e59cf911","Dee's Red Delicous ","Joseph Martinelli, Sr.","Sherri K. Meirs, Steve D. Organ","2 YO Colt Trot"
"7/26/2020","Tioga Downs","LINK||http://replays.robertsstream.com/racereplays/echoplay/replay.php?d=2020-07-26&r=2&tc=TQN&cust=NYSS&t=1595876667&h=0338036456af4184ca936ef17c853f5f","Ambassador Hanover","Ake Svanstedt Inc., Order By Stable, Howard A. Taylor, Judith S. Taylor","Hanover Shoe Farms Inc.","2 YO Colt Trot"
"7/25/2020","Tioga Downs","LINK||http://replays.robertsstream.com/racereplays/echoplay/replay.php?d=2020-07-25&r=11&tc=TQN&cust=NYSS&t=1595878514&h=a0ccf350979e64676c0a85d84a854635","Chaptiama","Purple Haze Stables LLC","Purple Haze Stables LLC","3 YO Colt Trot"
"7/25/2020","Tioga Downs","LINK||http://replays.robertsstream.com/racereplays/echoplay/replay.php?d=2020-07-25&r=9&tc=TQN&cust=NYSS&t=1595878483&h=a4dc4d375a3796dc27fb9e7fde15b22a","Hobbs","Runthetable Stables","Runthetable Stables","3 YO Colt Trot"
"7/23/2020","Vernon Downs","LINK||http://replays.robertsstream.com/racereplays/echoplay/replay.php?d=2020-07-23&r=9&tc=VRN&cust=NYSS&t=1595878572&h=6a73a84c339fe50b8bf2ca8179b3b4e2","Hen Party","Crawford Farms Racing","Fredrick W. Hertrich III","3 YO Filly Pace"
"7/23/2020","Vernon Downs","LINK||http://replays.robertsstream.com/racereplays/echoplay/replay.php?d=2020-07-23&r=6&tc=VRN&cust=NYSS&t=1595878567&h=f501a8a936a4250b5704cb23bf36575e","Racine Bell","Chris S. Lawton, Dale G. Lawton","Jim Winske","3 YO Filly Pace"
"7/22/2020","Saratoga Harness","LINK||http://replays.robertsstream.com/racereplays/echoplay/replay.php?d=2020-07-22&r=10&tc=SRN&cust=NYSS&t=1595878767&h=3d28501a59896d6ac31a194fa2f2ccce","King James Express","Mark A. Harder, Deena Rachel Frost, Wayne K. Carleton, Dean Lockhart","Gregory S. Dey","2 YO Colt Pace"
"7/22/2020","Saratoga Harness","LINK||http://replays.robertsstream.com/racereplays/echoplay/replay.php?d=2020-07-22&r=9&tc=SRN&cust=NYSS&t=1595878746&h=71bad85e05ccffb4f6159e26ccae2cb1","American Courage","Fiddler's Creek Stables LLC","Fiddler's Creek Stables LLC","2 YO Colt Pace"
"7/22/2020","Saratoga Harness","LINK||http://replays.robertsstream.com/racereplays/echoplay/replay.php?d=2020-07-22&r=8&tc=SRN&cust=NYSS&t=1595878699&h=8d048a0bc898111de960ba933994bd9b","Town Gossip","Robert M. Weinstein","Winbak Farm","2 YO Colt Pace"
"7/21/2020","Yonkers Raceway","LINK||http://replays.robertsstream.com/racereplays/echoplay/replay.php?d=2020-07-21&r=7&tc=YON&cust=NYSS&t=1595878835&h=13aa391b98679b505319b046154f6682","Insured Am S","Courant Inc.","AM Bloodstock Inc.","3 YO Filly Trot"
"7/21/2020","Yonkers Raceway","LINK||http://replays.robertsstream.com/racereplays/echoplay/replay.php?d=2020-07-21&r=6&tc=YON&cust=NYSS&t=1595878812&h=6cda45c529971eb29dc6d69ad2b4969d","Destined To Dance","Heritage Standardbreds, Crawford Farms Racing, Rich Preziotti","Crawford Farms LLC","3 YO Filly Trot"
"7/21/2020","Yonkers Raceway","LINK||http://replays.robertsstream.com/racereplays/echoplay/replay.php?d=2020-07-21&r=5&tc=YON&cust=NYSS&t=1595878793&h=f296e64282da7f0c63953d75d48f40a6","No Pay No Way","Bay Pond Racing Stable","Winbak Farm","3 YO Filly Trot"
"7/19/2020","Tioga Downs","LINK||http://replays.robertsstream.com/racereplays/echoplay/replay.php?d=2020-07-19&r=2&tc=TQN&cust=NYSS&t=1595879337&h=c54562873c6048439c7342ced301dc62","Think of Galaxies","Jonathan Klee Racing, Peter Kleinhans","Peter Kleinhans","2 YO Filly Pace"
"7/19/2020","Tioga Downs","LINK||http://replays.robertsstream.com/racereplays/echoplay/replay.php?d=2020-07-19&r=1&tc=TQN&cust=NYSS&t=1595879313&h=5dad617f1619b0209081048f2ff6fd52","Albergita Hanover","Seth E. Coen, George Derocker, Camelot Stable Inc., Decker's Corner Stable","Hanover Shoe Farms Inc.","2 YO Filly Pace"
"7/14/2020","Yonkers Raceway","LINK||http://replays.robertsstream.com/racereplays/echoplay/replay.php?d=2020-07-14&r=3&tc=YON&cust=NYSS&t=1595879285&h=e03cc8a76afa7f9dde532f57b71a9337","Chaptiama","Purple Haze Stables LLC","Purple Haze Stables LLC",""
