"DATE","TRACK","VIDEO","HORSE","OWNER","BREEDER","EVENT"
"8/28/2021","Vernon Downs","LINK||https://replays.robertsstream.com/racereplays/cust/nyss.php?play=MjAyMTA4MjgxOTQ0VlJONg==","Bare My Soul ","Richard S Gutnick, Thomas J Pontone, Joseph A Lozito Jr, Enviro Stables Ltd","Kentuckiana Farms LLC","2 YO Filly Trot"
"8/28/2021","Vernon Downs","LINK||https://replays.robertsstream.com/racereplays/cust/nyss.php?play=MjAyMTA4MjgyMDA0VlJONw==","Joviality S ","Courant Inc","AM Bloodstock Inc","2 YO Filly Trot"
"8/24/2021","Yonkers Raceway","LINK||https://replays.robertsstream.com/racereplays/cust/nyss.php?play=MjAyMTA4MjQxOTE0WU9OMQ==","Early Action","Val D'Or Farms, Theodore Gewertz","Hanover Shoe Farms Inc","2 YO Colt Pace"
"8/24/2021","Yonkers Raceway","LINK||https://replays.robertsstream.com/racereplays/cust/nyss.php?play=MjAyMTA4MjQxOTM1WU9OMg==","Pickup Man Hanover","Dennis J Noud, Simone H Noud","Hanover Shoe Farms Inc","2 YO Colt Pace"
"8/23/2021"," Saratoga Harness ","LINK||https://replays.robertsstream.com/racereplays/cust/nyss.php?play=MjAyMTA4MjMxNDE5U1JOOA==","Justice","Ake Svanstedt Inc, Little E LLC, Torbjorn Swahn Inc, Myfab Inc","Diamond Creek Farm LLC ","2 YO Colt Trot"
"8/23/2021"," Saratoga Harness ","LINK||https://replays.robertsstream.com/racereplays/cust/nyss.php?play=MjAyMTA4MjMxNTAxU1JOMTA=","Valentine Express ","Salvatore G Vullo, James S De Armond ","Blue Chip Farms Llc, Jordan J Farkas, Jeffrey Scott Rabinowitz","2 YO Colt Trot"
"8/23/2021"," Saratoga Harness ","LINK||https://replays.robertsstream.com/racereplays/cust/nyss.php?play=MjAyMTA4MjMxNTQwU1JOMTI=","Molotov Cocktail ","Richard S Gutnick, Thomas J Pontone, Gary J Cocco","Richard S Gutnick, T L P Stable ","2 YO Colt Trot"
"8/22/2021"," Tioga Downs","LINK||https://replays.robertsstream.com/racereplays/cust/nyss.php?play=MjAyMTA4MjIxMzQwVFFOMw==","Reenactment ","Let It Ride Stables Inc, Maurice Chodash, Barry L Cohen","Frederick W Hertrich III","2 YO Filly Pace"
"8/22/2021"," Tioga Downs","LINK||https://replays.robertsstream.com/racereplays/cust/nyss.php?play=MjAyMTA4MjIxNDIwVFFONQ==","Gotthegreenlight  ","Patricia Stable, Kovach Stables Llc","Stephen P Dey III","2 YO Filly Pace"
"8/21/2021","Tioga Downs ","LINK||https://replays.robertsstream.com/racereplays/cust/nyss.php?play=MjAyMTA4MjEyMDQ4VFFOOA==","Balenciaga ","S R F Stable, Crawford Farms Racing","Crawford Farms LLC","3 YO Colt Trot"
"8/21/2021","Tioga Downs ","LINK||https://replays.robertsstream.com/racereplays/cust/nyss.php?play=MjAyMTA4MjEyMTMyVFFOMTA=","Dewey Arnold ","Philip K Hale, David M Dewhurst","Franklin S Fiero","3 YO Colt Trot"
"8/20/2021","Vernon Downs","LINK||https://replays.robertsstream.com/racereplays/cust/nyss.php?play=MjAyMTA4MjAxOTUwVlJONg==","King James Express ","Mark A Harder, Deena Rachel Frost, Wayne K Carleton, Dean Lockhart","Gregory S Dey","3 YO Colt Pace
"
"8/20/2021","Vernon Downs","LINK||https://replays.robertsstream.com/racereplays/cust/nyss.php?play=MjAyMTA4MjAyMDUzVlJOOQ==","Natameri ","Purple Haze Stables LLC","Robert L Newman","3 YO Colt Pace
"
"8/19/2021","Yonkers Raceway","LINK||https://replays.robertsstream.com/racereplays/cust/nyss.php?play=MjAyMTA4MTkxOTE0WU9OMQ== ","Valentina Blu ","Crawford Farms Racing","Spring Haven Farm, Doug Millard Holdings Usa Inc. ","2 YO Filly Trot"
"8/19/2021","Yonkers Raceway","LINK||https://replays.robertsstream.com/racereplays/cust/nyss.php?play=MjAyMTA4MTkxOTM3WU9OMg== ","Joviality S ","Courant Inc ","AM Bloodstock Inc ","2 YO Filly Trot"
"8/17/2021","Saratoga Harness","LINK||https://replays.robertsstream.com/racereplays/cust/nyss.php?play=MjAyMTA4MTcxNDM2U1JOOQ==","Iteration ","Courant Inc ","Order By Stable"," 3 YO Filly Trot
"
"8/17/2021","Saratoga Harness","LINK||https://replays.robertsstream.com/racereplays/cust/nyss.php?play=MjAyMTA4MTcxNTM0U1JOMTI="," Moni For Lindy","Greathorse","Moni Maker Stable"," 3 YO Filly Trot
"
"8/15/2021","Tioga Downs","LINK||https://replays.robertsstream.com/racereplays/cust/nyss.php?play=MjAyMTA4MTUxMzM3VFFOMw==","Early Action ","Val D'Or Farms, Theodore Gewertz","Hanover Shoe Farms Inc","2 YO Colt Pace"
"8/15/2021","Tioga Downs","LINK||https://replays.robertsstream.com/racereplays/cust/nyss.php?play=MjAyMTA4MTUxNDE5VFFONQ==","Flip My Chip ","Ervin Miller Stable Inc, Sara K Miller ","Winbak Farm","2 YO Colt Pace"
"8/15/2021","Tioga Downs","LINK||https://replays.robertsstream.com/racereplays/cust/nyss.php?play=MjAyMTA4MTUxNTE4VFFOOA==","Stretch The Line ","Ervin Miller Stable Inc, Rock And Roll Stable Inc ","Eric Taddeo","2 YO Colt Pace"
"8/14/2021","Vernon Downs","LINK||https://replays.robertsstream.com/racereplays/cust/nyss.php?play=MjAyMTA4MTQxOTQ0VlJONg==","Think Of Galaxies ","Jonathan Klee Racing, Peter Kleinhans","Peter Kleinhans ","3 YO Filly Pace"
"8/14/2021","Vernon Downs","LINK||https://replays.robertsstream.com/racereplays/cust/nyss.php?play=MjAyMTA4MTQyMDU3VlJOMTA=","Test Of Faith ","Melvin P Segal, Kentuckiana Racing Stable, Eddie Gran","Frederick W Hertrich III ","3 YO Filly Pace"
"8/13/2021","Yonkers Raceway","LINK||https://replays.robertsstream.com/racereplays/cust/nyss.php?play=MjAyMTA4MTMxOTM0WU9OMg==","American Courage ","Fiddler's Creek Stables LLC","Fiddler's Creek Stables LLC"," 3 YO Colt Pace
"
"8/13/2021","Yonkers Raceway","LINK||https://replays.robertsstream.com/racereplays/cust/nyss.php?play=MjAyMTA4MTMxOTU2WU9OMw==","Natameri ","Purple Haze Stables LLC ","Robert L Newman"," 3 YO Colt Pace
"
"8/11/2021","Monticello Raceway ","LINK||https://replays.robertsstream.com/racereplays/cust/nyss.php?play=MjAyMTA4MTExNDM5TVJEOA=="," Ahundreddollarbill ","Crawford Farms Racing, James A Crawford IV","Jonas L Schlabach","3 YO Colt Trot"
"8/10/2021","Saratoga Harness","LINK||https://replays.robertsstream.com/racereplays/cust/nyss.php?play=MjAyMTA4MTAxNDE5U1JOOA==","Hamptons Babe ","Crawford Farms Racing ","Crawford Farms LLC","2 YO Filly Pace
"
"8/10/2021","Saratoga Harness","LINK||https://replays.robertsstream.com/racereplays/cust/nyss.php?play=MjAyMTA4MTAxNTU3U1JOMTM=","Just Divine ","W J Donovan, Craig W Henderson, Joe Sbrocco, Purnel & Libby LLC","Steve Jones ","2 YO Filly Pace
"
"8/9/2021","Yonkers Raceway","LINK||https://replays.robertsstream.com/racereplays/cust/nyss.php?play=MjAyMTA4MDkyMTEwWU9ONg==","Splash Blue Chip ","Ake Svanstedt Inc, Mellby Gard Inc","Blue Chip Bloodstock Inc","3 YO Filly Trot"
"8/8/2021","Tioga Downs","LINK||https://replays.robertsstream.com/racereplays/cust/nyss.php?play=MjAyMTA4MDgxNDE5VFFONQ==","Bomb Hugger ","Thestable Bomb Hugger Grp","Order By Stable","2 YO Filly Trot "
"8/4/2021","Batavia Downs ","LINK||https://replays.robertsstream.com/racereplays/cust/nyss.php?play=MjAyMTA4MDQxODQ5QlRONg==","Quincy Market ","Harmony Oaks Racing Stable Inc, James A Crawford IV, Berg Bros. Stable, Yorwollahan Racing Team ","Steve H Stewart, Martti S Ala-seppala ","2 YO Colt Trot"
"8/4/2021","Batavia Downs ","LINK||https://replays.robertsstream.com/racereplays/cust/nyss.php?play=MjAyMTA4MDQxOTM2QlROOA==","Molotov Cocktail ","Richard S Gutnick, Thomas J Pontone, Gary J Cocco ","Richard S Gutnick, T L P Stable ","2 YO Colt Trot"
"8/3/2021","Yonkers Raceway","LINK||https://replays.robertsstream.com/racereplays/cust/nyss.php?play=MjAyMTA4MDMxOTM1WU9OMg=="," Just Divine ","W J Donovan, Craig W Henderson, Joe Sbrocco, Purnel & Libby LLC","Steve Jones","2 YO Filly Pace "
"8/3/2021","Yonkers Raceway","LINK||https://replays.robertsstream.com/racereplays/cust/nyss.php?play=MjAyMTA4MDMyMTIyWU9ONw==","Gotthegreenlight ","Patricia Stable, Kovach Stables Llc","Stephen P Dey III","2 YO Filly Pace "
"8/3/2021","Yonkers Raceway","LINK||https://replays.robertsstream.com/racereplays/cust/nyss.php?play=MjAyMTA4MDMyMTQ3WU9OOA==","A Girl That Twirls","D Racing Stable Inc","Crawford Farms LLC","2 YO Filly Pace "
"","","","","","",""
"","","","","","",""
"","","","","","",""
"","","","","","",""
"","","","","","",""
"","","","","","",""
"","","","","","",""
"","","","","","",""
"","","","","","",""
"","","","","","",""
"","","","","","",""
"","","","","","",""
"","","","","","",""
"","","","","","",""
"","","","","","",""
"","","","","","",""
"","","","","","",""
"","","","","","",""
"","","","","","",""
"","","","","","",""
"","","","","","",""
"","","","","","",""
"","","","","","",""
"","","","","","",""
"","","","","","",""
"","","","","","",""
"","","","","","",""
"","","","","","",""
"","","","","","",""
"","","","","","",""
"","","","","","",""
"","","","","","",""
"","","","","","",""
"","","","","","",""
"","","","","","",""
"","","","","","",""
"","","","","","",""
"","","","","","",""
"","","","","","",""
"","","","","","",""
"","","","","","",""
"","","","","","",""
