"DATE","TRACK","VIDEO","HORSE","OWNER","BREEDER","EVENT"
"8/28/2021","Vernon Downs","LINK||https://replays.robertsstream.com/racereplays/cust/nyss.php?play=MjAyMTA4MjgxODA5VlJOMQ==","Brandy Brook ","Diane A Harp, Venitia V Harp","Morrisville Col Fdn Inc","2 YO Filly Trot
"
"8/28/2021","Vernon Downs","LINK||https://replays.robertsstream.com/racereplays/cust/nyss.php?play=MjAyMTA4MjgxODI3VlJOMg==","Hannah`s Match ","Hannah M Miller","Roy D Dobbins","2 YO Filly Trot
"
"8/28/2021","Vernon Downs","LINK||https://replays.robertsstream.com/racereplays/cust/nyss.php?play=MjAyMTA4MjgxOTIzVlJONQ==","Je Suis Si Belle ","Andy Miller Stable Inc, Crawford Farms Racing, Mortgage Boys Stable","Crawford Farms LLC","2 YO Filly Trot
"
"8/28/2021","Vernon Downs","LINK||https://replays.robertsstream.com/racereplays/cust/nyss.php?play=MjAyMTA4MjgyMTIwVlJOMTA=","Adjure Hanover ","Andy Miller Stable Inc, Michael A Anderson, Louis A Willinger","Hanover Shoe Farms Inc","2 YO Filly Trot
"
"8/24/2021","Yonkers Raceway","LINK||https://replays.robertsstream.com/racereplays/cust/nyss.php?play=MjAyMTA4MjQxOTU3WU9OMw=="," Bloodhound ","James A Crawford IV","Walnridge Farm Inc"," 2 YO Colt Pace"
"8/23/2021","Saratoga Harness","LINK||https://replays.robertsstream.com/racereplays/cust/nyss.php?play=MjAyMTA4MjMxNDQwU1JOOQ==","Ditchemkwik N Howe","Michael D Deters, Laurie Lee Poulin, Kevin J Kelly ","Kevin J Kelly","2 YO Colt Trot"
"8/23/2021","Saratoga Harness","LINK||https://replays.robertsstream.com/racereplays/cust/nyss.php?play=MjAyMTA4MjMxNTIxU1JOMTE=","Southwind Rifle  ","Kellie A Dickie, Rifle Racing Stable, Glenn W Schnackenberg","Southwind Farms LLC","2 YO Colt Trot"
"8/23/2021","Saratoga Harness","LINK||https://replays.robertsstream.com/racereplays/cust/nyss.php?play=MjAyMTA4MjMxNjAwU1JOMTM=","Always A Ranger ","Rita M Bauer, Scott A Mongeon","Belmar Racing and Breeding LLC ","2 YO Colt Trot"
"8/23/2021","Saratoga Harness","LINK||https://replays.robertsstream.com/racereplays/cust/nyss.php?play=MjAyMTA4MjMxNjI0U1JOMTQ=","Makadushin N Cheez ","Joseph M D'Agostino, Molly D'Agostino, Philip R Kadushin, David M Dewhurst","Fair Winds Farm Inc","2 YO Colt Trot"
"8/22/2021","Tioga Downs","LINK||https://replays.robertsstream.com/racereplays/cust/nyss.php?play=MjAyMTA4MjIxMzE3VFFOMg==","Dudes Sweet Bet ","Triple C Stables LLC, Christopher E Lems","Triple C Stables LLC, Christopher E Lems ","2 YO Filly Pace
"
"8/22/2021","Tioga Downs","LINK||https://replays.robertsstream.com/racereplays/cust/nyss.php?play=MjAyMTA4MjIxNDAyVFFONA==","Su Su Sussudio ","4 Rose Stable","4 Rose Stable","2 YO Filly Pace
"
"8/22/2021","Tioga Downs","LINK||https://replays.robertsstream.com/racereplays/cust/nyss.php?play=MjAyMTA4MjIxNDQ5VFFONg=="," Nadina Hanover ","Dune Road Stables LLC","Hanover Shoe Farms Inc","2 YO Filly Pace
"
"8/22/2021","Tioga Downs","LINK||https://replays.robertsstream.com/racereplays/cust/nyss.php?play=MjAyMTA4MjIxNTA2VFFONw==","Idon`tthinkso ","Jessica L Okusko","John R Mlecz","2 YO Filly Pace
"
"8/21/2021","Tioga Downs","LINK||https://replays.robertsstream.com/racereplays/cust/nyss.php?play=MjAyMTA4MjEyMTExVFFOOQ==","I Love My Country ","James A Crawford IV","Crawford Farms LLC","3 YO Colt Trot"
"8/20/2021","Vernon Downs","LINK||https://replays.robertsstream.com/racereplays/cust/nyss.php?play=MjAyMTA4MjAyMDExVlJONw==","Trevor`s Ace ","Marthe Drolet, Bill W Siegel","Stephen B Schneider, Bill W Siegel","3 YO Colt Pace"
"8/20/2021","Vernon Downs","LINK||https://replays.robertsstream.com/racereplays/cust/nyss.php?play=MjAyMTA4MjAyMDMxVlJOOA=="," Bullville Jonathan ","Crevani Farms","Crevani Farms","3 YO Colt Pace"
"8/20/2021","Vernon Downs","LINK||https://replays.robertsstream.com/racereplays/cust/nyss.php?play=MjAyMTA4MjAyMTEyVlJOMTA=","Hot Joe","Tommy N Dakota Stables, Phillip Fluet Stable LLC, John Quimby LLC ","Crawford Farms LLC","3 YO Colt Pace"
"8/17/2021","Saratoga Harness","LINK||https://replays.robertsstream.com/racereplays/cust/nyss.php?play=MjAyMTA4MTcxMzU5U1JONw==","Runinoutofrsntorun ","Niss Allen Inc","Anthony Joseph Sciarrino ","3 YO Filly Trot"
"8/17/2021","Saratoga Harness","LINK||https://replays.robertsstream.com/racereplays/cust/nyss.php?play=MjAyMTA4MTcxNDU2U1JOMTA=","Insured Am S ","Courant Inc","AM Bloodstock Inc","3 YO Filly Trot"
"8/17/2021","Saratoga Harness","LINK||https://replays.robertsstream.com/racereplays/cust/nyss.php?play=MjAyMTA4MTcxNTE2U1JOMTE=","Izzy Demsky ","Courant Inc","Ville Matias Mikkola","3 YO Filly Trot"
"8/15/2021","Tioga Downs","LINK||https://replays.robertsstream.com/racereplays/cust/nyss.php?play=MjAyMTA4MTUxMzU4VFFONA==","Kj Unreal ","Brenda M Messenger, Scott D Woogen, Philip W Shapiro ","Brenda M Messenger, Scott D Woogen, Philip W Shapiro ","2 YO Colt Pace"
"8/15/2021","Tioga Downs","LINK||https://replays.robertsstream.com/racereplays/cust/nyss.php?play=MjAyMTA4MTUxNDM4VFFONg==","Handsoffmytitos ","Triple D Stables Inc, JFE Enterprise LLC  ","Triple D Stables Inc, JFE Enterprise LLC  ","2 YO Colt Pace"
"8/15/2021","Tioga Downs","LINK||https://replays.robertsstream.com/racereplays/cust/nyss.php?play=MjAyMTA4MTUxNTQwVFFOOQ==","Last Witch Hunt ","Crawford Farms Racing, Jason A Maxon, Jacob D Corlyon, Heather Marshall","Crawford Farms LLC","2 YO Colt Pace"
"8/15/2021","Tioga Downs","LINK||https://replays.robertsstream.com/racereplays/cust/nyss.php?play=MjAyMTA4MTUxNTU4VFFOMTA=","Chariot Drive ","Bay Pond Racing Stable, Mark S Ford ","Winbak Farm","2 YO Colt Pace"
"8/14/2021","Vernon Downs","LINK||https://replays.robertsstream.com/racereplays/cust/nyss.php?play=MjAyMTA4MTQxODI4VlJOMg=="," Take A Chance ","David Earl Towne, James S De Armond, Jessica L Okusko, Larry T Lanpher","Stonegate Stdbred Fms Inc","3 YO Filly Pace"
"8/14/2021","Vernon Downs","LINK||https://replays.robertsstream.com/racereplays/cust/nyss.php?play=MjAyMTA4MTQyMDIxVlJOOA==","Itzpapalotl ","Knutsson Trotting Inc","Winbak Farm","3 YO Filly Pace"
"8/14/2021","Vernon Downs","LINK||https://replays.robertsstream.com/racereplays/cust/nyss.php?play=MjAyMTA4MTQyMDQwVlJOOQ==","Therewasthisgirl ","George Ducharme Stable LLC, Heather Marshall","Crawford Farms LLC ","3 YO Filly Pace"
"8/14/2021","Vernon Downs","LINK||https://replays.robertsstream.com/racereplays/cust/nyss.php?play=MjAyMTA4MTQyMTE0VlJOMTE=","Worlameri ","Purple Haze Stables LLC","White Birch Farm","3 YO Filly Pace"
"8/13/2021","Yonkers Raceway","LINK||https://replays.robertsstream.com/racereplays/cust/nyss.php?play=MjAyMTA4MTMxOTE0WU9OMQ==","Surrealin","Purple Haze Stables LLC ","Hero Stables ","3 YO Colt Pace
"
"8/11/2021","Monticello Raceway","LINK||https://replays.robertsstream.com/racereplays/cust/nyss.php?play=MjAyMTA4MTExMjA5TVJEMQ==","Chapolier ","Purple Haze Stables LLC ","Concord Stud Farm LLC ","3 YO Colt Trot"
"8/11/2021","Monticello Raceway","LINK||https://replays.robertsstream.com/racereplays/cust/nyss.php?play=MjAyMTA4MTExMjM0TVJEMg==","Spotlessreputation ","Jody B Weidman, Wayne M Worden","Morrisville Col Fdn Inc","3 YO Colt Trot"
"8/10/2021","Saratoga Harness","LINK||https://replays.robertsstream.com/racereplays/cust/nyss.php?play=MjAyMTA4MTAxNDAwU1JONw==","Flip The Script ","Mark A Harder, Dean Lockhart, Jeffery E Ruch","Winbak Farm","2 YO Filly Pace
"
"8/10/2021","Saratoga Harness","LINK||https://replays.robertsstream.com/racereplays/cust/nyss.php?play=MjAyMTA4MTAxNDQxU1JOOQ==","Idon`tthinkso ","John R Mlecz ","Jessica L Okusko","2 YO Filly Pace
"
"8/10/2021","Saratoga Harness","LINK||https://replays.robertsstream.com/racereplays/cust/nyss.php?play=MjAyMTA4MTAxNDU5U1JOMTA=","Patsville ","William C De Long, William P De Long","Ross G Bonafield","2 YO Filly Pace
"
"8/10/2021","Saratoga Harness","LINK||https://replays.robertsstream.com/racereplays/cust/nyss.php?play=MjAyMTA4MTAxNTE4U1JOMTE=","Rock On Express ","James S De Armond, Jessica L Okusko","Winbak Farm","2 YO Filly Pace
"
"8/10/2021","Saratoga Harness","LINK||https://replays.robertsstream.com/racereplays/cust/nyss.php?play=MjAyMTA4MTAxNTM3U1JOMTI=","So Flo ","Nancy J Longobardi, Domenic N Longobardi ","Nancy J Longobardi, Domenic N Longobardi ","2 YO Filly Pace
"
"8/9/2021","Yonkers Raceway","LINK||https://replays.robertsstream.com/racereplays/cust/nyss.php?play=MjAyMTA4MDkxOTM3WU9OMg==","Izzy Demsky ","","",""
"","","","","","",""
"","","","","","",""
"","","","","","",""
"","","","","","",""
"","","","","","",""
"","","","","","",""
"","","","","","",""
"","","","","","",""
"","","","","","",""
"","","","","","",""
"","","","","","",""
"","","","","","",""
"","","","","","",""
"","","","","","",""
"","","","","","",""
"","","","","","",""
"","","","","","",""
"","","","","","",""
"","","","","","",""
"","","","","","",""
"","","","","","",""
"","","","","","",""
"","","","","","",""
"","","","","","",""
"","","","","","",""
"","","","","","",""
"","","","","","",""
"","","","","","",""
"","","","","","",""
"","","","","","",""
"","","","","","",""
"","","","","","",""
"","","","","","",""
"","","","","","",""
"","","","","","",""
"","","","","","",""
"","","","","","",""
"","","","","","",""
"","","","","","",""
"","","","","","",""
"","","","","","",""
"","","","","","",""
"","","","","","",""
"","","","","","",""
"","","","","","",""
"","","","","","",""
"","","","","","",""
"","","","","","",""
"","","","","","",""
"","","","","","",""
"","","","","","",""
"","","","","","",""
"","","","","","",""
"","","","","","",""
"","","","","","",""
"","","","","","",""
"","","","","","",""
"","","","","","",""
"","","","","","",""
"","","","","","",""
"","","","","","",""
"","","","","","",""
"","","","","","",""
"","","","","","",""
"","","","","","",""
"","","","","","",""
