"HORSE","VIDEO "," OWNER(S)"," BREEDER(S)"," NIGHT OF CHAMPIONS"
"Joviality S","LINK||https://replays.robertsstream.com/racereplays/cust/nyss.php?play=MjAyMTA5MTAxOTM3WU9OMg==","Courant Inc.","AM Bloodstock Inc. "," 2 YO Filly Trot"
"Molotov Cocktail","LINK||https://replays.robertsstream.com/racereplays/cust/nyss.php?play=MjAyMTA5MTAyMDAwWU9OMw==","Richard S. Gutnick, Thomas J. Pontone, Gary J. Cocco","Richard S. Gutnick, TLP Stable "," 2 YO Colt Trot"
"JD","LINK||https://replays.robertsstream.com/racereplays/cust/nyss.php?play=MjAyMTA5MTAyMDI5WU9ONA==","Raymond W. Schnittker, George E. Zitone, Melissa Beckwith","George E. Zitone "," 2 YO Colt Pace"
"Gotthegreenlight","LINK||https://replays.robertsstream.com/racereplays/cust/nyss.php?play=MjAyMTA5MTAyMDUzWU9ONQ=="," Patricia Stable, Kovach Stables LLC","Stephen P Dey III "," 2 YO Filly Pace"
"Iteration","LINK||https://replays.robertsstream.com/racereplays/cust/nyss.php?play=MjAyMTA5MTAyMTE3WU9ONg==","Courant Inc.","Order By Stable","3 YO Filly Trot"
"Test of Faith","LINK||https://replays.robertsstream.com/racereplays/cust/nyss.php?play=MjAyMTA5MTAyMTQ0WU9ONw==","Melvin P. Segal, Kentuckiana Racing Stable, Eddie Gran","Frederick W. Hertrich III","3 YO Filly Pace"
"Sevenshadesofgrey","LINK||https://replays.robertsstream.com/racereplays/cust/nyss.php?play=MjAyMTA5MTAyMjA4WU9OOA==","Burke Racing Stable LLC, J&T Silva-Purnel & Libby, Lawrence R. Karr, Weaver Bruscemi LLC","Concord Stud Farm LLC","3 YO Colt Trot"
"I'll Drink to That","LINK||https://replays.robertsstream.com/racereplays/cust/nyss.php?play=MjAyMTA5MTAyMjM0WU9OOQ==","Craig W. Henderson, Lawrence S. Minowitz, Robert A. Mondillo, Oompa's Farm Inc.","Winbak Farm","3 YO Colt Pace"
