"DATE","TRACK ","VIDEO ","HORSE ","OWNER ","BREEDER "," EVENT"
"09/10/2022"," Tioga Downs","LINK||https://replays.robertsstream.com/racereplays/cust/nyss.php?play=MjAyMjA5MTAyMDIxVFFONg=="," Joviality S"," Courant Inc"," AM Bloodstock Inc"," 3 YO Filly Trot"
"09/10/2022"," Tioga Downs","LINK||https://replays.robertsstream.com/racereplays/cust/nyss.php?play=MjAyMjA5MTAyMDAyVFFONQ=="," Cool Papa Bell"," Runthetable Stables"," Belmar Racing and Breeding LLC"," 3 YO Colt Trot"
"09/10/2022"," Tioga Downs","LINK||https://replays.robertsstream.com/racereplays/cust/nyss.php?play=MjAyMjA5MTAxOTM5VFFONA==","Twin B Joe Fresh","  Christopher J Ryder, Dexter J Dunn, Peter F Trebotica, Barry Spak"," Brittany Farms LLC"," 2 YO Filly Pace"
"09/10/2022"," Tioga Downs","LINK||https://replays.robertsstream.com/racereplays/cust/nyss.php?play=MjAyMjA5MTAxOTIzVFFOMw=="," American Fling","  Randall B Bendis, Reed Broadway, Pollack Racing LLC","  White Birch Farm"," 2 YO Colt Pace"
"09/10/2022"," Tioga Downs","LINK||https://replays.robertsstream.com/racereplays/cust/nyss.php?play=MjAyMjA5MTAxODQ5VFFOMg=="," Kayleigh S","  Courant Inc","  AM Bloodstock "," 2 YO Filly Trot"
"09/10/2022"," Tioga Downs ","LINK||https://replays.robertsstream.com/racereplays/cust/nyss.php?play=MjAyMjA5MTAxODE0VFFOMQ=="," The Gruffalo","  Racing Team of America, Deena Rachel Frost, Mark A Harder, Emma L Pettersson"," Concord Stud Farm LLC"," 2 YO Colt Trot"
"09/03/2022"," Tioga Downs","LINK||https://replays.robertsstream.com/racereplays/cust/nyss.php?play=MjAyMjA5MDMyMDE4VFFONw=="," Joviality S"," Courant Inc"," AM Bloodstock Inc"," 3 YO Filly Trot "
"08/31/2022"," Batavia Downs","LINK||https://replays.robertsstream.com/racereplays/cust/nyss.php?play=MjAyMjA4MzExOTU4QlRONw=="," Onion Gum"," S R F Stable, Order By Stable AB, Mario T Mazza"," Order By Stable AB"," 2 YO Colt Trot "
"08/31/2022"," Batavia Downs","LINK||https://replays.robertsstream.com/racereplays/cust/nyss.php?play=MjAyMjA4MzExOTM2QlRONg=="," Cecil Hanover"," S R F Stable, Midnight Sun Partners Inc, Ake Svanstedt Inc, Jorgen Sparredal Inc"," Hanover Shoe Farms Inc"," 2 YO Colt Trot"
"08/28/2022"," Tioga Downs","LINK||https://replays.robertsstream.com/racereplays/cust/nyss.php?play=MjAyMjA4MjgxNTIxVFFOOA=="," Pride N Joy"," Noel M Daley, L.A. Express Stable LLC, Lenny Zelin, Harbour Racing Stable"," Elle Stables Inc"," 2 YO Filly Trot"
"08/28/2022"," Tioga Downs","LINK||https://replays.robertsstream.com/racereplays/cust/nyss.php?play=MjAyMjA4MjgxNDQwVFFONg=="," Midwind Success"," James A Crawford IV"," Midwind Farms"," 2 YO Filly Trot"
"08/27/2022"," Vernon Downs","LINK||https://replays.robertsstream.com/racereplays/cust/nyss.php?play=MjAyMjA4MjcyMDQ0VlJOOQ=="," Vivians Dream"," Forrest L Bartlett"," Winbak Farm"," 2 YO Filly Pace"
"08/26/2022"," Batavia Downs ","LINK||https://replays.robertsstream.com/racereplays/cust/nyss.php?play=MjAyMjA4MjYyMDM4QlROOA=="," Slay "," Crawford Farms Racing, James A Crawford IV"," Jonas L Schlabach "," 3 YO Colt Trot"
"08/26/2022"," Batavia Downs ","LINK||https://replays.robertsstream.com/racereplays/cust/nyss.php?play=MjAyMjA4MjYxODQzQlROMw=="," Valentina Blu"," Crawford Farms Racing "," Spring Haven Farm, Doug Millard Holdings Usa Inc."," 3 YO Filly Trot "
"08/23/2022"," Yonkers Raceway","LINK||https://replays.robertsstream.com/racereplays/cust/nyss.php?play=MjAyMjA4MjMyMTIzWU9OOA=="," The Gruffalo"," Racing Team of America, Deena Rachel Frost, Mark A Harder, Emma L Pettersson"," Concord Stud Farm LLC"," 2 YO Colt Trot"
"08/23/2022"," Yonkers Raceway","LINK||https://replays.robertsstream.com/racereplays/cust/nyss.php?play=MjAyMjA4MjMyMTAzWU9ONw=="," Crown"," S R F Stable"," Order By Stable AB"," 2 YO Colt Trot"
"08/22/2022"," Monticello Raceway","LINK||https://replays.robertsstream.com/racereplays/cust/nyss.php?play=MjAyMjA4MjIxNDUwTVJEOA=="," Hurrikane Hunter"," Jonathan Klee Racing, Taddeo Sienicki Stables, Justin B Bolasci, William Garofalo"," Steve Jones"," 2 YO Colt Pace"
"08/22/2022"," Monticello Raceway","LINK||https://replays.robertsstream.com/racereplays/cust/nyss.php?play=MjAyMjA4MjIxMjU1TVJEMw=="," Huntinthelastdolar"," Steve aal Heimbecker, R Gregg McNair"," Crawford Farms LLC"," 2 YO Colt Pace"
"08/21/2022"," Tioga Downs","LINK||https://replays.robertsstream.com/racereplays/cust/nyss.php?play=MjAyMjA4MjExMjAwVFFOMTI="," River Ness"," Burke Racing Stable LLC, Weaver Bruscemi LLC, J&T Silva-Purnel & Libby, Frank D Baldachino"," Steve H Stewart, Oakwood Farms, Michael Dean Robinson"," 3 YO Colt Pace"
"08/21/2022"," Tioga Downs","LINK||https://replays.robertsstream.com/racereplays/cust/nyss.php?play=MjAyMjA4MjExMjAwVFFOOQ=="," Seven Hundred "," Rick Berks"," Blue Chip Bloodstock Inc,  Our Horse Cents Stables"," 3 YO Colt Pace"
"08/21/2022"," Tioga Downs","LINK||https://replays.robertsstream.com/racereplays/cust/nyss.php?play=MjAyMjA4MjExMjAwVFFONw=="," Pleaseletmeknow"," Fiddler's Creek Stables LLC"," Fiddler's Creek Stables LLC"," 3 YO Colt Pace"
"08/19/2022"," Vernon Downs","LINK||https://replays.robertsstream.com/racereplays/cust/nyss.php?play=MjAyMjA4MTkyMDEwVlJONw=="," Instagram Model"," R Lynn Curry"," Steve Jones, Raymond W Schnittker"," 2 YO Filly Trot "
"08/19/2022"," Vernon Downs","LINK||https://replays.robertsstream.com/racereplays/cust/nyss.php?play=MjAyMjA4MTkxOTI2VlJONQ=="," In Italian"," Bradley J Grant, Howard A Taylor"," Order By Stable AB"," 2 YO Filly Trot"
"08/17/2022"," Batavia Downs","LINK||https://replays.robertsstream.com/racereplays/cust/nyss.php?play=MjAyMjA4MTcxOTU4QlRONw=="," Gotthegreenlight"," Patricia Stable, Kovach Stables Llc"," Stephen P Dey II"," 3 YO Filly Pace"
"08/17/2022"," Batavia Downs","LINK||https://replays.robertsstream.com/racereplays/cust/nyss.php?play=MjAyMjA4MTcxOTAzQlRONA=="," Patsville"," William C De Long, William P De Long"," Ross G Bonafield"," 3 YO Filly Pace"
"08/15/2022"," Monticello Raceway ","LINK||https://replays.robertsstream.com/racereplays/cust/nyss.php?play=MjAyMjA4MTUxNDQ1TVJEOA=="," Valentina Blu"," Crawford Farms Racing"," Spring Haven Farm, Doug Millard Holdings Usa Inc."," 3 YO Filly Trot"
"08/15/2022"," Monticello Raceway","LINK||https://replays.robertsstream.com/racereplays/cust/nyss.php?play=MjAyMjA4MTUxMjUzTVJEMw=="," In A Tiny Way"," Ellen M Mc Neil","Ellen M Mc Neil"," 3 YO Filly Trot"
"08/14/2022"," Saratoga Harness","LINK||https://replays.robertsstream.com/racereplays/cust/nyss.php?play=MjAyMjA4MTQyMDQwU1JONw=="," Slay"," Crawford Farms Racing, James A Crawford IV"," Jonas L Schlabach"," 3 YO Colt Trot"
"08/14/2022"," Saratoga Harness","LINK||https://replays.robertsstream.com/racereplays/cust/nyss.php?play=MjAyMjA4MTQyMDIwU1JONg=="," World At War Deo"," Burke Racing Stable LLC, Weaver Bruscemi LLC"," Deo Volente Farms LLC"," 3 YO Colt Trot"
"08/13/2022"," Tioga Downs","LINK||https://replays.robertsstream.com/racereplays/cust/nyss.php?play=MjAyMjA4MTMyMTI1VFFOMTA="," Tillio's Action"," John Grasso Stable Inc"," Risto J Vidgren"," 2 YO Colt Trot"
"08/13/2022"," Tioga Downs","LINK||https://replays.robertsstream.com/racereplays/cust/nyss.php?play=MjAyMjA4MTMyMDQ5VFFOOA=="," Crown"," S R F Stable"," Order By Stable AB"," 2 YO Colt Trot"
"08/12/2022"," Vernon Downs","LINK||https://replays.robertsstream.com/racereplays/cust/nyss.php?play=MjAyMjA4MTIyMDM5VlJOOQ=="," Duval Street"," Sundance Stable LLC, Kim Chiaramonte Sears"," Sundance Stable LLC, Jay C Sears"," 2 YO Colt Pace"
"08/12/2022"," Vernon Downs","LINK||https://replays.robertsstream.com/racereplays/cust/nyss.php?play=MjAyMjA4MTIxOTM4VlJONg=="," Blue Hunt"," United Process Control Co, Erica L Chartrand"," Crawford Farms LLC"," 2 YO Colt Pace"
"08/10/2022"," Batavia Downs","LINK||https://replays.robertsstream.com/racereplays/cust/nyss.php?play=MjAyMjA4MTAxOTU4QlRONw=="," Vivians Dream"," Forrest L Bartlett"," Winbak Farm"," 2 YO Filly Pace"
"08/10/2022"," Batavia Downs","LINK||https://replays.robertsstream.com/racereplays/cust/nyss.php?play=MjAyMjA4MTAxOTAyQlRONA=="," Dame"," Stephen P Richard"," Stephen P Richard"," 2 YO Filly Pace"
"08/09/2022"," Yonkers Raceway","LINK||https://replays.robertsstream.com/racereplays/cust/nyss.php?play=MjAyMjA4MDkyMTIzWU9OOA=="," Roll With The Flow"," Hutt Racing Stable, Middlebrook Racing L P, Blake C MacIntosh","Winbak Farm"," 3 YO Colt Pace"
"08/09/2022"," Yonkers Raceway","LINK||https://replays.robertsstream.com/racereplays/cust/nyss.php?play=MjAyMjA4MDkyMTA1WU9ONw=="," Stretch The Line"," Ervin Miller Stable Inc, Rock And Roll Stable Inc","Eric Taddeo"," 3 YO Colt Pace"
"08/08/2022"," Monticello Raceway","LINK||https://replays.robertsstream.com/racereplays/cust/nyss.php?play=MjAyMjA4MDgxNTA4TVJEOQ=="," Woolco"," Hero Stables"," Robert J Krivelin"," 2 YO Filly Trot"
"08/08/2022"," Monticello Raceway","LINK||https://replays.robertsstream.com/racereplays/cust/nyss.php?play=MjAyMjA4MDgxMzEzTVJENA=="," Ruth Honig"," Shermay Stables"," Jonas L Schlabach"," 2 YO Filly Trot"
"08/05/2022"," Saratoga Harness","LINK||https://replays.robertsstream.com/racereplays/cust/nyss.php?play=MjAyMjA4MDUyMDM3U1JONw=="," Just Divine"," W J Donovan, Craig W Henderson, Joe Sbrocco, Purnel & Libby LLC"," Steve Jones"," 3 YO Filly Pace"
"08/05/2022"," Saratoga Harness","LINK||https://replays.robertsstream.com/racereplays/cust/nyss.php?play=MjAyMjA4MDUyMDE4U1JONg=="," Kele Kele"," Jonathan Klee Racing, William Garofalo, Hurrikane Racing LLC"," Peter Kleinhans "," 3 YO Filly Pace"
"08/03/2022"," Batavia Downs","LINK||https://replays.robertsstream.com/racereplays/cust/nyss.php?play=MjAyMjA4MDMyMTE5QlROMTE="," Human Cocktail"," Stephen W Demeter"," Blue Chip Bloodstock Inc, Daniel C Zucker, Stephen W Demeter"," 2 YO Colt Pace"
"08/03/2022"," Batavia Downs","LINK||https://replays.robertsstream.com/racereplays/cust/nyss.php?play=MjAyMjA4MDMxOTU3QlRONw=="," Huntinthelastdolar"," Steve L Heimbecker, R Gregg McNair"," Crawford Farms LLC"," 2 YO Colt Pace"
"08/02/2022"," Hunting Season","LINK||https://replays.robertsstream.com/racereplays/cust/nyss.php?play=MjAyMjA4MDIyMTMyWU9OOA=="," Hunting Season"," Raymond W Schnittker, Mary Kinsey Arnold, Steven Arnold"," Raymond W Schnittker, Mary Kinsey Arnold, Steven Arnold"," 2 YO Filly Pace"
"08/02/2022"," Yonkers Raceway","LINK||https://replays.robertsstream.com/racereplays/cust/nyss.php?play=MjAyMjA4MDIyMTE1WU9ONw=="," Earthwindfire"," Melvin P Segal, Kentuckiana Racing Stable, Tulip Racing"," Stephen P Dey III"," 2 YO Filly Pace"
"08/01/2022"," Monticello Raceway ","LINK||https://replays.robertsstream.com/racereplays/cust/nyss.php?play=MjAyMjA4MDExNDQ0TVJEOA=="," Wild Bill Kelso"," RUNTHETABLE STABLES"," RUNTHETABLE STABLES"," 2 YO Colt Trot"
"08/01/2022"," Monticello Raceway ","LINK||https://replays.robertsstream.com/racereplays/cust/nyss.php?play=MjAyMjA4MDExNDAyTVJENg=="," Kierkegaard K"," Knutsson Trotting Inc"," Knutsson Trotting Inc"," 2 YO Colt Trot "
"07/28/2022"," Yonkers Raceway","LINK||https://replays.robertsstream.com/racereplays/cust/nyss.php?play=MjAyMjA3MjgyMTE4WU9OOA=="," Kayleigh S"," Courant Inc"," AM Bloodstock "," 2 YO Filly Trot"
"07/28/2022"," Yonkers Raceway","LINK||https://replays.robertsstream.com/racereplays/cust/nyss.php?play=MjAyMjA3MjgyMDU3WU9ONw=="," Woolco"," Hero Stables"," Robert J Krivelin"," 2 YO Filly Trot"
"07/27/2022"," Batavia Downs","LINK||https://replays.robertsstream.com/racereplays/cust/nyss.php?play=MjAyMjA3MjcxOTU1QlRONw=="," Jd"," Raymond W Schnittker, George E Zitone, Melissa Beckwith"," George E Zitone"," 3 YO Colt Pace"
"07/27/2022"," Batavia Downs","LINK||https://replays.robertsstream.com/racereplays/cust/nyss.php?play=MjAyMjA3MjcxODU3QlRONA=="," Seven Hundred"," Rick Berks"," Blue Chip Bloodstock Inc, Our House Cents Stables"," 3 YO Colt Pace"
"07/25/2022"," Monticello Raceway","LINK||https://replays.robertsstream.com/racereplays/cust/nyss.php?play=MjAyMjA3MjUxNTQzTVJEMTE="," Earthwindfire"," Melvin P Segal, Kentuckiana Racing Stable, Tulip Racing"," Stephen P Dey III"," 2 YO Filly Pace"
"07/25/2022"," Monticello Raceway","LINK||https://replays.robertsstream.com/racereplays/cust/nyss.php?play=MjAyMjA3MjUxNTA1TVJEOQ=="," Vivians Draem"," Forrest L Bartlett"," Winbak Farm"," 2 YO Filly Pace"
"07/24/2022"," Tioga Downs","LINK||https://replays.robertsstream.com/racereplays/cust/nyss.php?play=MjAyMjA3MjQxNDQxVFFONg=="," Gotthegreenlight"," Patricia Stable, Kovach Stables Llc"," Stephen P Dey III"," 3 YO Filly Pace"
"07/24/2022"," Tioga Downs","LINK||https://replays.robertsstream.com/racereplays/cust/nyss.php?play=MjAyMjA3MjQxMzQ4VFFOMw=="," Valar Dohaeris"," Knutsson Trotting Inc"," LST Stables, William T DeVan Jr"," 3 YO Filly Pace"
"07/23/2022"," Saratoga Harness","LINK||https://replays.robertsstream.com/racereplays/cust/nyss.php?play=MjAyMjA3MjMyMTA2U1JOOA=="," Blue Hunt"," United Process Control Co, Erica L Chartrand"," Crawford Farms LLC"," 2 YO Colt Pace"
"07/23/2022"," Saratoga Harness","LINK||https://replays.robertsstream.com/racereplays/cust/nyss.php?play=MjAyMjA3MjMyMDQ1U1JONw=="," American Fling"," Randall B Bendis, Reed Broadway, Pollack Racing LLC"," White Birch Farm"," 2 YO Colt Pace"
"07/23/2022"," Saratoga Harness","LINK||https://replays.robertsstream.com/racereplays/cust/nyss.php?play=MjAyMjA3MjMxOTU5U1JONQ=="," Ben Solo"," Jesmeral Stable"," Monique Cohen "," 2 YO Colt Pace"
"07/22/2022"," Vernon Downs ","LINK||https://replays.robertsstream.com/racereplays/cust/nyss.php?play=MjAyMjA3MjIxNDQyVlJOOA=="," Crown "," S R F Stable"," Order by Stable AB"," 2 YO Colt Trot "
"07/22/2022"," Vernon Downs","LINK||https://replays.robertsstream.com/racereplays/cust/nyss.php?play=MjAyMjA3MjIxNDIyVlJONw=="," The Gruffalo"," Racing Team of America, Deena Rachel Frost, Mark A Harder, Emma L Pettersson"," Concord Stud Farm LLC"," 2 YO Colt Trot "
"07/22/2022"," Vernon Downs","LINK||https://replays.robertsstream.com/racereplays/cust/nyss.php?play=MjAyMjA3MjIxMzQwVlJONQ=="," Kilmister"," Courant Inc"," Moni Market Breeders"," 2 YO Colt Trot"
"07/20/2022"," Batavia Downs","LINK||https://replays.robertsstream.com/racereplays/cust/nyss.php?play=MjAyMjA3MjAyMDIyQlROOA=="," Kayleigh S"," Courant Inc"," AM Bloodstock"," 2 YO Filly Trot"
"07/20/2022"," Batavia Downs","LINK||https://replays.robertsstream.com/racereplays/cust/nyss.php?play=MjAyMjA3MjAxOTQ0QlRONg=="," Mari"," Fortunate One LLC, Jason E Shaw"," Annette Roydon"," 2 YO Filly Trot"
"07/20/2022"," Batavia Downs","LINK||https://replays.robertsstream.com/racereplays/cust/nyss.php?play=MjAyMjA3MjAxOTA0QlRONA=="," Last Page First"," Determination"," Tara Hills Stud Ltd, David B Heffering"," 2 YO Filly Trot"
"07/19/2022"," Yonkers Raceway","LINK||https://replays.robertsstream.com/racereplays/cust/nyss.php?play=MjAyMjA3MTkyMTMyWU9OOA=="," Velvet Style"," George A Bonomo, Rose Bonomo"," Stephen P Dey III"," 3 YO Colt Trot"
"07/19/2022"," Yonkers Raceway","LINK||https://replays.robertsstream.com/racereplays/cust/nyss.php?play=MjAyMjA3MTkyMTE0WU9ONw=="," Cool Papa Bell"," RUNTHETABLE STABLES "," Belmar Racing and Breeding LLC"," 3 YO Colt Trot"
"07/18/2022"," Monticello Raceway","LINK||https://replays.robertsstream.com/racereplays/cust/nyss.php?play=MjAyMjA3MTgxNDAwTVJENg=="," Jd"," Raymond W Schnittker, George E Zitone, Melissa Beckwith"," George E Zitone"," 3 YO Colt Pace"
"07/18/2022"," Monticello Raceway","LINK||https://replays.robertsstream.com/racereplays/cust/nyss.php?play=MjAyMjA3MTgxMjU3TVJEMw=="," Pleaseletmeknow"," Fiddler's Creek Stables LLC"," Fiddler's Creek Stables LLC"," 3 YO Colt Pace"
"07/17/2022"," Saratoga Harness","LINK||https://replays.robertsstream.com/racereplays/cust/nyss.php?play=MjAyMjA3MTcyMDI5U1JONw=="," Little Pink Lies"," Ake Svanstedt Inc, Triple Play Trotters LLC, Tomas Andersson"," Crawford Farms LLC"," 3 YO Filly Trot"
"07/17/2022"," Saratoga Harness","LINK||https://replays.robertsstream.com/racereplays/cust/nyss.php?play=MjAyMjA3MTcyMDExU1JONg=="," Bare My Soul"," Richard S Gutnick, Thomas J Pontone, Joseph A Lozito Jr, Enviro Stables Ltd"," Kentuckiana Farms LLC"," 3 YO Filly Trot"
"07/13/2022"," Buffalo Raceway","LINK||https://replays.robertsstream.com/racereplays/cust/nyss.php?play=MjAyMjA3MTMxNDUxQlVONQ=="," American Fling"," Randall B Bendis, Reed Broadway, Pollack Racing LLC"," White Birch Farm "," 2 YO Colt Pace"
"07/12/2022"," Yonkers Raceway","LINK||https://replays.robertsstream.com/racereplays/cust/nyss.php?play=MjAyMjA3MTIyMTMyWU9OOA=="," Gotthegreenlight"," Patricia Stable, Kovach Stables Llc"," Stephen P Dey III"," 3 YO Filly Pace"
"07/11/2022"," Monticello Raceway","LINK||https://replays.robertsstream.com/racereplays/cust/nyss.php?play=MjAyMjA3MTExNDQwTVJEOA=="," Quincy Market"," Samuel L Abdoo"," Steve H Stewart, Martti S Ala-seppala"," 3 YO Colt Trot "
"07/11/2022"," Monticello Raceway","LINK||https://replays.robertsstream.com/racereplays/cust/nyss.php?play=MjAyMjA3MTExMjA5TVJEMQ=="," Chapheart"," Purple Haze Stables LLC"," Steve Jones, Fair Winds Farm Inc"," 3 YO Colt Trot "
"07/08/2022"," Saratoga Harness","LINK||https://replays.robertsstream.com/racereplays/cust/nyss.php?play=MjAyMjA3MDgxOTE5U1JOOA=="," Kilmister"," Courant Inc"," Moni Market Breeders"," 2 YO Colt Trot "
"07/08/2022"," Saratoga Harness","LINK||https://replays.robertsstream.com/racereplays/cust/nyss.php?play=MjAyMjA3MDgxOTAxU1JONw=="," Met Your Request"," Andy Miller Stable Inc, Caroll D Huffman"," Daniel G Roland "," 2 YO Colt Trot "
"07/08/2022"," Saratoga Harness","LINK||https://replays.robertsstream.com/racereplays/cust/nyss.php?play=MjAyMjA3MDgxODQxU1JONg=="," The Gruffalo "," Racing Team of America, Deena Rachel Frost, Mark A Harder, Emma L Pettersson"," Concord Stud Farm LLC"," 2 YO Colt Trot "
"07/08/2022"," Saratoga Harness","LINK||https://replays.robertsstream.com/racereplays/cust/nyss.php?play=MjAyMjA3MDgxODIyU1JONQ=="," Crown "," S R F Stable"," Order By Stable AB"," 2 Yo Colt Trot "
"07/06/2022"," Buffalo Raceway","LINK||https://replays.robertsstream.com/racereplays/cust/nyss.php?play=MjAyMjA3MDYxNDUwQlVONQ=="," El Mission Goddess"," Peter V Branciforte, Clare M Semer, Edward W Reich, Thomas F Corelli"," Steve Jones"," 2 YO Filly Trot"
"07/06/2022"," Buffalo Raceway","LINK||https://replays.robertsstream.com/racereplays/cust/nyss.php?play=MjAyMjA3MDYxMzUwQlVOMg=="," Metro Matty"," Bay Pond Racing Stable"," Winbak Farm"," 2 YO Filly Trot"
"07/04/2022"," Saratoga Harness","LINK||https://replays.robertsstream.com/racereplays/cust/nyss.php?play=MjAyMjA3MDQxNDIzU1JOOA=="," Twin B Joe Fresh "," Christopher J Ryder, Dexter J Dunn, Peter F Trebotica, Barry Spak"," Brittany Farms LLC"," 2 YO Filly Pace"
"07/04/2022"," Saratoga Harness","LINK||https://replays.robertsstream.com/racereplays/cust/nyss.php?play=MjAyMjA3MDQxNDAxU1JONw=="," Vivians Dream"," Forrest L Bartlett"," Winbak Farm"," 2 YO Filly Pace"
"07/04/2022"," Saratoga Harness","LINK||https://replays.robertsstream.com/racereplays/cust/nyss.php?play=MjAyMjA3MDQxMzM4U1JONg=="," Hunting Season "," Raymond W Schnittker, Mary Kinsey Arnold, Steven Arnold"," Raymond W Schnittker, Mary Kinsey Arnold, Steven Arnold"," 2 YO Filly Pace"
"06/29/2022"," Buffalo Raceway ","LINK||https://replays.robertsstream.com/racereplays/cust/nyss.php?play=MjAyMjA2MjkxNDM1QlVONA=="," Wild Bill Kelso "," RUNTHETABLE STABLES"," RUNTHETABLE STABLES"," 2 YO Colt Trot"
"06/29/2022"," Buffalo Raceway ","LINK||https://replays.robertsstream.com/racereplays/cust/nyss.php?play=MjAyMjA2MjkxNDEyQlVOMw=="," Kennebago"," Michael D Andrew"," Michael D Andrew"," 2 YO Colt Trot "
"06/26/2022"," Tioga Downs ","LINK||https://replays.robertsstream.com/racereplays/cust/nyss.php?play=MjAyMjA2MjYxNDM4VFFONg=="," Blue Hunt"," United Process Control Co, Erica L Chartrand"," Crawford Farms LLC"," 2 YO Colt Pace"
"06/26/2022"," Tioga Downs ","LINK||https://replays.robertsstream.com/racereplays/cust/nyss.php?play=MjAyMjA2MjYxMzU1VFFONA=="," American Fling"," Randall B Bendis, Reed Broadway, Pollack Racing, LLC"," White Birch Farm "," 2 YO Colt Pace"
"06/22/2022"," Buffalo Raceway","LINK||https://replays.robertsstream.com/racereplays/cust/nyss.php?play=MjAyMjA2MjIxNDMxQlVONA=="," Doing Marvelous"," Frank E Chick"," Winbak Farm "," 2 YO Filly Pace"
"06/22/2022"," Buffalo Raceway","LINK||https://replays.robertsstream.com/racereplays/cust/nyss.php?play=MjAyMjA2MjIxMzQ5QlVOMg=="," Vivians Dream"," Forrest L Bartlett"," Winbak Farm "," 2 YO Filly Pace"
"06/20/2022"," Saratoga Harness Raceway ","LINK||https://replays.robertsstream.com/racereplays/cust/nyss.php?play=MjAyMjA2MjAxNDA2U1JONw=="," Kayleigh S"," Courant Inc"," AM Bloodstock "," 2 YO Filly Trot "
"06/20/2022"," Saratoga Harness Raceway ","LINK||https://replays.robertsstream.com/racereplays/cust/nyss.php?play=MjAyMjA2MjAxMzIzU1JONQ=="," Canterbury Hanover
"," Holly Lane Stud East LTD"," Hanover Shoe Farms Inc"," 2 YO Filly Trot"
"06/19/2022"," Vernon Downs","LINK||https://replays.robertsstream.com/racereplays/cust/nyss.php?play=MjAyMjA2MTkxNTAxVlJOOQ=="," Seven Hundred"," Rick Berks"," Blue Chip Bloodstock Inc, Our Horse Cents Stables"," 3 YO Colts & Geldings Pace"
"06/19/2022"," Vernon Downs ","LINK||https://replays.robertsstream.com/racereplays/cust/nyss.php?play=MjAyMjA2MTkxNDE5VlJONw=="," River Ness"," Burke Racing Stable LLC, Weaver Bruscemi LLC, J&T Silva- Purnel & Libby, Frank D Baldachino"," Steve H Stewart, Oakwood Farms, Michael Dean Robinson"," 3 YO Colts & Geldings Pace"
"06/19/2022"," Vernon Downs ","LINK||https://replays.robertsstream.com/racereplays/cust/nyss.php?play=MjAyMjA2MTkxMzM4VlJONQ=="," All About The Hunt "," Crawford Farms Racing, Heather Marshall"," Crawford Farms LLC"," 3 YO Colts & Geldings Pace"
"06/19/2022"," Vernon Downs","LINK||https://replays.robertsstream.com/racereplays/cust/nyss.php?play=MjAyMjA2MTkxMjUzVlJOMw=="," Bounty Hunter"," Royal Wire Products Inc"," Crawford Farms LLC"," 3 YO Colts & Geldings Pace"
"06/17/2022"," Vernon Downs","LINK||https://replays.robertsstream.com/racereplays/cust/nyss.php?play=MjAyMjA2MTcxMzU1VlJONg=="," A Girl That Twirls"," D Racing Stable Inc"," Crawford Farms LLC"," 3 YO Filly Pace"
"06/17/2022"," Vernon Downs","LINK||https://replays.robertsstream.com/racereplays/cust/nyss.php?play=MjAyMjA2MTcxMzEzVlJONA=="," Getthegreenlight"," Patricia Stable, Kovach Stables LLC"," Stephen P. Dey III"," 3 YO Filly Pace"
"06/12/2022"," Saratoga","LINK||https://replays.robertsstream.com/racereplays/cust/nyss.php?play=MjAyMjA2MTIxNDAxU1JONw=="," Pleaseletmeknow"," Fiddler's Creek Stables LLC"," Fiddler's Creek Stables LLC"," 3 YO Colt Pace"
"06/12/2022"," Saratoga","LINK||https://replays.robertsstream.com/racereplays/cust/nyss.php?play=MjAyMjA2MTIxMzM5U1JONg=="," Hazeville"," Jonathan Klee Racing, William Garofalo, Rosemarie Sienicki, Eric Taddeo"," Eric Taddeo"," 3 YO Colt Pace"
"06/12/2022"," Saratoga","LINK||https://replays.robertsstream.com/racereplays/cust/nyss.php?play=MjAyMjA2MTIxMzE5U1JONQ=="," Twin B Deluxe"," Michael Goldberg Racing LLC, A Harris Racing LLC"," Twinbrook Limited"," 3 YO Colt Pace"
"06/10/2022"," Vernon Downs","LINK||https://replays.robertsstream.com/racereplays/cust/nyss.php?play=MjAyMjA2MTAxMzE2VlJONA=="," Slay"," Crawford Farms Racing, James A Crawford IV"," Jonas L Schlabach"," 3 YO Colt Trot"
"06/10/2022"," Vernon Downs","LINK||https://replays.robertsstream.com/racereplays/cust/nyss.php?play=MjAyMjA2MTAxMjM0VlJOMg=="," Branded By Lindy"," Lindy Farms of Conn"," Lindy Farms of Conn"," 3 YO Colt Pace"
"06/08/2022"," Buffalo Raceway","LINK||https://replays.robertsstream.com/racereplays/cust/nyss.php?play=MjAyMjA2MDgxNDQ3QlVONQ=="," Cash Infusion"," W J Donovan, Purnel & Libby LLC, Joe Sbrocco, George Ducharme Stable LLC."," Jonas Schlabach"," 3 YO Filly Trot"
"06/08/2022"," Buffalo Raceway","LINK||https://replays.robertsstream.com/racereplays/cust/nyss.php?play=MjAyMjA2MDgxMzQ5QlVOMg==","Bomb Hugger"," Thestable Bomb Hugger Grp"," Order By Stable AB"," 3 YO Filly Trot"
"06/06/2022"," Monticello Raceway","LINK||https://replays.robertsstream.com/racereplays/cust/nyss.php?play=MjAyMjA2MDYxNDM3TVJEOA=="," Kele Kele"," Jonathan Klee Racing, Peter Kleinhans, William Garofalo, Hurrikane Racing LLC","Peter Kleinhans"," 3 YO Filly Pace"
"06/06/2022"," Monticello Raceway","LINK||https://replays.robertsstream.com/racereplays/cust/nyss.php?play=MjAyMjA2MDYxMjA5TVJEMQ=="," American Ticket"," Hutt Racing Stable, Blake and Ozzie Stables, James J Giannuzzi, Robert H MacNeil"," Winbak Farm"," 3 YO Filly Pace"
"06/01/2022"," Buffalo Raceway","LINK||https://replays.robertsstream.com/racereplays/cust/nyss.php?play=MjAyMjA2MDExNTE5QlVONg=="," Te Amo Blue Chip"," Barbara J Berger, Barry J Mandell, Larry Brown, Theresa L Donnelly"," Blue Chip Bloodstock Inc."," 3 YO Colt Pace"
"06/01/2022"," Buffalo Raceway","LINK||https://replays.robertsstream.com/racereplays/cust/nyss.php?play=MjAyMjA2MDExNDMzQlVONA=="," Pleaseletmeknow"," Fiddler's Creek Stables LLC"," Fiddler's Creek Stables LLC"," 3 YO Colt Pace"
"05/30/2022"," Vernon Downs","LINK||https://replays.robertsstream.com/racereplays/cust/nyss.php?play=MjAyMjA1MzAxNDU5VlJOOQ=="," Joviality S"," Courant Inc."," AM Bloodstock Inc."," 3 YO Filly Trot"
"05/30/2022"," Vernon Downs","LINK||https://replays.robertsstream.com/racereplays/cust/nyss.php?play=MjAyMjA1MzAxNDE3VlJONw=="," Bare My Soul"," Richard S Gutnick, Thomas J Pntone, Joseph A Lozito Jr, Enviro Stables Ltd."," Kentuckiana Farms LLC"," 3 YO Filly Trot"
"05/29/2022"," Tioga Downs","LINK||https://replays.robertsstream.com/racereplays/cust/nyss.php?play=MjAyMjA1MjkxNjA0VFFOOQ=="," Cool Papa Bell"," RUNTHETABLE STABLES"," Belmar Racing and Breeding Inc."," 3 YO Colt Trot"
"05/29/2022"," Tioga Downs","LINK||https://replays.robertsstream.com/racereplays/cust/nyss.php?play=MjAyMjA1MjkxNDM2VFFONQ=="," Justice"," Ake Svanstedt Inc., Little E LLC, Torbjorn Swahn Inc, Myfab Inc."," Diamond Creek Farm LLC"," 3 YO Colt Trot"
"05/25/2022"," Buffalo Raceway","LINK||https://replays.robertsstream.com/racereplays/cust/nyss.php?play=MjAyMjA1MjUxNTI4QlVONw=="," Joyride Hanover"," Eric K Good"," Hanover Shoe Farms Inc"," 3 YO Filly Pace"
"05/25/2022"," Buffalo Raceway","LINK||https://replays.robertsstream.com/racereplays/cust/nyss.php?play=MjAyMjA1MjUxMzQ5QlVOMg=="," Gotthegreenlight"," Patricia Stable, Kovach Stables LLC"," Stephen P Dey III"," 3 YO Filly Pace"
" 05/18/2022"," Buffalo Raceway","LINK||http://replays.robertsstream.com/racereplays/echoplay/replay.php?d=2022-05-18&r=5&tc=BUN&cust=NYSS&t=1652966610&h=1b69830c0073cf15d5cf64c21be787d5"," Clapheart"," Purple Haze Stables LLC"," Steve Jones, Fair Winds Farms Inc"," 3 YO Colt Trot"
" 05/16/2022"," Yonkers Raceway","LINK||https://replays.robertsstream.com/racereplays/cust/nyss.php?play=MjAyMjA1MTYyMDAyWU9ONA=="," Joviality S","Courant Inc","AM Bloodstock Inc. ","3 YO Filly Trot "
" 05/16/2022"," Yonkers Raceway","LINK||https://replays.robertsstream.com/racereplays/cust/nyss.php?play=MjAyMjA1MTYyMDQ4WU9ONg=="," Valentina Blu","Crawford Farms Racing ","Spring Haven Farm
Doug Millard Holdings USA Inc.
 ","3 YO Filly Trot"
" 05/16/2022"," Yonkers Raceway","LINK||https://replays.robertsstream.com/racereplays/cust/nyss.php?play=MjAyMjA1MTYyMTU1WU9OOQ=="," La Vie En Blanc","Crawford Farms Racing","Crawford Farms LLC 
","3 YO Filly Trot"
