"DATE","TRACK","VIDEO","HORSE","OWNER","BREEDER","EVENT"
"09/11/2022"," Saratoga Harness","LINK||https://replays.robertsstream.com/racereplays/cust/nyss.php?play=MjAyMjA5MTExNTAwU1JOMTA="," To The Hunt"," Raymond W Schnittker, David M Pepin, Flintlock Farm INC"," Raymond W Schnittker, David M Pepin, Flintlock Farm INC"," 2 YO Colt Pace"
"09/11/2022"," Saratoga Harness","LINK||https://replays.robertsstream.com/racereplays/cust/nyss.php?play=MjAyMjA5MTExNDQxU1JOOQ=="," Turn on The Charm"," Megan Rose Beauchamp, John J Coffey"," Megan Rose Beauchamp, John J Coffey"," 2 YO Filly Pace"
"09/11/2022"," Saratoga Harness","LINK||https://replays.robertsstream.com/racereplays/cust/nyss.php?play=MjAyMjA5MTExNDE5U1JOOA=="," Maximum Express"," James S De Armond, Joshua M Kinney"," Dunroven Stud LLC"," 2 YO Colt Trot"
"09/11/2022"," Saratoga Harness","LINK||https://replays.robertsstream.com/racereplays/cust/nyss.php?play=MjAyMjA5MTExMzU5U1JONw=="," Usosweet Blue Chip"," Ervin Miller Stable Inc, Bowie Racing LLC"," Blue Chip Bloodstock "," 2 YO Filly Trot"
"09/11/2022"," Saratoga Harness","LINK|| https://replays.robertsstream.com/racereplays/cust/nyss.php?play=MjAyMjA5MTExMzM4U1JONg=="," American Halo"," Let It Ride Stables Inc, Bottom Line Racing LLC"," Crawford Farms Racing"," 3 YO Colt Pace"
"09/11/2022"," Saratoga Harness","LINK||https://replays.robertsstream.com/racereplays/cust/nyss.php?play=MjAyMjA5MTExMzE5U1JONQ=="," Kingsville"," B & I Stables LLC"," Vieux Carre Farms LLC"," 3 YO Filly Pace"
"09/11/2022"," Saratoga Harness","LINK||https://replays.robertsstream.com/racereplays/cust/nyss.php?play=MjAyMjA5MTExMjU4U1JONA=="," Makadushin V Cheez"," Joseph M D'Agostino, Molly D'Agostino, Phillip R Kadushin, David M Dewhurst"," Fair Winds Farm Inc"," 3 YO Colt Trot"
"09/11/2022"," Saratoga Harness","LINK||https://replays.robertsstream.com/racereplays/cust/nyss.php?play=MjAyMjA5MTExMjM3U1JOMw=="," Perfect Vixen"," Edward W Reich, Irwin S Lampert"," Cozette M Mc Avoy"," 3 YO Filly Trot"
"09/03/2022"," Tioga Downs","LINK||https://replays.robertsstream.com/racereplays/cust/nyss.php?play=MjAyMjA5MDMxOTQxVFFONQ=="," Je Suis Si Belle"," Andy Miller Stable Inc, Crawford Farms Racing, Mortgage Boys Stable"," Crawford Farms LLC"," 3 YO Filly Trot"
"08/31/2022"," Batavia Downs","LINK||https://replays.robertsstream.com/racereplays/cust/nyss.php?play=MjAyMjA4MzExODU0QlRONA=="," Grand Slam Hero"," Chasing Dreams Stable"," Winbak Farm"," 2 YO Colt Trot"
"08/31/2022"," Batavia Downs","LINK||https://replays.robertsstream.com/racereplays/cust/nyss.php?play=MjAyMjA4MzExODE4QlROMg=="," Maximum Express"," James S De Armond, Joshua M Kinney"," Dunroven Stud LLC"," 2 YO Colt Trot"
"08/31/2022"," Batavia Downs","LINK||https://replays.robertsstream.com/racereplays/cust/nyss.php?play=MjAyMjA4MzExNzU5QlROMQ=="," Makes Me Charlie"," Margaret A Butler, Amy M Butler"," David C Hanson"," 2 YO Colt Trot"
"08/28/2022"," Tioga Downs","LINK||https://replays.robertsstream.com/racereplays/cust/nyss.php?play=MjAyMjA4MjgxNzIxVFFOMTQ="," Leaps and Wows"," A Lot To Trot About"," William Johnson","  2 YO Filly Trot"
"08/28/2022"," Tioga Downs","LINK||https://replays.robertsstream.com/racereplays/cust/nyss.php?play=MjAyMjA4MjgxNzAyVFFOMTM="," Destiny's Darling"," Richard S Gutnick, T L P Stable"," Richard S Gutnick, T L P Stable"," 2 YO Filly Trot"
"08/28/2022"," Tioga Downs","LINK||https://replays.robertsstream.com/racereplays/cust/nyss.php?play=MjAyMjA4MjgxNjQ2VFFOMTI="," Usosweet Blue Chip"," Ervin Miller Stable Inc, Bowie Racing LLC"," Blue Chip Bloodstock "," 2 YO Filly Trot"
"08/28/2022"," Tioga Downs","LINK||https://replays.robertsstream.com/racereplays/cust/nyss.php?play=MjAyMjA4MjgxNDEzVFFONQ=="," J Wow"," Robert C Gale"," Crawford Farms LLC"," 2 YO Filly Trot"
"08/27/2022"," Vernon Downs","LINK||https://replays.robertsstream.com/racereplays/cust/nyss.php?play=MjAyMjA4MjcyMDIzVlJOOA=="," Turn On The Charm"," Megan Rose Beauchamp, John J Coffey"," Megan Rose Beauchamp, John J Coffey"," 2 YO Filly Pace"
"08/27/2022"," Vernon Downs","LINK||https://replays.robertsstream.com/racereplays/cust/nyss.php?play=MjAyMjA4MjcxOTU4VlJONw=="," Southwind Bella"," Thaddeus A Wier"," Southwind Farms LLC"," 2 YO Filly Pace"
"08/27/2022"," Vernon Downs","LINK||https://replays.robertsstream.com/racereplays/cust/nyss.php?play=MjAyMjA4MjcxOTM4VlJONg=="," Rec Time"," D Racing Stable Inc, Jason A Osullivan"," Fair Winds Farm Inc, Mark C Mullen, Steve Jones"," 2 YO Filly Pace"
"08/27/2022"," Vernon Downs","LINK||https://replays.robertsstream.com/racereplays/cust/nyss.php?play=MjAyMjA4MjcxODU5VlJONA=="," Polyester"," D Jimmy Whittemore"," D Jimmy Whittemore"," 2 YO Filly Pace"
"08/27/2022"," Vernon Downs","LINK||https://replays.robertsstream.com/racereplays/cust/nyss.php?play=MjAyMjA4MjcxODIyVlJOMg=="," Surre 'La Faire"," Faire Oaks Farm"," Oakhurst Farms"," 2 YO Filly Pace"
"08/26/2022"," Batavia Downs ","LINK||https://replays.robertsstream.com/racereplays/cust/nyss.php?play=MjAyMjA4MjYxOTU0QlRONg=="," Telenovela "," Daley Double Racing Stb"," Meridian Trot "," 3 YO Filly Trot "
"08/26/2022"," Batavia Downs ","LINK||https://replays.robertsstream.com/racereplays/cust/nyss.php?play=MjAyMjA4MjYxOTMzQlRONQ=="," Perfect Titan "," James A Crawford IV"," Susanne J Kerwood, R A W EQUINE INC "," 3 YO Colt Trot"
"08/26/2022"," Batavia Downs ","LINK||https://replays.robertsstream.com/racereplays/cust/nyss.php?play=MjAyMjA4MjYxOTA3QlRONA=="," By The Book "," Melady Enterprises LLC"," Frederick W Hertrich III"," 3 YO Colt Trot "
"08/23/2022"," Yonkers Raceway ","LINK||https://replays.robertsstream.com/racereplays/cust/nyss.php?play=MjAyMjA4MjMyMDQ0WU9ONg=="," Maximum Express"," James S De Armond, Joshua M Kinney"," Dunroven Stud LLC"," 2 YO Colt Trot"
"08/23/2022"," Yonkers Raceway ","LINK||https://replays.robertsstream.com/racereplays/cust/nyss.php?play=MjAyMjA4MjMxOTE0WU9OMg=="," Kaleun"," Courant Inc"," Winbak Farm"," 2 YO Colt Trot"
"08/23/2022"," Yonkers Raceway ","LINK||https://replays.robertsstream.com/racereplays/cust/nyss.php?play=MjAyMjA4MjMxODU0WU9OMQ=="," Makes Me Charlie"," Margaret A Butler, Amy M Butler"," David C Hanson"," 2 YO Colt Trot"
"08/22/2022"," Monticello Raceway","LINK||https://replays.robertsstream.com/racereplays/cust/nyss.php?play=MjAyMjA4MjIxNDAxTVJENg=="," Texas Town"," David L Byer, Jerry S Hoffman"," Vieux Carre Farms LLC"," 2 YO Colt Pace"
"08/22/2022"," Monticello Raceway","LINK||https://replays.robertsstream.com/racereplays/cust/nyss.php?play=MjAyMjA4MjIxMzE1TVJENA=="," Davey Day Trader"," James P Graham, Edward P Peron, Timothy W Warner, Lee R Winters"," Steve Jones"," 2 YO Colt Pace"
"08/22/2022"," Monticello Raceway","LINK||https://replays.robertsstream.com/racereplays/cust/nyss.php?play=MjAyMjA4MjIxMjA5TVJEMQ=="," To The Hunt"," Raymond W Schnittker, David M Pepin, Flinlock Farm Inc"," Raymond W Schnittker, David M Pepin, Flintlock Farm Inc"," 2 YO Colt Pace"
"08/21/2022"," Tioga Downs","LINK||https://replays.robertsstream.com/racereplays/cust/nyss.php?play=MjAyMjA4MjExMjAwVFFOMTM="," Shakertown"," Crawford Farms Racing, Alan J Johnston"," Fair Winds Farm Inc"," 3 YO Colt Pace"
"08/21/2022"," Tioga Downs","LINK||https://replays.robertsstream.com/racereplays/cust/nyss.php?play=MjAyMjA4MjExMjAwVFFOMTA="," Bluesville"," Purple Haze Stables"," Frederick W Hertrich II"," 3 YO Colt Pace"
"08/19/2022"," Vernon Downs","LINK||https://replays.robertsstream.com/racereplays/cust/nyss.php?play=MjAyMjA4MTkyMTQzVlJOMTI="," Leaps and Wows"," A Lot To Trot About"," William Johnson"," 2 YO Filly Trot"
"08/19/2022"," Vernon Downs","LINK||https://replays.robertsstream.com/racereplays/cust/nyss.php?play=MjAyMjA4MTkxOTA2VlJONA=="," Crazy For Love"," Paul Kelley Racing Stable, Matthew L Lamont, Go For Glory Stable, Ellen Palillo"," Steve Jones"," 2 YO Filly Trot"
"08/19/2022"," Vernon Downs","LINK||https://replays.robertsstream.com/racereplays/cust/nyss.php?play=MjAyMjA4MTkxODQ1VlJOMw=="," Usosweet Blue Chip"," Ervin Miller Stable Inc, Bowie Racing LLc"," Blue Chip Bloodstock Inc"," 2 YO Filly Trot"
"08/19/2022"," Vernon Downs","LINK||https://replays.robertsstream.com/racereplays/cust/nyss.php?play=MjAyMjA4MTkxODI1VlJOMg=="," Eee Z Wow"," Harmon Racing Stable LLC, Lightning 5 Racing Stable, B Kleinberg Racing LLC"," Robert J Key"," 2 YO Filly Trot"
"08/19/2022"," Vernon Downs","LINK||https://replays.robertsstream.com/racereplays/cust/nyss.php?play=MjAyMjA4MTkxODA0VlJOMQ=="," Island Diva"," Ervin Miller Stable Inc, Bowie Racing LLC, George T Golemes"," Winbak Farm"," 2 YO Filly Trot"
"08/17/2022"," Batavia Downs","LINK||https://replays.robertsstream.com/racereplays/cust/nyss.php?play=MjAyMjA4MTcyMDE3QlROOA=="," Yes Indeed"," Anthony Lombardi, George T Golemes, Louis A Willinger"," Steve Jones"," 3 YO Filly Pace"
"08/17/2022"," Batavia Downs","LINK||https://replays.robertsstream.com/racereplays/cust/nyss.php?play=MjAyMjA4MTcxOTIyQlRONQ=="," Flip The Script"," Mark A Harder, Dean Lockhart, Jeffery E Ruch"," Winbak Farm "," 3 YO Filly Pace"
"08/15/2022"," Monticello Raceway ","LINK||https://replays.robertsstream.com/racereplays/cust/nyss.php?play=MjAyMjA4MTUxMzU5TVJENg=="," Telenovela"," Daley Double Racing Stb"," Meridian Trot "," 3 YO Filly Trot"
"08/15/2022"," Monticello Raceway","LINK||https://replays.robertsstream.com/racereplays/cust/nyss.php?play=MjAyMjA4MTUxMjA5TVJEMQ=="," Deli Tessel"," Lon Todd Frocione"," Calvin D Lasher"," 3 YO Filly Trot"
"08/14/2022"," Saratoga Harness","LINK||https://replays.robertsstream.com/racereplays/cust/nyss.php?play=MjAyMjA4MTQyMTM5U1JOMTA="," By The Book"," Melady Enterprises LLC"," Frederick W Hertrich III"," 3 YO Colt Trot"
"08/14/2022"," Saratoga Harness","LINK||https://replays.robertsstream.com/racereplays/cust/nyss.php?play=MjAyMjA4MTQyMTE4U1JOOQ=="," Makadushin N Cheez"," Joseph M D'Agostino, Molly D'Agostino, Phillip R Kadushin, David M Dewhurst"," Fair Winds Farm Inc"," 3 YO Colt Trot"
"08/14/2022"," Saratoga Harness","LINK||https://replays.robertsstream.com/racereplays/cust/nyss.php?play=MjAyMjA4MTQyMDU5U1JOOA=="," Makin No Bakin"," Michael R Woodward"," Michael R Woodward"," 3 YO Colt Trot"
"08/13/2022"," Tioga Downs","LINK||https://replays.robertsstream.com/racereplays/cust/nyss.php?play=MjAyMjA4MTMyMDE1VFFONw=="," Maximum Express"," James S De Armond, Joshua M Kinney"," Dunroven Stud LLC"," 2 YO Colt Trot"
"08/13/2022"," Tioga Downs","LINK||https://replays.robertsstream.com/racereplays/cust/nyss.php?play=MjAyMjA4MTMxODM0VFFOMg=="," Kaleun"," Courant Inc"," Winbak Farm"," 2 YO Colt Trot"
"08/13/2022"," Tioga Downs","LINK||https://replays.robertsstream.com/racereplays/cust/nyss.php?play=MjAyMjA4MTMxODE0VFFOMQ=="," Makes Me Charlie"," Margaret A Butler, Amy M Butler"," David C Hanson"," 2 YO Colt Trot"
"08/12/2022"," Vernon Downs","LINK||https://replays.robertsstream.com/racereplays/cust/nyss.php?play=MjAyMjA4MTIyMTE5VlJOMTE="," American Rascal"," Francis F E Morse"," Francis F E Morse"," 2 YO Colt Pace"
"08/12/2022"," Vernon Downs","LINK||https://replays.robertsstream.com/racereplays/cust/nyss.php?play=MjAyMjA4MTIyMDE4VlJOOA=="," Heisonthehunt"," James A Crawford IV"," Crawford Farms LLC"," 2 YO Colt Pace"
"08/12/2022"," Vernon Downs","LINK||https://replays.robertsstream.com/racereplays/cust/nyss.php?play=MjAyMjA4MTIxOTU4VlJONw=="," Taste Of Honey"," Burke Racing Stable LLC, J&T Silva Stables, LLC, Phillip Collura, Weaver Bruscemi LLC"," Birnam Wood Farms"," 2 YO Colt Pace"
"08/12/2022"," Vernon Downs","LINK||https://replays.robertsstream.com/racereplays/cust/nyss.php?play=MjAyMjA4MTIxOTAwVlJONA=="," Hound On The Beach"," George C Tackley, Wendy S Storrier, Samir A Tawil"," Walnridge Farm Inc","2 YO Colt Pace"
"08/10/2022"," Batavia Downs","LINK||https://replays.robertsstream.com/racereplays/cust/nyss.php?play=MjAyMjA4MTAxOTIyQlRONQ=="," Rec Time"," D Racing Stable Inc, Jason A Osullivan"," Fair Winds Farm Inc, Mark C Mullen, Steve Jones"," 2 YO Filly Pace"
"08/10/2022"," Batavia Downs","LINK||https://replays.robertsstream.com/racereplays/cust/nyss.php?play=MjAyMjA4MTAxODE5QlROMg=="," B On The Hunt"," OUR THREE SONS STABLE LLC, Stratton Stable Inc"," Kathryn L Weed, M Kenneth Weed"," 2 YO Filly Pace"
"08/10/2022"," Batavia Downs","LINK||https://replays.robertsstream.com/racereplays/cust/nyss.php?play=MjAyMjA4MTAxNzU5QlROMQ=="," Polyester"," D Jimmy Whittemore"," D Jimmy Whittemore"," 2 YO Filly Pace"
"08/09/2022"," Yonkers Raceway","LINK||https://replays.robertsstream.com/racereplays/cust/nyss.php?play=MjAyMjA4MDkxOTE1WU9OMg=="," Shakertown"," Crawford Farms Racing, Alan J Johnston","Fair Winds Farm Inc"," 3 YO Colt Pace"
"08/09/2022"," Yonkers Raceway","LINK||https://replays.robertsstream.com/racereplays/cust/nyss.php?play=MjAyMjA4MDkxODU0WU9OMQ=="," Bluesville"," Purple Haze Stables LLC"," Frederick W Hertrich III"," 3 YO Colt Pace"
"08/08/2022"," Monticello Raceway","LINK||https://replays.robertsstream.com/racereplays/cust/nyss.php?play=MjAyMjA4MDgxNDAwTVJENg=="," Laurens Hoopla"," Raymond W J Campbell Jr","Raymond W J Campbell Jr"," 2 YO Filly Trot"
"08/08/2022"," Monticello Raceway","LINK||https://replays.robertsstream.com/racereplays/cust/nyss.php?play=MjAyMjA4MDgxMzM0TVJENQ=="," Dazzlin Dolly"," Linda A Kolnick, Kelly M Kolnick"," Morrisville Col Fdn Inc"," 2 YO Filly Trot"
"08/08/2022"," Monticello Raceway","LINK||https://replays.robertsstream.com/racereplays/cust/nyss.php?play=MjAyMjA4MDgxMjA5TVJEMQ=="," EEE Z WOW"," Harmon Racing Stable LLC, Lightning 5 Racing Stable, B Kleinberg Racing LLC"," Robert J Key"," 2 YO Filly Trot"
"08/05/2022"," Saratoga Harness","LINK||https://replays.robertsstream.com/racereplays/cust/nyss.php?play=MjAyMjA4MDUxOTU5U1JONQ=="," Time To Roar"," Bay Pond Racing Stable"," Winbak Farm "," 3 YO Filly Pace"
"08/05/2022"," Saratoga Harness","LINK||https://replays.robertsstream.com/racereplays/cust/nyss.php?play=MjAyMjA4MDUxOTQyU1JONA=="," Hamptons Babe"," Crawford Farms Racing"," Crawford Farms LLC"," 3 YO Filly Pace"
"08/03/2022"," Batavia Downs","LINK||https://replays.robertsstream.com/racereplays/cust/nyss.php?play=MjAyMjA4MDMyMDE5QlROOA=="," Boston Bound"," Rick Berks, Peter R Blood"," Winbak Farm"," 2 YO Colt Pace"
"08/03/2022"," Batavia Downs","LINK||https://replays.robertsstream.com/racereplays/cust/nyss.php?play=MjAyMjA4MDMxODU5QlRONA=="," To The Hunt"," Raymond W Schnittker, David M Pepin, Flintlock Farm Inc"," Raymond W Schnittker, David M Pepin, Flintlock Farm Inc"," 2 YO Colt Pace"
"08/03/2022"," Batavia Downs","LINK||https://replays.robertsstream.com/racereplays/cust/nyss.php?play=MjAyMjA4MDMxNzU5QlROMQ=="," Im Already Gone"," Henry F Conradt"," Ross G Bonafield"," 2 YO Colt Pace"
"08/02/2022"," Yonkers Raceway","LINK||https://replays.robertsstream.com/racereplays/cust/nyss.php?play=MjAyMjA4MDIyMDMwWU9ONQ=="," Rec Time"," D Racing Stable Inc, Jason A Osullivan"," Fair Winds Farm Inc, Mark C Mullen, Steve Jones"," 2 YO Filly Pace"
"08/02/2022"," Yonkers Raceway","LINK||https://replays.robertsstream.com/racereplays/cust/nyss.php?play=MjAyMjA4MDIxOTM5WU9OMw=="," Doing Marvelous"," Frank E Chick"," Winbak Farm "," 2 YO Filly Pace"
"08/02/2022"," Yonkers Raceway ","LINK||https://replays.robertsstream.com/racereplays/cust/nyss.php?play=MjAyMjA4MDIxOTE3WU9OMg=="," B On The Hunt"," Our Three Sons Stable LLC, Stratton Stable Inc."," Kathryn L Weed, M Kenneth Weed"," 2 YO Filly Pace"
"08/02/2022"," Yonkers Raceway","LINK||https://replays.robertsstream.com/racereplays/cust/nyss.php?play=MjAyMjA4MDIxODU0WU9OMQ=="," Lady Jericho"," Jennifer L Safford"," Gary E Smith "," 2 YO Filly Pace"
"08/01/2022"," Monticello Raceway","LINK||https://replays.robertsstream.com/racereplays/cust/nyss.php?play=MjAyMjA4MDExNTMzTVJEMTA="," You Got It"," STEVE L HEIMBECKER, Allister Stables LLC"," John R Cummins"," 2 YO Colt Trot"
"08/01/2022"," Monticello Raceway","LINK||https://replays.robertsstream.com/racereplays/cust/nyss.php?play=MjAyMjA4MDExMzE2TVJENA=="," City of Hope"," Phillip K Hale, David M Dewhurst"," Winbak Farm"," 2 YO Colt Trot "
"08/01/2022"," Monticello Raceway","LINK||https://replays.robertsstream.com/racereplays/cust/nyss.php?play=MjAyMjA4MDExMjA5TVJEMQ=="," Crazy Fool "," Anne C Morgan, Richard W Dieck, C L Huckabone Jr"," C L Huckabone Jr"," 2 YO Colt Trot "
"07/28/2022"," Yonkers Raceway","LINK||https://replays.robertsstream.com/racereplays/cust/nyss.php?play=MjAyMjA3MjgyMDM4WU9ONg=="," Rhea Titan"," Margaret E Spagnola, Our Blue Streaks Stable"," Michael E Polansky"," 2 YO Filly Trot"
"07/28/2022"," Yonkers Raceway","LINK||https://replays.robertsstream.com/racereplays/cust/nyss.php?play=MjAyMjA3MjgxOTE3WU9OMg=="," Jigger of Gin"," Michael R Woodward"," Michael R Woodward"," 2 YO Filly Trot"
"07/28/2022"," Yonkers Raceway","LINK||https://replays.robertsstream.com/racereplays/cust/nyss.php?play=MjAyMjA3MjgxODU0WU9OMQ=="," Usosweet Blue Chip"," Ervin Miller Stable Inc, Bowie Racing LLC"," Blue Chip Bloodstock Inc"," 2 YO Filly Trot"
"07/27/2022"," Batavia Downs","LINK||https://replays.robertsstream.com/racereplays/cust/nyss.php?play=MjAyMjA3MjcyMDE2QlROOA=="," Kingsville"," B & I Stables"," Vieux Carre Farms LLC"," 3 YO Colt Pace"
"07/27/2022"," Batavia Downs","LINK||https://replays.robertsstream.com/racereplays/cust/nyss.php?play=MjAyMjA3MjcxOTE2QlRONQ=="," Bluesville"," Purple Haze Stables LLC"," Frederick W Hertrich III"," 3 YO Colt Pace"
"07/25/2022"," Monticello Raceway ","LINK||https://replays.robertsstream.com/racereplays/cust/nyss.php?play=MjAyMjA3MjUxNTI0TVJEMTA="," At The Hop"," Frank E Chick"," Steve Jones"," 2 YO Filly Pace"
"07/25/2022"," Monticello Raceway","LINK||https://replays.robertsstream.com/racereplays/cust/nyss.php?play=MjAyMjA3MjUxNDQ2TVJEOA=="," Polyester"," D Jimmy Whittemore"," D Jimmy Whittemore"," 2 YO Filly Pace"
"07/25/2022"," Monticello Raceway","LINK||https://replays.robertsstream.com/racereplays/cust/nyss.php?play=MjAyMjA3MjUxNDI2TVJENw=="," Southwind Bella"," Thaddeus A Wier"," Southwind Farms LLC"," 2 YO Filly Pace"
"07/25/2022"," Monticello Raceway","LINK||https://replays.robertsstream.com/racereplays/cust/nyss.php?play=MjAyMjA3MjUxMzQwTVJENQ=="," Celia B Money"," George Ducharme Stable LLC, Jason Ash, Jim Winske"," Hanover Shoe Farms Inc"," 2 YO Filly Pace"
"07/25/2022"," Monticello Raceway","LINK||https://replays.robertsstream.com/racereplays/cust/nyss.php?play=MjAyMjA3MjUxMzIxTVJENA=="," Rec Time"," Fair Winds Farm Inc, Jason A Osullivan"," Fair Winds Farm Inc, Mark C Mullen, Steve Jones"," 2 YO Filly Pace"
"07/25/2022"," Monticello Raceway","LINK||https://replays.robertsstream.com/racereplays/cust/nyss.php?play=MjAyMjA3MjUxMjU2TVJEMw=="," Chikfromfrenchlick"," Cote J Keim"," Steve Jones"," 2 YO Filly Pace"
"07/25/2022"," Monticello Raceway","LINK||https://replays.robertsstream.com/racereplays/cust/nyss.php?play=MjAyMjA3MjUxMjA5TVJEMQ=="," Everdeen"," Peter V Scamurra"," Crawford Farms LLC"," 2 YO Filly Pace"
"07/24/2022"," Tioga Downs","LINK||https://replays.robertsstream.com/racereplays/cust/nyss.php?play=MjAyMjA3MjQxNDIzVFFONQ=="," Time To Roar"," Bay Pond Racing Stable"," Winbak Farm"," 3 YO Filly Pace"
"07/24/2022"," Tioga Downs","LINK||https://replays.robertsstream.com/racereplays/cust/nyss.php?play=MjAyMjA3MjQxMjU5VFFOMQ=="," Nite Time Deal"," Falcon Racing LLC, VIP Internet Stable Llc"," Winbak Farm"," 3 YO Filly Pace"
"07/23/2022"," Saratoga Harness","LINK||https://replays.robertsstream.com/racereplays/cust/nyss.php?play=MjAyMjA3MjMyMjIwU1JOMTI="," Hound On The Beach"," George C Tackley, Wendy S Storrier"," Walnridge Farm Inc"," 2 YO Colt Pace"
"07/23/2022"," Saratoga Harness","LINK||https://replays.robertsstream.com/racereplays/cust/nyss.php?play=MjAyMjA3MjMyMjAxU1JOMTE="," Unsettled Business"," Ross G Bonafield"," Ross G Bonafield"," 2 YO Colt Pace"
"07/23/2022"," Saratoga Harness","LINK||https://replays.robertsstream.com/racereplays/cust/nyss.php?play=MjAyMjA3MjMxOTM4U1JONA=="," Demon Boy"," One Legend Stable Inc"," Crawford Farms LLC, Susan M Oakes"," 2 YO Colt Pace"
"07/23/2022"," Saratoga Harness","LINK||https://replays.robertsstream.com/racereplays/cust/nyss.php?play=MjAyMjA3MjMxOTE2U1JOMw=="," Boston Bound"," Rick Berks, Peter R Blood"," Winbak Farm"," 2 YO Colt Pace"
"07/22/2022"," Vernon Downs","LINK||https://replays.robertsstream.com/racereplays/cust/nyss.php?play=MjAyMjA3MjIxNjAyVlJOMTI="," Makes Me Charlie"," Margaret A Butler, Amy M Butler"," David C Hanson"," 2 YO Colt Trot "
"07/22/2022"," Vernon Downs","LINK||https://replays.robertsstream.com/racereplays/cust/nyss.php?play=MjAyMjA3MjIxNDAxVlJONg=="," You Got It"," STEVE L HEIMBECKER"," John R Cummins"," 2 YO Colt Trot "
"07/22/2022"," Vernon Downs","LINK||https://replays.robertsstream.com/racereplays/cust/nyss.php?play=MjAyMjA3MjIxMzE4VlJONA=="," Kaleun"," Courant Inc"," Winbak Farm "," 2 YO Colt Trot"
"07/22/2022"," Vernon Downs","LINK||https://replays.robertsstream.com/racereplays/cust/nyss.php?play=MjAyMjA3MjIxMjUzVlJOMw=="," Swift Justice T"," Jude T Jacobs"," Robert A Brooks, Lynn M Brooks"," 2 YO Colt Trot"
"07/20/2022"," Batavia Downs","LINK||https://replays.robertsstream.com/racereplays/cust/nyss.php?play=MjAyMjA3MjAxOTI1QlRONQ=="," Laurens Hoopla"," Raymond W J Campbell Jr"," Raymond W J Campbell Jr"," 2 YO Filly Trot"
"07/20/2022"," Batavia Downs","LINK||https://replays.robertsstream.com/racereplays/cust/nyss.php?play=MjAyMjA3MjAxODI2QlROMg=="," Rhea Titan"," Margaret E Spagnola, Our Blue Streaks Stable"," Michael E Polansky"," 2 YO Filly Trot"
"07/20/2022"," Batavia Downs","LINK||https://replays.robertsstream.com/racereplays/cust/nyss.php?play=MjAyMjA3MjAxODA0QlROMQ=="," Jigger Of Gin"," Michael R Woodward"," Michael R Woodward"," 2 YO Filly Trot"
"07/19/2022"," Yonkers Raceway","LINK||https://replays.robertsstream.com/racereplays/cust/nyss.php?play=MjAyMjA3MTkyMDI3WU9ONQ=="," By The Book"," Melady Enterprises LLc"," Frederick W Hertrich III"," 3 YO Colt Trot"
"07/19/2022"," Yonkers Raceway","LINK||https://replays.robertsstream.com/racereplays/cust/nyss.php?play=MjAyMjA3MTkxOTE3WU9OMg=="," Makadushin N Cheez"," Joseph M D'Agostino, Molly D'Agostino, Phillip R Kadushin, David M Dewhurst"," Fair Winds Farm Inc"," 3 YO Colt Trot"
"07/18/2022"," Monticello Raceway ","LINK||https://replays.robertsstream.com/racereplays/cust/nyss.php?play=MjAyMjA3MTgxNDQ3TVJEOA=="," Bloodhound"," James A Crawford IV"," Walnridge Farm Inc"," 3 YO Colt Pace"
"07/18/2022"," Monticello Raceway","LINK||https://replays.robertsstream.com/racereplays/cust/nyss.php?play=MjAyMjA3MTgxNDIwTVJENw=="," Bluesville"," Purple Haze Stables LLC"," Frederick W Hertrich III"," 3 YO Colt Pace"
"07/18/2022"," Monticello Raceway","LINK||https://replays.robertsstream.com/racereplays/cust/nyss.php?play=MjAyMjA3MTgxMzIxTVJENA=="," Kingsville"," B & I Stables LLC"," Vieux Carre Farms LLC"," 3 YO Colt Pace"
"07/18/2022"," Monticello Raceway","LINK||https://replays.robertsstream.com/racereplays/cust/nyss.php?play=MjAyMjA3MTgxMjA5TVJEMQ=="," Lanjo Lee"," Gordon Lee Swift"," J L Sadowsky LLC"," 3 YO Colt Pace"
"07/17/2022"," Saratoga Harness","LINK||https://replays.robertsstream.com/racereplays/cust/nyss.php?play=MjAyMjA3MTcyMTIzU1JOMTA="," Perfect Vixen"," Edward W Reich, Irwin S Lampert"," Cozette M Mc Avoy"," 3 YO Filly Trot"
"07/17/2022"," Saratoga Harness","LINK||https://replays.robertsstream.com/racereplays/cust/nyss.php?play=MjAyMjA3MTcyMTA2U1JOOQ=="," Gertrude"," Andy Miller Stable Inc"," Millstream Stable LLC, Aldebaran Park Inc"," 3 YO Filly Trot"
"07/17/2022"," Saratoga Harness","LINK||https://replays.robertsstream.com/racereplays/cust/nyss.php?play=MjAyMjA3MTcyMDQ3U1JOOA=="," Why U Bugging"," John W Stark Jr, Thomas G Mc Tygue"," Raymond W J Campbell Jr"," 3 YO Filly Trot"
"07/13/2022"," Buffalo Raceway","LINK||https://replays.robertsstream.com/racereplays/cust/nyss.php?play=MjAyMjA3MTMxNDEwQlVOMw=="," Human Cocktail "," Stephen W Demeter"," Blue Chip Bloodstock Inc, Daniel C Zucker, Stephen W Demeter"," 2 YO Colt Pace"
"07/13/22"," Buffalo Raceway","LINK||https://replays.robertsstream.com/racereplays/cust/nyss.php?play=MjAyMjA3MTMxMzI5QlVOMQ=="," Wasn't Me"," James P Graham, Edward P Peron, Timothy W Warner, Paul E Tandlmayer"," White Birch Farm "," 2 YO Colt Pace"
"07/12/2022"," Yonkers Raceway","LINK||https://replays.robertsstream.com/racereplays/cust/nyss.php?play=MjAyMjA3MTIyMDI2WU9ONQ=="," Nadina Hanover"," Dune Road Stables LLC"," Hanover Shoe Farms Inc"," 3 YO Filly Pace"
"07/12/2022"," Yonkers Raceway","LINK||https://replays.robertsstream.com/racereplays/cust/nyss.php?play=MjAyMjA3MTIxOTQwWU9OMw=="," Dudes Sweet Bet"," Salvatore G Vullo, Christopher E Lems, James S De Armond"," Triple C Stables LLC, Christopher E Lems"," 3 YO Filly Pace"
"07/12/2022"," Yonkers Raceway","LINK||https://replays.robertsstream.com/racereplays/cust/nyss.php?play=MjAyMjA3MTIxOTE2WU9OMg=="," Nite Time Deal"," Falcon Racing LLC, VIP Internet Stable Llc"," Winbak Farm"," 3 YO Filly Pace"
"07/11/2022"," Monticello Raceway","LINK||https://replays.robertsstream.com/racereplays/cust/nyss.php?play=MjAyMjA3MTExMzM4TVJENQ=="," Makadushin N Cheez"," Joseph M D'Agostino, Molly D'Agostino, Phillip R Kadushin, David M Dewhurst"," Fair Winds Farm Inc"," 3 YO Colt Trot "
"07/11/2022"," Monticello Raceway","LINK||https://replays.robertsstream.com/racereplays/cust/nyss.php?play=MjAyMjA3MTExMzE1TVJENA=="," Grey Clouds"," Ann-Mari Daley, Jared A Daley"," Crawford Farms LLC"," 3 YO Colt Trot "
"07/08/2022","Saratoga Harness","LINK||https://replays.robertsstream.com/racereplays/cust/nyss.php?play=MjAyMjA3MTExMzE1TVJENA==","You Got It"," Steve L Heimbecker"," John R Cummins"," 2 YO Colt Trot "
"07/08/2022"," Saratoga Harness","LINK||https://replays.robertsstream.com/racereplays/cust/nyss.php?play=MjAyMjA3MDgxOTM5U1JOOQ=="," Makes Me Charlie "," Margaret A Butler, Amy M Butler"," David C Hanson"," 2 YO Colt Trot "
"07/08/2022"," Saratoga Harness","LINK||https://replays.robertsstream.com/racereplays/cust/nyss.php?play=MjAyMjA3MDgxNzM3U1JOMw=="," Kaleun"," Courant Inc"," Winbak Farm"," 2 YO Colt Trot"
"07/06/2022"," Buffalo Raceway","LINK||https://replays.robertsstream.com/racereplays/cust/nyss.php?play=MjAyMjA3MDYxNDA5QlVOMw=="," Crazy Beach"," Joseph J Colosi, Mark R Beale"," Crawford Farms LLC"," 2 YO Filly Trot"
"07/06/2022"," Buffalo Raceway","LINK||https://replays.robertsstream.com/racereplays/cust/nyss.php?play=MjAyMjA3MDYxMzI5QlVOMQ=="," Cross Creek Samara"," Jennifer J Newton"," Crawford Farms LLC"," 2 YO Filly Trot"
"07/04/2022"," Saratoga Harness","LINK||https://replays.robertsstream.com/racereplays/cust/nyss.php?play=MjAyMjA3MDQxNTIwU1JOMTA="," Rockford Peach "," Gabrielle N Dewhurst, Dominick J Rosato"," Ross G Bonafield"," 2 YO Filly Pace"
"07/04/2022"," Saratoga Harness","LINK||https://replays.robertsstream.com/racereplays/cust/nyss.php?play=MjAyMjA3MDQxNTAyU1JOOQ=="," Party Lounge"," The Ok Corral"," The Ok Corral "," 2 YO Filly Pace"
"07/04/2022"," Saratoga Harness","LINK||https://replays.robertsstream.com/racereplays/cust/nyss.php?play=MjAyMjA3MDQxMzE4U1JONQ=="," America's Wonder"," Burke Racing Stable LLC, Joseph D Critelli, William L Switala, Weaver Bruscemi LLC"," Winbak Farm"," 2 YO Filly Pace"
"07/04/2022"," Saratoga Harness","LINK||https://replays.robertsstream.com/racereplays/cust/nyss.php?play=MjAyMjA3MDQxMjU5U1JONA=="," Hula Girl Z Tam "," Patrick D Lachance, Z Tam Stales LLC"," Patrick D Lachance, Z Tam Stables LLC"," 2 YO Filly Pace"
"07/04/2022"," Saratoga Harness","LINK||https://replays.robertsstream.com/racereplays/cust/nyss.php?play=MjAyMjA3MDQxMjM3U1JOMw=="," Rec Time "," D Racing Stable Inc, Jason A Osullivan "," Fair Winds Farm Inc, Mark C Mullen, Steve Jones "," 2 YO Filly Pace"
"06/29/2022"," Buffalo Raceway ","LINK||https://replays.robertsstream.com/racereplays/cust/nyss.php?play=MjAyMjA2MjkxNTM5QlVONw=="," Crazy Fool "," Anne C Morgan, Richard W Dieck, C L Huckabone Jr. "," C L Huckabone Jr"," 2 YO Colt Trot"
"06/29/2022"," Buffalo Raceway ","LINK||https://replays.robertsstream.com/racereplays/cust/nyss.php?play=MjAyMjA2MjkxMzI5QlVOMQ=="," Met Your Request"," Andy Miller Stable Inc, Caroll D Huffman"," Daniel G Roland "," 2 YO Colt Trot"
"06/26/2022"," Tioga Downs ","LINK||https://replays.robertsstream.com/racereplays/cust/nyss.php?play=MjAyMjA2MjYxNDU2VFFONw=="," To The Hunt"," Raymond W Schnittker, David M Pepin, Flintlock Farm Inc"," Raymond W Schnittker, David M Pepin, Flintlock Farm Inc"," 2 YO Colt Pace"
"06/26/2022"," Tioga Downs","LINK||https://replays.robertsstream.com/racereplays/cust/nyss.php?play=MjAyMjA2MjYxNDE0VFFONQ=="," That Dog Will Hunt "," Michael H Simons, Albert P Abdala III"," Walnridge Farm Inc, Bonnie M Benson"," 2 YO Colt Pace"
"06/26/2022"," Tioga Downs","LINK||https://replays.robertsstream.com/racereplays/cust/nyss.php?play=MjAyMjA2MjYxMzM3VFFOMw=="," Hot Shot Joe "," Black Magic Racing, LLC"," Crawford Farms LLC"," 2 YO Colt Pace"
"06/26/2022"," Tioga Downs ","LINK||https://replays.robertsstream.com/racereplays/cust/nyss.php?play=MjAyMjA2MjYxMzE4VFFOMg=="," Wasn't Me"," James P Graham, Edward P Peron, Timothy W Warner, Paul E Tandlmayer"," White Birch Farm "," 2 YO Colt Pace"
"06/22/2022"," Buffalo Raceway","LINK||https://replays.robertsstream.com/racereplays/cust/nyss.php?play=MjAyMjA2MjIxNDU2QlVONQ=="," Flippin Awesome"," Bay Pond Racing Stable"," Winbak Farm "," 2 YO Filly Pace"
"06/22/2022"," Buffalo Raceway ","LINK||https://replays.robertsstream.com/racereplays/cust/nyss.php?play=MjAyMjA2MjIxMzI5QlVOMQ=="," Surre ' La Faire"," Faire Oaks Farm "," Oakhurst Farms"," 2 YO Filly Pace"
"06/20/2022"," Saratoga Harness Raceway ","LINK||https://replays.robertsstream.com/racereplays/cust/nyss.php?play=MjAyMjA2MjAxNTExU1JOMTA="," Barn Chic"," Steven F Pratt, Nancy E Pratt, Purple Haze Stables LLC, Out In The Country Stable"," Winbak Farm"," 2 YO Filly Trot "
"06/20/2022"," Saratoga Harness Raceway ","LINK||https://replays.robertsstream.com/racereplays/cust/nyss.php?play=MjAyMjA2MjAxNDUxU1JOOQ=="," Crazy Lovin"," Mortgage Boys Stable, Samuel Bova, Michelle C Crawford, Peter F Barbato"," Celebrity Farms "," 2 YO Filly Trot"
"06/20/2022"," Saratoga Harness Raceway","LINK||https://replays.robertsstream.com/racereplays/cust/nyss.php?play=MjAyMjA2MjAxNDMxU1JOOA=="," Delightful Sky As"," ACL Stuteri AB"," ACL Stuteri AB"," 2 YO Filly Trot"
"06/19/2022"," Vernon Downs","LINK||https://replays.robertsstream.com/racereplays/cust/nyss.php?play=MjAyMjA2MTkxMzU5VlJONg=="," The Claw"," Kenneth H Klein, Michael J Cimaglio, Willian R Salmeri, Stephen W Demeter"," Steve Jones"," 3 YO Colts & Geldings Pace"
"06/19/2022"," Vernon Downs ","LINK||https://replays.robertsstream.com/racereplays/cust/nyss.php?play=MjAyMjA2MTkxMzE0VlJONA=="," Galactic Storm"," D Jimmy Whittemore"," Holland Farms "," 3 YO Colts & Geldings Pace"
"06/19/2022"," Vernon Downs","LINK||https://replays.robertsstream.com/racereplays/cust/nyss.php?play=MjAyMjA2MTkxMjM0VlJOMg=="," Lanjo Lee"," Gordon Lee Swift"," J L Sadowsky LLC"," 3 YO Filly Pace"
"06/17/2022"," Vernon Downs","LINK||https://replays.robertsstream.com/racereplays/cust/nyss.php?play=MjAyMjA2MTcxMjUyVlJOMw=="," Time To Roar"," Bay Pond Racing Stable "," Winbak Farm "," 3 YO Filly Pace "
"06/17/2022"," Vernon Downs","LINK||https://replays.robertsstream.com/racereplays/cust/nyss.php?play=MjAyMjA2MTcxMjMzVlJOMg=="," American Halo"," Let It Ride Stables Inc, Bottom Line Racing LLC"," Crawford Farms Racing "," 3 Yo Filly Pace"
"06/17/2022"," Vernon Downs","LINK||https://replays.robertsstream.com/racereplays/cust/nyss.php?play=MjAyMjA2MTcxMjE0VlJOMQ=="," Tony's Mom"," Let It Ride Stables Inc, Megan M Scran"," Let It Ride Stables Inc."," 3 YO Filly Pace"
"06/12/2022"," Saratoga","LINK||https://replays.robertsstream.com/racereplays/cust/nyss.php?play=MjAyMjA2MTIxNTA0U1JOMTA="," Lannister Hanover"," Gotcha Lookin Stable, Kevin C McDermott"," Hanover Shoe Farms Inc."," 3 YO Colt Pace"
"06/12/2022"," Saratoga","LINK||https://replays.robertsstream.com/racereplays/cust/nyss.php?play=MjAyMjA2MTIxNDQxU1JOOQ=="," Kingsville"," D Racing Stable Inc., B & I Stables LLC"," Vieux Carre Farms LLC"," 3 YO Colt Pace"
"06/12/2022"," Saratoga","LINK||https://replays.robertsstream.com/racereplays/cust/nyss.php?play=MjAyMjA2MTIxNDIyU1JOOA==","","","",""
