" DATE","TRACK ","VIDEO "," HORSE"," OWNER"," BREEDER"," EVENT"," "," "," "
" 09/11/2022"," Saratoga Harness ","LINK||https://replays.robertsstream.com/racereplays/cust/nyss.php?play=MjAyMjA5MTExNTAwU1JOMTA="," To The Hunt"," Raymond W Schnittker, David M Pepin, Flintlock Farm INC"," Raymond W Schnittker, David M Pepin, Flintlock Farm INC"," 2 YO Colt Pace "," "," "," "
" 09/11/2022"," Saratoga Harness ","LINK||https://replays.robertsstream.com/racereplays/cust/nyss.php?play=MjAyMjA5MTExNDQxU1JOOQ=="," Turn on the Charm "," Megan Rose Beauchamp, John J Coffey"," Megan Rose Beauchamp, John J Coffey"," 2 YO Filly Pace "," "," "," "
" 09/11/2022"," Saratoga Harness ","LINK||https://replays.robertsstream.com/racereplays/cust/nyss.php?play=MjAyMjA5MTExNDE5U1JOOA=="," Maximum Express"," James S De Armond, Joshua M Kinney"," Dunroven Stud LLC "," 2 YO Colt Trot"," "," "," "
" 9/11/2022"," Saratoga Harness ","LINK||https://replays.robertsstream.com/racereplays/cust/nyss.php?play=MjAyMjA5MTExMzU5U1JONw=="," Usosweet Blue Chip"," Ervin Miller Stable Inc, Bowie Racing LLC"," Blue Chip Bloodstock  "," 2 YO Filly Trot "," "," "," "
" 09/11/2022"," Saratoga Harness ","LINK||https://replays.robertsstream.com/racereplays/cust/nyss.php?play=MjAyMjA5MTExMzM4U1JONg=="," American Halo"," Let It Ride Stables Inc, Bottom Line Racing LLC"," Crawford Farms Racing  "," 3 YO Colt Pace"," "," "," "
" 09/11/2022"," Saratoga Harness ","LINK||https://replays.robertsstream.com/racereplays/cust/nyss.php?play=MjAyMjA5MTExMzE5U1JONQ=="," Kingsville"," B & I Stables LLC"," Vieux Carre Farms LLC "," 3 YO Filly Pace"," "," "," "
"09/11/2022"," Saratoga Harness","LINK||https://replays.robertsstream.com/racereplays/cust/nyss.php?play=MjAyMjA5MTExMjU4U1JONA=="," Makadushin V Cheez"," Joseph M D'Agostino, Molly D'Agostino, Phillip R Kadushin, David M Dewhurst"," Fair Winds Farm Inc"," 3 YO Colt Trot","","",""
"09/11/2022"," Saratoga Harness","LINK||https://replays.robertsstream.com/racereplays/cust/nyss.php?play=MjAyMjA5MTExMjM3U1JOMw=="," Perfect Vixen"," Edward W Reich, Irwin S Lampert"," Cozette M Mc Avoy "," 3 YO Filly Trot","","",""
