" DATE","TRACK "," VIDEO","HORSE ","OWNER ","BREEDER ","EVENT "
" 9/10/2022"," Tioga Downs ","LINK||https://replays.robertsstream.com/racereplays/cust/nyss.php?play=MjAyMjA5MTAyMDIxVFFONg=="," Joviality S"," Courant Inc"," AM Bloodstock Inc"," 3 Yo Filly Trot"
" 9/10/2022"," Tioga Downs ","LINK||https://replays.robertsstream.com/racereplays/cust/nyss.php?play=MjAyMjA5MTAyMDAyVFFONQ=="," Cool Papa Bell"," Runthetable Stables"," Belmar Racing and Breeding LLC "," 3 YO Colt Trot "
" 9/10/2022"," Tioga Downs ","LINK||https://replays.robertsstream.com/racereplays/cust/nyss.php?play=MjAyMjA5MTAxOTM5VFFONA=="," Twin B Joe Fresh "," Christopher J Ryder, Dexter J Dunn, Peter F Trebotica, Barry Spak"," Brittany Farms LLC "," 2 YO Filly Pace"
" 9/10/2022"," Tioga Downs ","LINK||https://replays.robertsstream.com/racereplays/cust/nyss.php?play=MjAyMjA5MTAxOTIzVFFOMw=="," American Fling"," Randall B Bendis, Reed Broadway, Pollack Racing LLC"," White Birch Farm "," 2 YO Colt Pace "
" 9/10/2022"," Tioga Downs ","LINK||https://replays.robertsstream.com/racereplays/cust/nyss.php?play=MjAyMjA5MTAxODQ5VFFOMg=="," Kayleigh S"," Courant Inc"," AM Bloodstock  "," 2 YO Filly Trot"
" 9/10/2022"," Tioga Downs ","LINK||https://replays.robertsstream.com/racereplays/cust/nyss.php?play=MjAyMjA5MTAxODE0VFFOMQ=="," The Grufalo"," Racing Team of America, Deena Rachel Frost, Mark A Harder, Emma L Pettersson"," Concord Stud Farm LLC "," 2 YO Colt Trot"
