" PHOTO"," VIDEO"," NAME OF HORSE"," OWNER(S)"," BREEDER(S)"," EVENT"," TRACK"
"","LINK||https://replays.robertsstream.com/racereplays/cust/nyss.php?play=MjAyMzA5MTMxODUyQlRONA=="," Sir Pinocchio"," Carolyn Atherton "," Carolyn Atherton "," 2 YO Trotting Colt "," Batavia Downs "
"","LINK||https://replays.robertsstream.com/racereplays/cust/nyss.php?play=MjAyMzA5MTMyMTExQlROMTE="," Boston Bound "," Rick Berks, Peter R Blood"," Winbak Farm "," 3 YO Pacing Colt"," Batavia Downs "
"","LINK||https://replays.robertsstream.com/racereplays/cust/nyss.php?play=MjAyMzA5MTMyMDUyQlROMTA="," Rec Time "," D Racing Stable Inc, Jason A Osullivan "," Fair Winds Farm Inc, Mark C Mullen, Steve Jones "," 3 YO Pacing Filly "," Batavia Downs "
"","LINK||https://replays.robertsstream.com/racereplays/cust/nyss.php?play=MjAyMzA5MTMyMDExQlROOA=="," Pop It"," Schnittker Arnold, Country Club Acres Inc, Joe Sbrocco, Theodore Gewertz "," Kathryn Weed, M Kenneth Weed ","  2 YO Pacing Colt "," Batavia Downs "
"","LINK||https://replays.robertsstream.com/racereplays/cust/nyss.php?play=MjAyMzA5MTMxOTUxQlRONw=="," Ideal Skies"," United Process Control Co "," Barbara J Berger, Richard J Carney, Farrell F Carney "," 2 YO Pacing Filly "," Batavia Downs "
" ","LINK||https://replays.robertsstream.com/racereplays/cust/nyss.php?play=MjAyMzA5MTMxODE3QlROMg=="," Dozen "," Diamond Creek Racing "," Diamond Creek Farm LLC"," 2 YO Trotting Filly "," Batavia Downs "
" ","LINK||https://replays.robertsstream.com/racereplays/cust/nyss.php?play=MjAyMzA5MTMxOTEzQlRONQ=="," Serendipity "," W J Donovan, Jim Winske, Stephen G Michaels, Joe Sbrocco"," Joie De Vie Farm LLC"," 3 YO Trotting Filly "," Batavia Downs "
" ","LINK||https://replays.robertsstream.com/racereplays/cust/nyss.php?play=MjAyMzA5MTMxOTMxQlRONg=="," Seven Sins "," Pollack Racing LLC"," Crawford Farms LLC"," 3 YO Trotting Colt "," Batavia Downs "
