" DATE"," TRACK"," VIDEO"," NAME OF HORSE"," OWNER"," BREEDER"," EVENT"
" 9/2/2023"," Tioga Downs ","LINK||https://replays.robertsstream.com/racereplays/cust/nyss.php?play=MjAyMzA5MDIxOTUyVFFONg=="," Escape To America "," John J Darrah, Lawrence K Keethe"," John J Darrah, Lawrence K Keethe"," 2 YO Pace "
" 9/2/2023"," Tioga Downs ","LINK||https://replays.robertsstream.com/racereplays/cust/nyss.php?play=MjAyMzA5MDIxOTEzVFFONA=="," Who Said I Can't"," Joseph V Jannuzzelli, Steven J WIlliams, Joseph D Williams "," Joseph V Jannuzzelli "," 2 YO Pace "
" 9/2/2023"," Tioga Downs ","LINK||https://replays.robertsstream.com/racereplays/cust/nyss.php?play=MjAyMzA5MDIxODMyVFFOMg=="," Pop It "," Schnittker Arnold, Country Club Acres Inc, Joe Sbrocco, Theodore Gewertz"," Kathryn L Weed, M Kenneth Weed "," 2 YO Pace"
" 8/28/2023"," Monticello Raceway ","LINK||https://replays.robertsstream.com/racereplays/cust/nyss.php?play=MjAyMzA4MjgxNDAxTVJENg=="," Crazy Brother Jim "," Rock Vinci "," Crawford Farms LLC"," 2 YO Trotting Colt "
" 8/28/2023"," Monticello Raceway ","LINK||https://replays.robertsstream.com/racereplays/cust/nyss.php?play=MjAyMzA4MjgxMjU0TVJEMw=="," Fringed "," Ann-Mari Daley, Jared A Daley, Oleg I Ivutin, Bain Racing Stables"," Crawford Farms LLC"," 2 YO Trotting Colt "
" 8/28/2023"," Monticello Raceway ","LINK||https://replays.robertsstream.com/racereplays/cust/nyss.php?play=MjAyMzA4MjgxMjMxTVJEMg=="," Woweress "," Purple Haze Stables LLC"," Purple Haze Stables LLC"," 2 YO Trotting Colt "
" 8/27/2023"," Tioga Downs ","LINK||https://replays.robertsstream.com/racereplays/cust/nyss.php?play=MjAyMzA4MjcxNzQ5VFFOMTU="," Shine On Susan "," Dune Road Stables LLC"," Blue Chip Bloodstock Inc "," 2 YO Pacing Filly "
" 8/27/2023"," Tioga Downs ","LINK||https://replays.robertsstream.com/racereplays/cust/nyss.php?play=MjAyMzA4MjcxMzE2VFFOMg=="," Ideal Skies "," United Process Control Co "," Barbara J Berger, Richard J Carney, Farrell F Carney "," 2 YO Pacing Filly "
" 8/27/2023"," Tioga Downs ","LINK||https://replays.robertsstream.com/racereplays/cust/nyss.php?play=MjAyMzA4MjcxMjU5VFFOMQ=="," Drama Club "," Mary Beth Nelson "," Winbak Farm "," 2 YO Pacing Filly "
" 8/26/2023"," Batavia Downs ","LINK||https://replays.robertsstream.com/racereplays/cust/nyss.php?play=MjAyMzA4MjYyMTE3QlROMTE="," Seven Over "," VIP Internet Stable LLC, Rich Preziotti, Heritage Standardbreds, Timothy Drag"," Crawford Farms LLC"," 3 YO Trotting Colt "
" 8/26/2023"," Batavia Downs ","LINK||https://replays.robertsstream.com/racereplays/cust/nyss.php?play=MjAyMzA4MjYyMDU3QlROMTA="," Metro Matty "," Bay Pond Racing Stable "," Winbak Farm "," 3 YO Trotting FIlly "
" 8/26/2023"," Batavia Downs ","LINK||https://replays.robertsstream.com/racereplays/cust/nyss.php?play=MjAyMzA4MjYyMDM4QlROOQ=="," Serendipity "," W J Donovan, Jim Winske, Stephen G Michaels, Joe Sbrocco "," Joie De Vie Farm Llc"," 3 YO Trotting Filly "
" 8/26/2023","Batavia Downs","LINK||https://replays.robertsstream.com/racereplays/cust/nyss.php?play=MjAyMzA4MjYxOTAwQlRONA=="," Kennebago "," Burke Racing Stable LLC, Weaver Bruscemi LLC"," Michael D Andrew "," 3 YO Trotting Colt"
" 8/25/2023"," Vernon Downs ","LINK||https://replays.robertsstream.com/racereplays/cust/nyss.php?play=MjAyMzA4MjUxNzM2VlJONg=="," Barn CJ"," Steven F Pratt, Nancy E Pratt, Purple Haze Stables LLC, Out in The Country Stable "," William Johnson"," 2 YO Trotting Filly "
" 8/25/2023"," Vernon Downs ","LINK||https://replays.robertsstream.com/racereplays/cust/nyss.php?play=MjAyMzA4MjUxNzE2VlJONQ=="," Crowbar Girl "," Burke Racing Stable LLC, William L Switala, James J Martin, Weaver Bruscemi LLC"," Order By Stable AB"," 2 YO Trotting Filly "
" 8/25/2023"," Vernon Downs ","LINK||https://replays.robertsstream.com/racereplays/cust/nyss.php?play=MjAyMzA4MjUxNTU5VlJOMQ=="," Dozen "," Diamond Creek Racing "," Diamond Creek Farm LLC"," 2 YO Trotting Filly "
" 8/22/2023"," Yonkers Raceway ","LINK||https://replays.robertsstream.com/racereplays/cust/nyss.php?play=MjAyMzA4MjIyMTIxWU9OOA=="," Spectacular Plus "," Kenneth B Weckstein, Gary L Messenger "," Kenneth B Weckstein, Gary L Messenger "," 2 YO Pacing Colt "
" 8/22/2023"," Yonkers Raceway ","LINK||https://replays.robertsstream.com/racereplays/cust/nyss.php?play=MjAyMzA4MjIyMDAyWU9ONA=="," Escape To America "," John J Darrah, Lawrence K Keethe"," John J Darrah, Lawrence K Keethe"," 2 YO Pacing Colt "
" 8/20/2023"," Tioga Downs ","LINK||https://replays.robertsstream.com/racereplays/cust/nyss.php?play=MjAyMzA4MjAxMzU5VFFONA=="," Heisonthehunt "," James A Crawford IV"," Crawford Farms LLC"," 3 YO Pacing Colt "
" 8/20/2023"," Tioga Downs ","LINK||https://replays.robertsstream.com/racereplays/cust/nyss.php?play=MjAyMzA4MjAxMzE5VFFOMg=="," That Dog Will Hunt "," Ben R Mondello "," Walnridge Farm Inc, Bonnie M Benson "," 3 YO Pacing Colt "
" 8/19/2023"," Saratoga Harness ","LINK||https://replays.robertsstream.com/racereplays/cust/nyss.php?play=MjAyMzA4MTkxOTQ2U1JONA=="," City Of Hope "," Philip K Hale, David M Dewhurst "," Winbak Farm "," 3 YO Trotting Colt "
" 8/19/2023"," Saratoga Harness ","LINK||https://replays.robertsstream.com/racereplays/cust/nyss.php?play=MjAyMzA4MTkxOTI1U1JOMw=="," Kingpin Hanover "," Super Mile LLC"," Hanover Shoe Farms Inc"," 3 YO Trotting Colt "
" 8/19/2023"," Saratoga Harness ","LINK||https://replays.robertsstream.com/racereplays/cust/nyss.php?play=MjAyMzA4MTkxOTA1U1JOMg=="," Seven Sins "," Patricia Stable, Kenneth E Jacobs, Allster Stables LLC, L.A. Express Stable LLC"," Crawford Farms LLC"," 3 YO Trotting Colt "
" 8/18/2023"," Vernon Downs ","LINK||https://replays.robertsstream.com/racereplays/cust/nyss.php?play=MjAyMzA4MTgxNzAzVlJONA=="," Sir Pinocchio "," Carolyn Atherton"," Carolyn Atherton"," 2 YO Trotting Colt "
" 8/18/2023"," Vernon Downs","LINK||https://replays.robertsstream.com/racereplays/cust/nyss.php?play=MjAyMzA4MTgxNjQwVlJOMw=="," Inflation "," Mal & Janet Burroughs LLC, Shermay Stables, Lucas Wallin "," Hauser Bros Rcng Ent LLC"," 2 YO Trotting Colt "
" 8/18/2023"," Vernon Downs ","LINK||https://replays.robertsstream.com/racereplays/cust/nyss.php?play=MjAyMzA4MTgxNjE3VlJOMg=="," Super Duper Cooper "," Timothy Drag, James A Crawford IV, Carl L Austin Jr"," Crawford Farms LLC"," 2 YO Trotting Colt "
" 8/18/2023"," Vernon Downs ","LINK||https://replays.robertsstream.com/racereplays/cust/nyss.php?play=MjAyMzA4MTgxNTU5VlJOMQ=="," Fringed "," Ann-Mari Daley, Jared A Daley, Oleg I Vutin, Bain Racing Stables "," Crawford Farms LLC"," 2 YO Trotting Colt "
" 8/16/2023"," Batavia Downs ","LINK||https://replays.robertsstream.com/racereplays/cust/nyss.php?play=MjAyMzA4MTYxOTUxQlRONw=="," Light And Tight "," Pinsje Stables, David K Hoese "," Concord Stud Farm LLC"," 3 YO Pacing Filly "
" 8/16/2023"," Batavia Downs ","LINK||https://replays.robertsstream.com/racereplays/cust/nyss.php?play=MjAyMzA4MTYxOTMyQlRONg=="," Sweet Cheyanne "," Douglas S Overhiser "," Steve Jones "," 3 YO Pacing Filly "
" 8/15/2023"," Yonkers Raceway ","LINK||https://replays.robertsstream.com/racereplays/cust/nyss.php?play=MjAyMzA4MTUxOTQzWU9OMw=="," Woolco "," Hero Stables "," Robert J Krivelin "," 3 YO Trotting Filly "
" 8/15/2023"," Yonkers Raceway ","LINK||https://replays.robertsstream.com/racereplays/cust/nyss.php?play=MjAyMzA4MTUxOTIwWU9OMg=="," Five Fish Species "," Thestable Fivefishspecies "," Order By Stable AB"," 3 YO Trotting Filly "
" 8/15/2023"," Yonkers Raceway ","LINK||https://replays.robertsstream.com/racereplays/cust/nyss.php?play=MjAyMzA4MTUxODU5WU9OMQ=="," Metro Matty "," Bay Pond Racing Stable"," Winbak Farm "," 3 YO Trotting Filly "
" 8/14/2023"," Monticello Raceway ","LINK||https://replays.robertsstream.com/racereplays/cust/nyss.php?play=MjAyMzA4MTQxNTM0TVJEMTA="," Demin N Diamonds "," Michael R Woodward "," Michael R Woodward "," 2 YO Trotting Filly "
" 8/14/2023"," Monticello Raceway ","LINK||https://replays.robertsstream.com/racereplays/cust/nyss.php?play=MjAyMzA4MTQxNTE0TVJEOQ=="," Shiv"," William P Masterson, Albert P Abdala III, Michael H Simons "," Salt Hill Farm Ltd "," 2 YO Trotting Filly "
" 8/14/2023"," Monticello Raceway ","LINK||https://replays.robertsstream.com/racereplays/cust/nyss.php?play=MjAyMzA4MTQxMzIxTVJENA=="," Barn Dreamer "," Steven F Pratt, Nancy E Pratt, Purple Haze Stables LLC, Out In The Country Stable "," Aen LLC"," 2 YO Trotting Filly "
" 8/14/2023"," Monticello Raceway ","LINK||https://replays.robertsstream.com/racereplays/cust/nyss.php?play=MjAyMzA4MTQxMjMxTVJEMg=="," Dozen "," Diamond Creek Racing "," Diamond Creek Farm LLC"," 2 YO Trotting Filly "
" 8/12/2023"," Vernon Downs ","LINK||https://replays.robertsstream.com/racereplays/cust/nyss.php?play=MjAyMzA4MTIyMjMwVlJOMTU="," Heave Away "," Walter G Walker "," Winbak Farm "," 2 YO Pacing Colt"
" 8/12/2023"," Vernon Downs ","LINK||https://replays.robertsstream.com/racereplays/cust/nyss.php?play=MjAyMzA4MTIyMjE0VlJOMTQ="," Vampire Blue Chip "," Herbert J Nurns III, Stephen W Demeter, Stephen D Giagni "," Blue Chip Bloodstock Inc, Stephen W Demeter, Stephen D Giagni "," 2 YO Pacing Colt "
" 8/12/2023"," Vernon Downs ","LINK||https://replays.robertsstream.com/racereplays/cust/nyss.php?play=MjAyMzA4MTIyMTU1VlJOMTM="," Viceversa Bluechip "," Stephen Bartlett, Michelle W Treffi, David D Garlick, Steven R Rybka "," Blue Chip Bloodstock Inc "," 2 YO Pacing Filly "
" 8/12/2023"," Vernon Downs ","LINK||https://replays.robertsstream.com/racereplays/cust/nyss.php?play=MjAyMzA4MTIyMTM4VlJOMTI="," Shine On Susan "," Dune Road Stables LLC"," Blue Chip Bloodstock Inc"," 2 YO Pacing Filly "
" 8/12/2023"," Vernon Downs ","LINK||https://replays.robertsstream.com/racereplays/cust/nyss.php?play=MjAyMzA4MTIyMTE5VlJOMTE="," Ruffian "," W J Donovan "," Winbak Farm "," 2 YO Pacing Filly "
" 8/12/2023"," Vernon Downs ","LINK||https://replays.robertsstream.com/racereplays/cust/nyss.php?play=MjAyMzA4MTIyMDU5VlJOMTA="," Hottubpoppinbubbly "," Terry M Krawec"," Winbak Farm "," 2 YO Pacing Filly "
" 8/12/2023"," Vernon Downs ","LINK||https://replays.robertsstream.com/racereplays/cust/nyss.php?play=MjAyMzA4MTIyMDAwVlJONw=="," Spectacular Plus "," Kenneth B Weckstein, Gary L Messenger "," Kenneth B Weckstein, Gary L Messenger "," 2 YO Pacing Colt "
" 8/12/2023"," Vernon Downs ","LINK||https://replays.robertsstream.com/racereplays/cust/nyss.php?play=MjAyMzA4MTIxOTE2VlJONQ=="," Pop It "," Schnittker Arnold, Country Club Acres Inc, Joe Sbrocco, Theodore Gewertz"," Kathryn L Weed, M Kenneth Weed "," 2 YO Pacing Colt "
" 8/8/2023"," Batavia Downs ","LINK||https://replays.robertsstream.com/racereplays/cust/nyss.php?play=MjAyMzA4MDgyMDA1QlROOA=="," Bullville Stephano "," Crevani Farms "," Crevani Farms "," 3 YO Pacing Colt "
" 8/8/2023"," Batavia Downs ","LINK||https://replays.robertsstream.com/racereplays/cust/nyss.php?play=MjAyMzA4MDgxOTQ1QlRONw=="," Heisonthehunt"," James A Crawford IV"," Crawford Farms LLC"," 3 YO Pacing Colt "
" 8/8/2023"," Batavia Downs ","LINK||https://replays.robertsstream.com/racereplays/cust/nyss.php?play=MjAyMzA4MDgxOTI5QlRONg=="," Storm The Court "," Dune Road Stables LLC"," Steve Jones "," 3 YO Pacing Colt "
" 8/7/2023"," Monticello Raceway ","LINK||https://replays.robertsstream.com/racereplays/cust/nyss.php?play=MjAyMzA4MDcxMzUyTVJENQ=="," Seven Bridges Road "," Lynne B Nicolai "," Frederick W Hertrich III"," 3 YO Trotting Filly "
" 8/7/2023"," Monticello Raceway ","LINK||https://replays.robertsstream.com/racereplays/cust/nyss.php?play=MjAyMzA4MDcxMzA4TVJEMw=="," Five Fish Species "," Thestable Fivefishspecies "," Order By Stable AB "," 3 YO Trotting Filly "
" 8/4/2023"," Saratoga Harness ","LINK||https://replays.robertsstream.com/racereplays/cust/nyss.php?play=MjAyMzA4MDQyMDE3U1JONg=="," Voss Blue Chip "," Jared W Bako, Lady I Racing Stable LLC, Blue Chip Bloodstock Inc"," Blue Chip Bloodstock Inc"," 2 YO Trotting Colt"
" 8/4/2023"," Saratoga Harness ","LINK||https://replays.robertsstream.com/racereplays/cust/nyss.php?play=MjAyMzA4MDQxOTU3U1JONQ=="," Sky Box "," Paul Kelley Racing Stable, Go For Glory Stable, Ellen Palillo, Matt Lamont LLC"," Steve Jones "," 2 YO Trotting Colt "
" 8/4/2023"," Saratoga Harness ","LINK||https://replays.robertsstream.com/racereplays/cust/nyss.php?play=MjAyMzA4MDQxOTM4U1JONA=="," Inflation "," Mai & Janet Burroughs LLC, Shermay Stables, Lucas Wallin "," Hauser Bros Rcng Ent LLC"," 2 YO Trotting Colt "
" 8/4/2023"," Saratoga Harness ","LINK||https://replays.robertsstream.com/racereplays/cust/nyss.php?play=MjAyMzA4MDQxOTIwU1JOMw=="," Tobern "," John W Stark Jr"," Bernard J White, Kristie Leigh Farm Inc "," 2 YO Trotting Colt "
" 8/3/2023"," Light And Tight ","LINK||https://replays.robertsstream.com/racereplays/cust/nyss.php?play=MjAyMzA4MDMyMTI5WU9OOA=="," Light and Tight "," Pinske Stables, David K Hoese "," Concord Stud Farm LLC"," 3 YO Pacing Filly "
" 8/3/2023"," High Fashion Star ","LINK||https://replays.robertsstream.com/racereplays/cust/nyss.php?play=MjAyMzA4MDMyMDQ2WU9ONg=="," High Fashion Star "," All Star Racing Inc "," All Star Racing Inc "," 3 YO Pacing Filly "
" 8/2/2023"," Batavia Downs ","LINK||https://replays.robertsstream.com/racereplays/cust/nyss.php?play=MjAyMzA4MDIyMDE5QlROOQ=="," Drama Club "," Mary Beth Nelson "," Winbak Farm "," 2 YO Pacing Filly "
" 8/2/2023"," Batavia Downs ","LINK||https://replays.robertsstream.com/racereplays/cust/nyss.php?play=MjAyMzA4MDIyMDAyQlROOA=="," A Few Choice Words "," Clancy Farms "," Knot Xzachallie Stable "," 2 YO Pacing Filly "
" 8/2/2023"," Batavia Downs ","LINK||https://replays.robertsstream.com/racereplays/cust/nyss.php?play=MjAyMzA4MDIxOTQ1QlRONw=="," Might Mackie "," Exceed Stables LLC"," Winbak Farm "," 2 YO Pacing Filly "
" 8/2/2023"," Batavia Downs ","LINK||https://replays.robertsstream.com/racereplays/cust/nyss.php?play=MjAyMzA4MDIxOTI3QlRONg=="," Ideal Skies "," United Process Control CO"," Barbara Berger, Richard J Carney, Farrell F Carney "," 2 YO Pacing Filly "
" 8/1/2023"," Batavia Downs ","LINK||https://replays.robertsstream.com/racereplays/cust/nyss.php?play=MjAyMzA4MDExOTM1QlRONg=="," Spectacular Plus "," Kenneth B Weckstein, Gary L Messenger "," Kenneth B Weckstein, Gary L Messenger "," 2 YO Pacing Colt "
" 8/1/2023"," Batavia Downs ","LINK||https://replays.robertsstream.com/racereplays/cust/nyss.php?play=MjAyMzA4MDExOTEzQlRONQ=="," Escape To America "," John J Darrah, Lawrence K Keethe "," John J Darrah, Lawrence K Keethe"," 2 YO Pacing Colt "
" 8/1/2023"," Batavia Downs ","LINK||https://replays.robertsstream.com/racereplays/cust/nyss.php?play=MjAyMzA4MDExODU1QlRONA=="," Heave Away "," Walter G Walker "," Winbak Farm "," 2 YO Pacing Colt "
" 7/31/2023"," Monticello Raceway ","LINK||https://replays.robertsstream.com/racereplays/cust/nyss.php?play=MjAyMzA3MzExNDA0TVJENg=="," Seven Sins "," Patricia Stable, Kenneth F Jacobs, Allster Stables LLC, L A Express Stable LLC "," Crawford Farms LLC "," 3 YO Trotting Colt "
" 7/31/2023"," Monticello Raceway ","LINK||https://replays.robertsstream.com/racereplays/cust/nyss.php?play=MjAyMzA3MzExMjUzTVJEMw=="," Sevenatchi"," Rob Rodger, Tabatha A Zombick "," John J Schlabach "," 3 YO Trotting Colt "
" 7/28/2023"," Saratoga Harness ","LINK||https://replays.robertsstream.com/racereplays/cust/nyss.php?play=MjAyMzA3MjgxOTIwU1JOMw=="," Serendipity "," W J Donovan, Jim Winske, Stephen G Michaels, Joe Sbrocco "," Jole De Vie Farm LLC"," 3 YO Trotting Filly "
" 7/28/2023"," Saratoga Harness ","LINK||https://replays.robertsstream.com/racereplays/cust/nyss.php?play=MjAyMzA3MjgxOTAyU1JOMg=="," Seven Bridges Road "," Lynne B Nicolai "," Frederick W Hertrich III"," 3 YO Trotting Filly "
" 7/28/2023"," Saratoga Harness ","LINK||https://replays.robertsstream.com/racereplays/cust/nyss.php?play=MjAyMzA3MjgxODQ0U1JOMQ=="," Eee Z Wow "," Harmon Racing Stable LLC, Lightning 5 Racing Stable, B Kleinberg Racing LLC "," Robert J Key "," 3 YO Trotting Filly "
" 7/27/2023"," Yonkers Raceway ","LINK||https://replays.robertsstream.com/racereplays/cust/nyss.php?play=MjAyMzA3MjcxOTQyWU9OMw=="," Dozen "," Diamond Creek Racing "," Diamond Creek Farm LLC"," 2 YO Trotting Filly "
" 7/27/2023"," Yonkers Raceway ","LINK||https://replays.robertsstream.com/racereplays/cust/nyss.php?play=MjAyMzA3MjcxOTIyWU9OMg=="," Barn Cj "," Steven F Pratt, Nancy E Pratt, Purple Haze Stables LLC, Out In The Country Stable "," William Johnson "," 2 YO Trotting Filly "
" 7/27/2023"," Yonkers Raceway ","LINK||https://replays.robertsstream.com/racereplays/cust/nyss.php?play=MjAyMzA3MjcxODU5WU9OMQ=="," Karolina Solveig "," Timothy Drag, Rich Preziotti, VIP Internet Stable LLC"," Bernard J White "," 2 YO Trotting Filly "
" 7/26/2023"," Batavia Downs ","LINK||https://replays.robertsstream.com/racereplays/cust/nyss.php?play=MjAyMzA3MjYxOTM3QlRONg=="," Tobern "," John W Stark Jr"," Bernard J White, Kristie Leigh Farm Inc "," 2 YO Trotting Colt"
" 7/26/2023"," Batavia Downs ","LINK||https://replays.robertsstream.com/racereplays/cust/nyss.php?play=MjAyMzA3MjYxODU4QlRONA=="," Voss Blue Chip "," Jared W Bako, Lady I Racing Stable LLC, Blue Chip Bloodstock Inc"," Blue Chip Bloodstock Inc "," 2 YO Trotting Colt"
" 7/26/2023"," Batavia Downs ","LINK||https://replays.robertsstream.com/racereplays/cust/nyss.php?play=MjAyMzA3MjYxODIxQlROMg=="," Woweress "," Purple Haze Stables LLC"," Purple Haze Stables LLC"," 2 YO Trotting Colt "
" 7/25/2023"," Yonkers Raceway ","LINK||https://replays.robertsstream.com/racereplays/cust/nyss.php?play=MjAyMzA3MjUyMjEyWU9OMTA="," A Few Choice Words "," Clancy Farms "," Knot Xzachallie Stable "," 2 YO Pacing Filly "
" 7/25/2023"," Yonkers Raceway ","LINK||https://replays.robertsstream.com/racereplays/cust/nyss.php?play=MjAyMzA3MjUyMTUxWU9OOQ=="," Chris's Choice "," Northfork Racing Stable "," Winbak Farm "," 2 YO Pacing FIlly "
" 7/25/2023"," Yonkers Raceway ","LINK||https://replays.robertsstream.com/racereplays/cust/nyss.php?play=MjAyMzA3MjUyMTE1WU9ONw=="," Sandy Court "," Bay Pond Racing Stable "," Winbak Farm "," 2 YO Pacing Filly "
" 7/25/2023"," Yonkers Raceway ","LINK||https://replays.robertsstream.com/racereplays/cust/nyss.php?play=MjAyMzA3MjUyMDI2WU9ONQ=="," Drama Club "," Mary Beth Nelson "," Winbak Farm "," 2 YO Pacing Filly "
" 7/25/2023"," Yonkers Raceway ","LINK||https://replays.robertsstream.com/racereplays/cust/nyss.php?play=MjAyMzA3MjUyMDAyWU9ONA=="," City Of Stars "," Berg Bros Racing LLC, James A Crawford IV"," Winbak Farm "," 2 YO Pacing Filly "
" 7/24/2023"," Monticello Raceway ","LINK||https://replays.robertsstream.com/racereplays/cust/nyss.php?play=MjAyMzA3MjQxMzEzTVJENA=="," That Dog Will Hunt "," Michael H Simons, Albert P Abdala III"," Wainridge Farm Inc, Boonie M Benson "," 3 YO Pacing Colt "
" 7/24/2023"," Monticello Raceway ","LINK||https://replays.robertsstream.com/racereplays/cust/nyss.php?play=MjAyMzA3MjQxMjMwTVJEMg=="," Demon Boy "," John A Furfaro "," Crawford Farms LLC, Susan M Oakes "," 3 YO Pacing Colt"
" 7/23/2023"," Tioga Downs ","LINK||https://replays.robertsstream.com/racereplays/cust/nyss.php?play=MjAyMzA3MjMxNjU0VFFOMTM="," Celia B Money "," George Ducharme Stable LLC, Jason Ash, Jim Winske "," Hanover Shoe Farms Inc "," 3 YO Pacing Filly "
" 7/23/2023"," Tioga Downs ","LINK||https://replays.robertsstream.com/racereplays/cust/nyss.php?play=MjAyMzA3MjMxNjM2VFFOMTI="," High Fashion Star "," All Star Racing Inc"," All Star Racing Inc. "," 3 YO Pacing Filly "
" 7/23/2023"," Tioga Downs ","LINK||https://replays.robertsstream.com/racereplays/cust/nyss.php?play=MjAyMzA3MjMxNjAwVFFOMTA="," No Cigar Tony "," Kristie Leigh Farm Inc, Ian Behar"," Joseph V Betro, Ian Behar, Kristie Leigh Farm Inc "," 3 YO Pacing Filly "
" 7/22/2023"," Saratoga Harness ","LINK||https://replays.robertsstream.com/racereplays/cust/nyss.php?play=MjAyMzA3MjIyMDM5U1JONw=="," Spectacular Plus "," Kenneth B Weckstein, Gary L Messenger"," Kenneth B Weckstein, Gary L Messenger "," 2 YO Pacing Colt "
" 7/22/2023"," Saratoga Harness ","LINK||https://replays.robertsstream.com/racereplays/cust/nyss.php?play=MjAyMzA3MjIxOTIxU1JOMw=="," Vampire Blue Chip "," Herbert J Burns III, Stephen E demeter, Stephen D Giagni "," Blue Chip Bloodstock Inc, Stephen W Demeter, Stephen D Giagni "," 2 YO Pacing Colt "
" 7/22/2023"," Saratoga Harness ","LINK||https://replays.robertsstream.com/racereplays/cust/nyss.php?play=MjAyMzA3MjIxOTAyU1JOMg=="," Dragon Hunter "," Kenneth B Weckstein "," Kenneth B Weckstein "," 2 YO Pacing Colt "
" 7/22/2023"," Saratoga Harness ","LINK||https://replays.robertsstream.com/racereplays/cust/nyss.php?play=MjAyMzA3MjIxODQ0U1JOMQ=="," Levi Sonic "," Eric K Good, Tritton 2 Inc "," Southwind Farms LLC","  2 YO Pacing Colt "
" 7/19/2023"," Buffalo Raceway ","LINK||https://replays.robertsstream.com/racereplays/cust/nyss.php?play=MjAyMzA3MTkxNjQ3QlVOOA=="," Sevin Sins "," Pollack Racing LLC"," Crawford Farms LLC"," 3 YO Trotting Colt "
" 7/19/2023"," Buffalo Raceway ","LINK||https://replays.robertsstream.com/racereplays/cust/nyss.php?play=MjAyMzA3MTkxNjA5QlVONg=="," Destiny's Darling "," Burke Racing Stable LLC, Weaver Bruscemi LLC"," Richard S Gutnick, T L P Stable "," 3 YO Trotting Filly "
" 7/19/2023"," Buffalo Raceway ","LINK||https://replays.robertsstream.com/racereplays/cust/nyss.php?play=MjAyMzA3MTkxNTMyQlVONA=="," Met Your Request "," Vogel & Wags Nags LLC"," Daniel G Roland "," 3 YO Trotting Colt "
" 7/19/2023"," Buffalo Raceway ","LINK||https://replays.robertsstream.com/racereplays/cust/nyss.php?play=MjAyMzA3MTkxNTE0QlVOMw=="," Serenipity "," W J Donovan, Jim Winske, Stephen G Michaels, Joe Sbrocco"," Joie De Vie Farm LLC"," 3 YO Trotting Filly "
" 7/16/2023"," Tioga Downs ","LINK||https://replays.robertsstream.com/racereplays/cust/nyss.php?play=MjAyMzA3MTYxNjU2VFFOMTI="," Dozen "," Diamond Creek Racing "," Diamond Creek Farm LLC "," 2 YO Trotting Filly "
" 7/16/2023"," Tioga Downs ","LINK||https://replays.robertsstream.com/racereplays/cust/nyss.php?play=MjAyMzA3MTYxNjIyVFFOMTA="," Sky Box "," Paul Kelley Racing Stable, Go For Glory Stable, Ellen Palillo, Matt Lamont LLC "," Steve Jones "," 2 YO Trotting Colt "
" 7/16/2023"," Tioga Downs ","LINK||https://replays.robertsstream.com/racereplays/cust/nyss.php?play=MjAyMzA3MTYxNTM1VFFOOA=="," Seven Minute Abs "," James A Crawford IV ","Winbak Farm "," 2 YO Trotting Colt "
" 7/16/2023"," Tioga Downs ","LINK||https://replays.robertsstream.com/racereplays/cust/nyss.php?play=MjAyMzA3MTYxNDQ3VFFONg=="," Barn Dreamer "," Steven F Prattt, Nancy E Pratt, Purple Haze Stables LLC, Out In The Country Stable "," Aen LLC "," 2 Yo Trotting Filly "
" 7/16/2023"," Tioga Downs ","LINK||https://replays.robertsstream.com/racereplays/cust/nyss.php?play=MjAyMzA3MTYxMzU5VFFONA=="," Karolina Solveig "," Timothy Drag, Rich Preziotti, VIP Internet Stable LLC"," Bernard J White "," 2 YO Trotting Filly "
" 7/16/2023"," Tioga Downs ","LINK||https://replays.robertsstream.com/racereplays/cust/nyss.php?play=MjAyMzA3MTYxMzE3VFFOMg=="," Barn Cj "," Steven F Pratt, Nancy E Pratt, Purple Haze Stables LLC, Out In The Country Stable "," William Johnson "," 2 YO Trotting Colt "
" 7/16/2023"," Tioga Downs ","LINK||https://replays.robertsstream.com/racereplays/cust/nyss.php?play=MjAyMzA3MTYxMjU5VFFOMQ=="," Tobern "," John W Stark JR"," Bernard J White, Kristie Leigh Farm Inc "," 2 YO Trotting Colt "
" 7/14/2023"," Saratoga Harness ","LINK||https://replays.robertsstream.com/racereplays/cust/nyss.php?play=MjAyMzA3MTQyMDQ5U1JOOA=="," Kj Huntress "," Scott D Woogen "," Scott D Woogen "," 2 YO Pacing FIlly "
" 7/14/2023"," Saratoga Harness ","LINK||https://replays.robertsstream.com/racereplays/cust/nyss.php?play=MjAyMzA3MTQyMDMyU1JONw=="," Ideal Skies "," United Process Control Co  "," Barbars H Berger, Richard J Carney, Farrell F Carney "," 2 YO Pacing Filly "
" 7/14/2023"," Saratoga Harness ","LINK||https://replays.robertsstream.com/racereplays/cust/nyss.php?play=MjAyMzA3MTQyMDE1U1JONg=="," Chris's Choice "," Northfork Racing Stable "," Winbak Farm "," 2 YO Pacing Filly "
" 7/14/2023"," Saratoga Harness ","LINK||https://replays.robertsstream.com/racereplays/cust/nyss.php?play=MjAyMzA3MTQxOTU3U1JONQ=="," Delivered On Tyme "," Greggory A Laniewski, Lynn M Laniewski "," Greggory A Laniewski, Lynn M Laniewski "," 2 YO Pacing Filly "
" 7/14/2023"," Saratoga Harness ","LINK||https://replays.robertsstream.com/racereplays/cust/nyss.php?play=MjAyMzA3MTQxOTM2U1JONA=="," Petrol Queen "," Anatolla Racing LLC "," Anatolla Racing Stb Inc "," 2 YO Pacing Filly "
" 7/13/2023"," Yonkers Raceway ","LINK||https://replays.robertsstream.com/racereplays/cust/nyss.php?play=MjAyMzA3MTMxOTIxWU9OMg=="," Bet On Buter"," Douglas S Overthiser, Michael I Shan "," Steve Jones, Buter Farm Inc "," 3YO Pacing Colt "
" 7/13/2023"," Yonkers Raceway ","LINK||https://replays.robertsstream.com/racereplays/cust/nyss.php?play=MjAyMzA3MTMxODU5WU9OMQ=="," BUllville Stephano "," Crevani Farms "," Crevani Farms "," 3 YO Pacing Colt "
" 7/12/2023"," Buffalo Raceway ","LINK||https://replays.robertsstream.com/racereplays/cust/nyss.php?play=MjAyMzA3MTIxNjIxQlVONw=="," Choice Is Yours "," Leanne  Murphy, Stuart W Mcintosh, Bret Authier"," Leanne M Murphy "," 2 YO Pacing Colt "
" 7/12/2023"," Buffalo Raceway ","LINK||https://replays.robertsstream.com/racereplays/cust/nyss.php?play=MjAyMzA3MTIxNjAyQlVONg=="," Choose Carefully "," H O Racing Inc, D Racing Stable Inc, Donald G Mac Rae"," Conrad E Zurich, Edwin J Gold, Purple Haze Stables LLC"," 2 YO Pacing Colt "
" 7/12/2023"," Buffalo Raceway ","LINK||https://replays.robertsstream.com/racereplays/cust/nyss.php?play=MjAyMzA3MTIxNDI5QlVOMQ=="," Funky Bunch "," Alan J Johnston, H O Racing Inc "," Crawford Farms LLC"," 2 YO Pacing Colt "
" 7/9/2023"," Saratoga Harness ","LINK||https://replays.robertsstream.com/racereplays/cust/nyss.php?play=MjAyMzA3MDkxNDAxU1JOOA=="," Versace Blue Chip"," Michael H Simmons, Albert P Abdala III"," Blue CHip Bloodstock Inc "," 2 YO Trotting Filly "
" 7/9/2023"," Saratoga Harness ","LINK||https://replays.robertsstream.com/racereplays/cust/nyss.php?play=MjAyMzA3MDkxMzQ0U1JONw=="," Barn Cj"," Steven F Pratt, Nancy E Pratt, Purple Haze Stables LLC, Out in The Country Stable "," William Johnson "," 2 YO Trotting Filly "
" 7/9/2023"," Saratoga Harness ","LINK||https://replays.robertsstream.com/racereplays/cust/nyss.php?play=MjAyMzA3MDkxMzI3U1JONg=="," Mimi"," Harbor Racing Stable LLC, Lucas Wallin "," Order By Stable AB "," 2 YO Trotting Filly "
" 7/9/2023"," Saratoga Harness ","LINK||https://replays.robertsstream.com/racereplays/cust/nyss.php?play=MjAyMzA3MDkxMzA5U1JONQ=="," Barn Dreamer "," Steven F Pratt, Nancy E Pratt, Purple Haze Stables LLC, Out in The Country Stable "," Aen LLC"," 2 YO Trotting Filly "
" 7/8/2023"," Vernon Downs","LINK||https://replays.robertsstream.com/racereplays/cust/nyss.php?play=MjAyMzA3MDgxMzExVlJONA=="," Sweet Home "," Chuck Pompey"," Frederick W Hertrich III"," 3 YO Pacing Filly "
" 7/8/2023"," Vernon Downs ","LINK||https://replays.robertsstream.com/racereplays/cust/nyss.php?play=MjAyMzA3MDgxMjUwVlJOMw=="," Rec Time "," D Racing Stable INC, Jason A Osullivan "," Fair Winds Farm Inc, Mark C Mullen, Steve Jones "," 3 YO Pacing Filly "
" 7/8/2023"," Vernon Downs ","LINK||https://replays.robertsstream.com/racereplays/cust/nyss.php?play=MjAyMzA3MDgxMjMxVlJOMg=="," Freestarflight"," Hutt Racing Stable, Blake C Macintosh, Ozzie W Mackay"," Winbak Farm "," 3 YO Pacing Filly "
" 7/5/2023"," Buffalo Raceway ","LINK||https://replays.robertsstream.com/racereplays/cust/nyss.php?play=MjAyMzA3MDUxNTQ5QlVONQ=="," Whiskey Double "," Philip K Hale, David M Dewhurst"," Frederick W Hertrich III"," 2 YO Trotting Colt "
" 7/5/2023"," Buffalo Raceway ","LINK||https://replays.robertsstream.com/racereplays/cust/nyss.php?play=MjAyMzA3MDUxNDI5QlVOMQ=="," Barn Credit "," Steven F Pratt, Nancy E Pratt, Purple Haze Stables LLC, Out in The Country Stable "," Risto J Vidgren "," 2 YO Trotting Colt "
" 7/3/2023"," Monticello Raceway ","LINK||https://replays.robertsstream.com/racereplays/cust/nyss.php?play=MjAyMzA3MDMxNTQ0TVJEMTE="," Chris's Choice "," Northfork Racing Stable"," Winbak Farm "," 2 YO Pacing Filly"
" 7/3/2023"," Monticello Raceway ","LINK||https://replays.robertsstream.com/racereplays/cust/nyss.php?play=MjAyMzA3MDMxNDIzTVJENw=="," Cheri's Choice "," Carolyn L Corso, Katharine H Nason"," Winback Farm "," 2 YO Pacing Filly "
" 7/3/2023"," Monticello Raceway ","LINK||https://replays.robertsstream.com/racereplays/cust/nyss.php?play=MjAyMzA3MDMxMzQyTVJENQ=="," Patrol Queen "," Anatolia Racing LLC "," Anatolia Racing Stb Inc "," 2 YO Pacing Filly "
" 7/3/2023"," Monticello Raceway ","LINK||https://replays.robertsstream.com/racereplays/cust/nyss.php?play=MjAyMzA3MDMxMjU1TVJEMw=="," A Few Choice Words"," Clancy Farms "," Knot Xzachallie Stable "," 2 YO Pacing Filliy "
" 6/28/2023"," Buffalo Raceway ","LINK||https://replays.robertsstream.com/racereplays/cust/nyss.php?play=MjAyMzA2MjgxNTQ5QlVONQ=="," Barn CJ"," Steve F Pratt, Nancy E Pratt, Purple Haze Stables LLC, Out In The Country Stable"," William Johnson "," 2 YO Trotting FIlly "
" 6/28/2023"," Buffalo Raceway ","LINK||https://replays.robertsstream.com/racereplays/cust/nyss.php?play=MjAyMzA2MjgxNDI5QlVOMQ=="," Champain "," A Lot To Trot About "," Cheryl A Mc Givern, DMCS Stable, Seth E Coen, Jeffrey R Cantine"," 2 YO Trotting Filly "
" 6/26/2023"," Monticello Raceway ","LINK||https://replays.robertsstream.com/racereplays/cust/nyss.php?play=MjAyMzA2MjYxNDU0TVJEOA=="," Euro Step "," David R Hamm, Glenn R Phillips, Devita Racing Stables Inc"," Steve Jones "," 2 YO Pacing Colt "
" 6/26/2023"," Monticello Raceway ","LINK||https://replays.robertsstream.com/racereplays/cust/nyss.php?play=MjAyMzA2MjYxMjA5TVJEMQ=="," Darius "," Seahunt Farms LLC"," Dennis Ackerman, Patricia Ackerman"," 2 YO Pacing Colt"
" 6/24/2023"," Saratoga Harness","LINK||https://replays.robertsstream.com/racereplays/cust/nyss.php?play=MjAyMzA2MjQxODE3U1JONQ=="," Kid From The Bronx"," Raymond W Schnittker, Theodore Gewertz, Kitefield Stable"," Theodore Gewertz"," 3 YO Pacing Colt"
" 6/24/2023"," Saratoga Harness","LINK||https://replays.robertsstream.com/racereplays/cust/nyss.php?play=MjAyMzA2MjQxNzU4U1JONA=="," Storm The Court"," Dune Road Stables LLC"," Steve Jones"," 3 YO Pacing Colt"
" 6/24/2023"," Saratoga Harness","LINK||https://replays.robertsstream.com/racereplays/cust/nyss.php?play=MjAyMzA2MjQxNzM4U1JOMw=="," El Yerno"," Philp S Steinberg, Dana L Steinberg"," Philip S Steinberg, Dana L Steinberg"," 3 YO Pacing Colt "
" 6/24/2023"," Saratoga Harness","LINK||https://replays.robertsstream.com/racereplays/cust/nyss.php?play=MjAyMzA2MjQxNzE4U1JOMg=="," Boston Bound"," Rick Berks, Peter R Blood"," Winbak Farm "," 3 YO Pacing Colt"
" 6/24/2023"," Saratoga Harness","LINK||https://replays.robertsstream.com/racereplays/cust/nyss.php?play=MjAyMzA2MjQxNjU5U1JOMQ=="," Bet On Buter"," Douglas S Overhiser, Michael I Shan"," Steve Jones, Buter Farm Inc"," 3 YO Pacing Colt"
" 6/22/2023"," Yonkers Raceway ","LINK||https://replays.robertsstream.com/racereplays/cust/nyss.php?play=MjAyMzA2MjIxOTQxWU9OMw=="," Tobern"," John W Stark Jr"," Bernard J White, Kristie Leigh Farm Inc"," 2 YO Trotting Colt "
" 6/22/2023"," Yonkers Raceway ","LINK||https://replays.robertsstream.com/racereplays/cust/nyss.php?play=MjAyMzA2MjIxODU5WU9OMQ=="," Whiskey Double "," Phillip K Hale, David M Dewhurst"," Frederick W Hertrich III"," 2 YO Trotting Colt "
" 6/21/2023"," Buffalo Raceway ","LINK||https://replays.robertsstream.com/racereplays/cust/nyss.php?play=MjAyMzA2MjExNTQ2QlVONQ=="," Gandy Dancer"," Lady I Racing Stable LLC, Buck N Tuck Stable, Jared W Bako"," Max J Hempt, Christine Murphy"," 2 YO Pacing Filly"
" 6/21/2023"," Buffalo Raceway","LINK||https://replays.robertsstream.com/racereplays/cust/nyss.php?play=MjAyMzA2MjExNDI5QlVOMQ=="," Rolling On Truth "," Nathan W Miller, Paul R O'Mara, Cynthia A O'Mara"," Nathan W Miller"," 2 YO Pacing Filly"
" 6/19/2023"," Monticello Raceway","LINK||https://replays.robertsstream.com/racereplays/cust/nyss.php?play=MjAyMzA2MTkxNTAyTVJEOQ=="," Celia B Money "," George Ducharme Stable LLC, Jason Ash, Jim Winske"," Hanover Shoe Farms Inc"," 3 YO Pacing Filly"
" 6/19/2023"," Monticello Raceway ","LINK||https://replays.robertsstream.com/racereplays/cust/nyss.php?play=MjAyMzA2MTkxMzUxTVJENg=="," No Cigar Tony"," Kristie Leigh Farm Inc, Ian Behar"," Joseph V Betro, Ian Behar, Kristie Leigh Farm Inc"," 3 YO Pacing Filly"
" 6/19/2023"," Monticello Raceway ","LINK||https://replays.robertsstream.com/racereplays/cust/nyss.php?play=MjAyMzA2MTkxMjMyTVJEMg=="," Rec Time"," D Racing Stable Inc, Jason A Osullivan"," Fair Winds Farm Inc, Mark C Mullen, Steve Jones"," 3 YO Pacing Filly"
" 6/16/2023"," Vernon Downs ","LINK||https://replays.robertsstream.com/racereplays/cust/nyss.php?play=MjAyMzA2MTYxNTMzVlJOMTI="," Boston Bound"," Rick Berks, Peter R Blood"," Winbak Farm"," 3 YO Pacing Colt "
" 6/16/2023"," Vernon Downs ","LINK||https://replays.robertsstream.com/racereplays/cust/nyss.php?play=MjAyMzA2MTYxNTE2VlJOMTE="," Upallnightbluechip"," James A Crawford IV"," Blue Chip Bloodstock Inc"," 3 YO Pacing Colt "
" 6/16/2023"," Vernon Downs ","LINK||https://replays.robertsstream.com/racereplays/cust/nyss.php?play=MjAyMzA2MTYxNDU3VlJOMTA="," Andrews Ideal "," Howard M Ouriel "," Howard M Ouriel"," 3 YO Pacing Colt"
" 6/16/2023"," Vernon Downs ","LINK||https://replays.robertsstream.com/racereplays/cust/nyss.php?play=MjAyMzA2MTYxMjQ5VlJOMw=="," Demon Boy"," John A Furfaro"," Crawford Farms LLC, Susan M Oakes"," 3 YO Pacing Colt "
" 6/16/2023"," Vernon Downs","LINK||https://replays.robertsstream.com/racereplays/cust/nyss.php?play=MjAyMzA2MTYxMjE0VlJOMQ=="," Storm The Court"," Dune Road Stables LLC"," Steve Jones"," 3 YO Pacing Colt"
" 6/10/2023"," Saratoga Harness","LINK||https://replays.robertsstream.com/racereplays/cust/nyss.php?play=MjAyMzA2MTAxODE0U1JONQ=="," Silky Stride"," Mark A Harder, Dean Lockhart, Deena Rachel Frost, WAYNE K CARLETON"," Winbak Farm"," 3 YO Pacing Filly"
" 6/10/2023"," Saratoga Harness","LINK||https://replays.robertsstream.com/racereplays/cust/nyss.php?play=MjAyMzA2MTAxNzE3U1JOMg=="," Celia B Money "," George Ducharme Stable LLC, Jason Ash, Jim Winske"," Hanover Shoe Farms Inc"," 3 YO Pacing Filly"
" 6/10/2023"," Saratoga Harness","LINK||https://replays.robertsstream.com/racereplays/cust/nyss.php?play=MjAyMzA2MTAxNjU5U1JOMQ=="," At The Hop"," 1812 Racing LLC"," Steve Jones"," 3 YO Pacing Filly"
" 6/9/2023"," Tioga Downs","LINK||https://replays.robertsstream.com/racereplays/cust/nyss.php?play=MjAyMzA2MDkyMjQ1VFFOMTQ="," Kennebago"," Burke Racing Stable LLC, Weaver Bruscemi LLC"," Michael D Andrew"," 3 YO Trotting Colt "
" 6/9/2023"," Tioga Downs","LINK||https://replays.robertsstream.com/racereplays/cust/nyss.php?play=MjAyMzA2MDkyMjMwVFFOMTM="," Wollco"," Hero Stables"," Robert J Krivelin"," 3 YO Trotting Filly"
" 6/9/2023"," Tioga Downs","LINK||https://replays.robertsstream.com/racereplays/cust/nyss.php?play=MjAyMzA2MDkyMjEyVFFOMTI="," Destiny's Darling"," Richard S Gutnick, T L P Stable"," Richard S Gutnick, T L P Stable"," 3 YO Trotting Filly"
" 6/9/2023"," Tioga Downs","LINK||https://replays.robertsstream.com/racereplays/cust/nyss.php?play=MjAyMzA2MDkyMTUyVFFOMTE="," Country Dagger"," Melvin Schmucker"," Melvin Schmucker"," 3 YO Trotting Colt"
" 6/9/2023"," Tioga Downs","LINK||https://replays.robertsstream.com/racereplays/cust/nyss.php?play=MjAyMzA2MDkyMTMxVFFOMTA="," Crazy Ritz"," James E Palladino"," Crawford Farms LLC"," 3 YO Trotting Colt"
" 6/9/2023"," Tioga Downs","LINK||http://replays.robertsstream.com/racereplays/echoplay/replay.php?d=2023-06-09&r=8&tc=TQN&cust=NYSS&t=1686577837&h=e786dbe8af92a5452faa86533e25acec"," Winkys Wow"," Robert D Trossbach"," Calvin D Lasher"," 3 YO Trotting Filly"
" 6/9/2023"," Tioga Downs","LINK||http://replays.robertsstream.com/racereplays/echoplay/replay.php?d=2023-06-09&r=5&tc=TQN&cust=NYSS&t=1686577639&h=84e32986d107052919699530980a44a5"," Mandrill"," S R F Stable"," Order By Stable AB"," 3 YO Trotting Filly"
" 6/9/2023"," Tioga Downs","LINK||http://replays.robertsstream.com/racereplays/echoplay/replay.php?d=2023-06-09&r=3&tc=TQN&cust=NYSS&t=1686577562&h=326bc7039efa23029d6d47f1661d4a62"," Kingpin Hanover"," Super Mile LLC"," Hanover Shoe Farms Inc"," 3 YO Trotting Colt"
" 5/31/2023"," Buffalo Raceway ","LINK||https://replays.robertsstream.com/racereplays/cust/nyss.php?play=MjAyMzA1MzExNDI5QlVOMQ=="," Lady Jericho"," Jennifer L Safford"," Gary E Smith "," 3 YO Pacing Filly"
" 5/29/2023"," Vernon Downs","LINK||https://replays.robertsstream.com/racereplays/cust/nyss.php?play=MjAyMzA1MjkxMjE0VlJOMQ==","  Three Cherrys","  Joseph A Di Nicola, Christine E Di Nicola","  Joseph A Di Nicola
  Christine E Di Nicola"," 3 YO Trotting Colt"
"  5/29/2023","  Vernon Downs ","LINK||https://replays.robertsstream.com/racereplays/cust/nyss.php?play=MjAyMzA1MjkxMjM3VlJOMg==","  Seven Over","  VP Internet Stable Llc, James A Crawford IV, Rich Preziotti, Heritage Standardbreds","  Crawford Farms LLC"," 3 Yo Trotting Colt"
"  5/29/2023","  Vernon Downs ","LINK||https://replays.robertsstream.com/racereplays/cust/nyss.php?play=MjAyMzA1MjkxMjU5VlJOMw==","  City Of Hope","  Phillip K Hale, David M Dewhurst"," Winbak Farm ","  3 YO Trotting Colt "
" 5/29/2023"," Vernon Downs","LINK||https://replays.robertsstream.com/racereplays/cust/nyss.php?play=MjAyMzA1MjkxMzQxVlJONQ=="," Espresso"," Andy Miller Stable Inc, Louis A Willinger, Mortgage Boys Stable, L Berg Inc"," Brittany Farms LLC"," 3 YO Trotting Colt"
" 5/29/2023"," Vernon Downs ","LINK||https://replays.robertsstream.com/racereplays/cust/nyss.php?play=MjAyMzA1MjkxNDQ1VlJONw=="," Point Reyes"," Tom Vassiliou, Nicholas J Tallarico"," Patricia M Hogan"," 3 YO Trotting Filly"
" 5/29/2023"," Vernon Downs","LINK||https://replays.robertsstream.com/racereplays/cust/nyss.php?play=MjAyMzA1MjkxNjAxVlJOMTA="," Canterbury Hanover"," Let It Ride Stables Inc, Jesmeral Stable"," Hanover Shoe Farms Inc"," 3 YO Trotting Filly"
" 5/29/2023"," Vernon Downs","LINK||https://replays.robertsstream.com/racereplays/cust/nyss.php?play=MjAyMzA1MjkxNjE5VlJOMTE="," Mandrill"," S R F Stable"," Order By Stable AB"," 3 YO Trotting Filly"
" 5/29/2023"," Vernon Downs","LINK||https://replays.robertsstream.com/racereplays/cust/nyss.php?play=MjAyMzA1MjkxNjQxVlJOMTI="," Usosweet Blue Chip"," Ervin Miller Stable Inc, Douglas S Overhiser"," Blue Chip Bloodstock Inc"," 3 YO Trotting Filly"
