" DATE"," TRACK"," VIDEO"," NAME OF HORSE"," OWNER"," BREEDER"," EVENT"
" 9/2/2023"," Tioga Downs ","LINK||https://replays.robertsstream.com/racereplays/cust/nyss.php?play=MjAyMzA5MDIxODUwVFFOMw=="," Huntingforchrome "," Robert O Di Nozzi"," Crawford Farms LLC"," 2 YO Pacing Colt "
" 9/2/2023"," Tioga Downs ","LINK||https://replays.robertsstream.com/racereplays/cust/nyss.php?play=MjAyMzA5MDIxODE0VFFOMQ=="," Vandiemen Bluechip "," Samir A Tawil, Paul V Kautz, Nathan J Fullmer, Alexander P Hen "," Blue Chip Bloodstock Inc, Dan P Fisher "," 2 YO Pacing Colt "
" 8/28/2023"," Monticello Raceway ","LINK||https://replays.robertsstream.com/racereplays/cust/nyss.php?play=MjAyMzA4MjgxNDUxTVJEOA=="," Keep Asking "," W J Donovan, Joe Sbrocco, Jim Winske, George Ducharme Stable LLC"," W J Donovan, Joe Sbrocco, Jim Winske, George Ducharme Stable LLC"," 2 YO Trotting Colt "
" 8/27/2023"," Tioga Downs ","LINK||https://replays.robertsstream.com/racereplays/cust/nyss.php?play=MjAyMzA4MjcxNzM0VFFOMTQ="," Sea Pearl "," Brittany Farms LLC"," Brittany Farms LLC"," 2 YO Pacing Filly "
" 8/27/2023"," Tioga Downs ","LINK||https://replays.robertsstream.com/racereplays/cust/nyss.php?play=MjAyMzA4MjcxNDAxVFFONA=="," Leanne's Choice "," Ervin Miller Stable Inc, Ronald C Michelon, Douglas S Overhiser "," Winbak Farm "," 2 YO Pacing Filly "
" 8/26/2023"," Batavia Downs ","LINK||https://replays.robertsstream.com/racereplays/cust/nyss.php?play=MjAyMzA4MjYxOTU1QlRONw=="," Royal Filly "," Crawford Farms Racing "," Jonas L Schlabach "," 3 YO Trotting Filly "
" 8/26/2023"," Batavia Downs ","LINK||https://replays.robertsstream.com/racereplays/cust/nyss.php?play=MjAyMzA4MjYxOTM3QlRONg=="," Usosweet Blue Chip "," Ervin Miller Stable Inc, Douglas S Overhiser"," Blue Chip Bloodstock Inc "," 3 YO Trotting Filly  "
" 8/26/2023"," Batavia Downs ","LINK||https://replays.robertsstream.com/racereplays/cust/nyss.php?play=MjAyMzA4MjYxOTE5QlRONQ=="," Chapercraz"," Burke Racing Stable LLC, Weaver Bruscemi LLC, Phillip Collura "," Purple Haze Stables LLC"," 3 YO Trotting Colt "
" 8/25/2023"," Vernon Downs ","LINK||https://replays.robertsstream.com/racereplays/cust/nyss.php?play=MjAyMzA4MjUxNjU2VlJONA=="," R Melina "," M and L Of Delaware LLC, Alabama Harness Associates LLC"," Marsh Valley Standardbreds "," 2 YO Trotting Filly"
" 8/25/2023"," Vernon Downs ","LINK||https://replays.robertsstream.com/racereplays/cust/nyss.php?play=MjAyMzA4MjUxNjE3VlJOMg=="," Sadbirdstillsing "," Crawford Farms Racing, Pryde Stables Inc"," Crawford Farms LLC"," 2 YO Trotting Filly"
" 8/22/2023"," Yonkers Raceway ","LINK||https://replays.robertsstream.com/racereplays/cust/nyss.php?play=MjAyMzA4MjIyMTIxWU9OOA=="," Vandiemen Bluechip "," Samir A Tawil, Paul V Kautz, Nathan J Fullmer, Alexander P Henn "," Blue Chip Bloodstock Inc, Dan P Fisher "," 2 YO Pacing Colt "
" 8/22/2023"," Yonkers Raceway ","LINK||https://replays.robertsstream.com/racereplays/cust/nyss.php?play=MjAyMzA4MjIyMDAyWU9ONA=="," Pop It"," Schnittker Arnold, Country Club Acres Inc, Joe Sbrocco, Theodore Gewertz "," Kathryn L Weed, M Kenneth Weed"," 2 YO Pacing Colt "
" 8/20/2023"," Tioga Downs ","LINK||https://replays.robertsstream.com/racereplays/cust/nyss.php?play=MjAyMzA4MjAxMzM5VFFOMw=="," Huntinthelastdolar "," R Gregg McNair, George D Kerr, Bradley J Grant "," Crawford Farms LLC"," 3 YO Pacing Colt"
" 8/20/2023"," Tioga Downs ","LINK||https://replays.robertsstream.com/racereplays/cust/nyss.php?play=MjAyMzA4MjAxMjU5VFFOMQ=="," Thunder Hunter Joe "," David R Hamm, Glenn R Phillips, Christopher Giaccio, Devia Racing Stable Inc"," Heather S Zitone "," 3 YO Pacing Colt "
" 8/19/2023"," Saratoga Harness ","LINK||https://replays.robertsstream.com/racereplays/cust/nyss.php?play=MjAyMzA4MTkxODQ0U1JOMQ=="," Cecil Hanover "," S R F Stable, Midnight Sun Partners Inc, Ake Svanstedt Inc, Jorgen Sparredal Inc "," Hanover Shoe Farms Inc"," 3 YO Trotting Colt "
" 8/18/2023"," Vernon Downs ","LINK||https://replays.robertsstream.com/racereplays/cust/nyss.php?play=MjAyMzA4MTgxNzIxVlJONQ=="," Keep Asking "," W J Donovan, Joe Sbrocco, Jim Winske, George Ducharme Stable LLC "," W J Donovan, Joe Sbrocco, Jim Winske, George Ducharme Stable LLC "," 2 YO Trotting Colt "
" 8/16/2023"," Batavia Downs ","LINK||https://replays.robertsstream.com/racereplays/cust/nyss.php?play=MjAyMzA4MTYyMDUwQlROMTA="," Earthwindfire "," Melvin P Segal, Kentuckiana Racing Stable, Tulip Racing "," Stephen P Dey III"," 3 YO Pacing Filly "
" 8/16/2023"," Batavia Downs ","LINK||https://replays.robertsstream.com/racereplays/cust/nyss.php?play=MjAyMzA4MTYyMDExQlROOA=="," Rec Time "," D Racing Stable Inc, Jason A Osullivan "," Fair Winds Farm Inc, Mark C Mullen, Steve Jones "," 3 YO Pacing Filly "
" 8/15/2023"," Yonkers Raceway ","LINK||https://replays.robertsstream.com/racereplays/cust/nyss.php?play=MjAyMzA4MTUxOTQzWU9OMw=="," Instagram Model "," R Lynn Curry "," Steve Jones, Raymond W Schnittker "," 3 YO Trotting Filly "
" 8/15/2023"," Yonkers Raceway ","LINK||https://replays.robertsstream.com/racereplays/cust/nyss.php?play=MjAyMzA4MTUxOTIwWU9OMg=="," Gigi Hanover "," Melby Gard Inc"," Hanover Shoe Farms Inc "," 3 YO Trotting Filly "
" 8/14/2023"," Monticello Raceway ","LINK||https://replays.robertsstream.com/racereplays/cust/nyss.php?play=MjAyMzA4MTQxNDUyTVJEOA=="," Senorita Palema "," Bender Sweden Inc "," Winbak Farm "," 2 YO Trotting Filly "
" 8/14/2023"," Monticello Raceway ","LINK||https://replays.robertsstream.com/racereplays/cust/nyss.php?play=MjAyMzA4MTQxMzM5TVJENQ=="," Sister Mary Maude "," Burke Racing Stable LLC, William L Switala, James J Martin, Weaver Bruscemi LLC"," David C Hanson "," 2 YO Trotting Filly "
" 8/14/2023"," Monticello Raceway ","LINK||https://replays.robertsstream.com/racereplays/cust/nyss.php?play=MjAyMzA4MTQxMjA5TVJEMQ=="," Seven Year Itch "," Vermon J Beachy, Ryan W Smith, Gitup Racing"," Steve Jones "," 2 YO Trotting Filly "
" 8/12/2023"," Vernon Downs ","LINK||https://replays.robertsstream.com/racereplays/cust/nyss.php?play=MjAyMzA4MTIyMDQwVlJOOQ=="," Huntingforchrome "," Robert O Di Nozzi "," Crawford Farms LLC"," 2 YO Pacing Colt "
" 8/12/2023"," Vernon Downs ","LINK||https://replays.robertsstream.com/racereplays/cust/nyss.php?play=MjAyMzA4MTIyMDIwVlJOOA=="," So Well Dressed "," Janice Connor, Robert J Lovett "," Janice Connor "," 2 YO Pacing Filly "
" 8/12/2023"," Vernon Downs ","LINK||https://replays.robertsstream.com/racereplays/cust/nyss.php?play=MjAyMzA4MTIxOTM1VlJONg=="," Bronx Barista "," Raymond W Schnittker, Theodore Gewertz, Kitefield Stable "," Theodore Gewertz"," 2 YO Pacing Filly "
" 8/10/2023"," Yonkers Raceway ","LINK||https://replays.robertsstream.com/racereplays/cust/nyss.php?play=MjAyMzA4MTAyMDA0WU9ONA=="," Kierkegaard K"," Knutsson Trotting Inc "," Knutsson Trotting Inc "," 3 YO Trotting Colt "
" 8/10/2023"," Yonkers Raceway ","LINK||https://replays.robertsstream.com/racereplays/cust/nyss.php?play=MjAyMzA4MTAxOTI3WU9OMg=="," Cecil Hanover "," S R F Stable, Midnight Sun Partners Inc, Ake Svanstedt Inc, and Jorgen Sparredal Inc "," Hanover Shoe Farms Inc "," 3 YO Trotting Colt "
" 8/8/2023"," Batavia Downs ","LINK||https://replays.robertsstream.com/racereplays/cust/nyss.php?play=MjAyMzA4MDgyMDQ3QlROMTA="," Metal Man "," Fiddler's Creek Stables LLC"," Fiddler's Creek Stables LLC"," 3 YO Pacing Colt "
" 8/7/2023"," Monticello Raceway ","LINK||https://replays.robertsstream.com/racereplays/cust/nyss.php?play=MjAyMzA4MDcxNDU4TVJEOA=="," Royal Filly "," Crawford Farms Racing "," Jonas L Schlabach "," 3 YO Trotting Filly "
" 8/7/2023"," Monticello Raceway ","LINK||https://replays.robertsstream.com/racereplays/cust/nyss.php?play=MjAyMzA4MDcxNDM2TVJENw=="," Gigi Hanover "," Mellby Gard Inc"," Hanover Shoe Farms Inc "," 3 YO Trotting Filly "
" 8/4/2023"," Saratoga Harness ","LINK||https://replays.robertsstream.com/racereplays/cust/nyss.php?play=MjAyMzA4MDQxOTAyU1JOMg=="," Wild Ticket "," AMG Stable Inc, Kenneth Kjellgren, Heights Stable, Mantorp LLC"," Al J Libfeld"," 2 YO Trotting Colt "
" 8/4/2023"," Saratoga Harness ","LINK||https://replays.robertsstream.com/racereplays/cust/nyss.php?play=MjAyMzA4MDQxODQ0U1JOMQ=="," Situationship"," Knutsson Trotting Inc, Little E LLC, Tomas Andersson"," Crawford Farms LLC"," 2 YO Trotting Colt"
" 8/3/2023"," Yonkers Raceway ","LINK||https://replays.robertsstream.com/racereplays/cust/nyss.php?play=MjAyMzA4MDMyMTA5WU9ONw=="," Southwind Bella "," Thaddeus A Wier "," Southwind Farms LLC"," 3 YO Pacing Filly "
" 8/3/2023"," Yonkers Raceway ","LINK||https://replays.robertsstream.com/racereplays/cust/nyss.php?play=MjAyMzA4MDMyMDAzWU9ONA=="," Earthwindfire "," Melvin P Segal, Kentuckiana Racing Stables, Tulio Racing "," Stephen P Dey III"," 3 YO Pacing Filly "
" 8/2/2023"," Batavia Downs ","LINK||https://replays.robertsstream.com/racereplays/cust/nyss.php?play=MjAyMzA4MDIyMDU4QlROMTE="," So Well Dressed "," Janice Connor, Robert J Lovett "," Janice Connor "," 2 YO Pacing Filly "
" 8/2/2023"," Batavia Downs ","LINK||https://replays.robertsstream.com/racereplays/cust/nyss.php?play=MjAyMzA4MDIyMDQwQlROMTA="," Hunting Hula "," It's All Good Racing LLC"," Patrick D Lachance, Z Tam Stables LLC"," 2 YO Pacing Filly "
" 8/1/2023"," Batavia Downs ","LINK||https://replays.robertsstream.com/racereplays/cust/nyss.php?play=MjAyMzA4MDExOTU0QlRONw=="," Boston Rocks "," Peter R Blood, Rick Berks"," Peter R Blood, Rick Berks "," 2 YO Pacing Colt"
" 7/31/2023"," Monticello Raceway ","LINK||https://replays.robertsstream.com/racereplays/cust/nyss.php?play=MjAyMzA3MzExNDU1TVJEOA=="," Onion Gum "," S R F Stable, Order By Stable AB, Mario T Mazza "," Order By Stable AB "," 3 YO Trotting Colt "
" 7/31/2023"," Monticello Raceway ","LINK||https://replays.robertsstream.com/racereplays/cust/nyss.php?play=MjAyMzA3MzExMjA5TVJEMQ=="," Chapercraz "," Burke Racing Stable LLC, Weaver Bruscemi LLC, Phillip Collura "," Purple Haze Stables LLC"," 3 YO Trotting Colt "
" 7/28/2023"," Saratoga Harness ","LINK||https://replays.robertsstream.com/racereplays/cust/nyss.php?play=MjAyMzA3MjgxOTU2U1JONQ=="," Canterbury Hanover "," Let It Ride Stables Inc, Jesmeral Stable "," Hanover Shoe Farms Inc "," 3 YO Trotting Filly "
" 7/28/2023"," Saratoga Harness ","LINK||https://replays.robertsstream.com/racereplays/cust/nyss.php?play=MjAyMzA3MjgxOTM4U1JONA=="," Royal Filly "," Crawford Farms Racing "," Jonas L Schiabach "," 3 YO Trotting Filly "
" 7/27/2023"," Yonkers Raceway ","LINK||https://replays.robertsstream.com/racereplays/cust/nyss.php?play=MjAyMzA3MjcyMDAzWU9ONA=="," R Melina "," M And L of Delaware LLC, Alabama Harness Associates LLC"," Marsh Valley Standardbreds "," 2 YO Trotting Filly "
" 7/26/2023"," Batavia Downs ","LINK||https://replays.robertsstream.com/racereplays/cust/nyss.php?play=MjAyMzA3MjYxOTU3QlRONw=="," Bargain "," Christina Takter&Anderberg, Nacy Takter & Jaf Racing, Joe Sbrocco, R A W Equine Inc "," Steve H Stewart, Michael D Andrew "," 2 YO Trotting Colt "
" 7/25/2023"," Yonkers Raceway ","LINK||https://replays.robertsstream.com/racereplays/cust/nyss.php?play=MjAyMzA3MjUyMTMyWU9OOA=="," Camerican ","Burke Racing Stable LLC, Lawrence R Karr, M1 Stable LLC, Jack B Piatt III"," Burke Racing Stable LLC, Weaver Bruscemi LLC, M1 Stable LLC, Jack B Piatt III"," 2 YO Pacing Filly "
" 7/25/2023"," Yonkers Raceway ","LINK||https://replays.robertsstream.com/racereplays/cust/nyss.php?play=MjAyMzA3MjUyMDUwWU9ONg=="," Delightville "," Fiddler's Creek Stables LLC "," Fiddler's Creek Stables LLC"," 2 YO Pacing Filly "
" 7/25/2023"," Yonkers Raceway ","LINK||https://replays.robertsstream.com/racereplays/cust/nyss.php?play=MjAyMzA3MjUxOTE4WU9OMg=="," Peace Talks "," Henderson Farms, Jeffrey Bell, FAC Racing LLC, Robert A Mondillo "," Donald E Robinson, Michael Dean Robinson, Steve H Stewart, James B Daut "," 2 YO Pacing Filly "
" 7/24/2023"," Monticello Raceway ","LINK||https://replays.robertsstream.com/racereplays/cust/nyss.php?play=MjAyMzA3MjQxNDUxTVJEOA=="," Goldin Greatness "," Christopher J Ryder, William J Ezzo, Evan A Katz, Joe Sbrocco & JAF Racing "," Robert L Newman "," 3 YO Pacing COlt "
" 7/24/2023"," Monticello Raceway ","LINK||https://replays.robertsstream.com/racereplays/cust/nyss.php?play=MjAyMzA3MjQxMzM4TVJENQ=="," Thunder Hunter Joe "," David R Hamm, Glenn R Phillips, Christopher Giaccio, Devita Racing Stable Inc"," Heather S Zitone "," 3 YO Pacing Colt "
" 7/23/2023"," Tioga Downs ","LINK||https://replays.robertsstream.com/racereplays/cust/nyss.php?play=MjAyMzA3MjMxNTM1VFFOOQ=="," Twin B Joe Fresh "," Christopher J Ryder, Dexter J Dunn, Peter F Trebotica, Barry Spak "," Brittany Farms LLC"," 3 YO Pacing Filly "
" 7/23/2023"," Tioga Downs ","LINK||https://replays.robertsstream.com/racereplays/cust/nyss.php?play=MjAyMzA3MjMxNDU3VFFONw=="," Earthwindfire "," Melvin P Segal, Kentuckiana Racing Stable, Tulip Racing "," Stephen P Dey III"," 3 YO Pacing Filly "
" 7/22/2023"," Saratoga Harness ","LINK||https://replays.robertsstream.com/racereplays/cust/nyss.php?play=MjAyMzA3MjIyMDAxU1JONQ=="," Darius "," Seahunt Farms LLC"," Dennis Ackerman, Patricia Ackerman "," 2 YO Pacing Colt "
" 7/22/2023"," Saratoga Harness ","LINK||https://replays.robertsstream.com/racereplays/cust/nyss.php?play=MjAyMzA3MjIxOTQwU1JONA=="," Huntingforchrome "," Robert O Di Nozzi "," Crawford Farms LLC "," 2 YO Pacing Colt"
" 7/19/2023"," Buffalo Raceway ","LINK||https://replays.robertsstream.com/racereplays/cust/nyss.php?play=MjAyMzA3MTkxNjI3QlVONw=="," Point Reyes "," Tom Vassiliou, Nicholas J Tallarico "," Patricia M Hogan ","3 YO Trotting Filly "
" 7/19/2023"," Buffalo Raceway ","LINK||https://replays.robertsstream.com/racereplays/cust/nyss.php?play=MjAyMzA3MTkxNTUxQlVONQ=="," Chapercraz"," Burke Racing Stable LLC, Weaver Bruscemi LLC, Phillip Collura"," Purple Haze Stables LLC"," 3 YO Trotting Colt "
" 7/19/2023"," Buffalo Raceway ","LINK||https://replays.robertsstream.com/racereplays/cust/nyss.php?play=MjAyMzA3MTkxNDU1QlVOMg=="," Woolco "," Hero Stables "," Robert J Krivelin "," 3 YO Trotting Filly "
" 7/19/2023"," Buffalo Raceway ","LINK||https://replays.robertsstream.com/racereplays/cust/nyss.php?play=MjAyMzA3MTkxNDI5QlVOMQ=="," Wild Bill Kelso "," Runthetable Stable "," Runthetable Stable "," 3 YO Trotting Colt "
" 7/16/2023"," Tioga Downs ","LINK||https://replays.robertsstream.com/racereplays/cust/nyss.php?play=MjAyMzA3MTYxNjQwVFFOMTE="," Date Night Hanover "," Jeffery S Snyder, ONDA Racing Stable LLC "," Hanover Shoe Farms Inc "," 2 YO Trotting Filly "
" 7/16/2023"," Tioga Downs ","LINK||https://replays.robertsstream.com/racereplays/cust/nyss.php?play=MjAyMzA3MTYxNTU3VFFOOQ=="," Nottingham "," Exceed Stables LLC "," Fair Winds Farm Inc "," 2 YO Trotting Colt "
" 7/16/2023"," Tioga Downs ","LINK||https://replays.robertsstream.com/racereplays/cust/nyss.php?play=MjAyMzA3MTYxNTEzVFFONw=="," Sister Mary Maude "," Burke Racing Stable LLC, William L Switala, James J Martin, Weaver Bruscemi LLC "," David C Hanson "," 2 YO Trotting Filly "
" 7/16/2023"," Tioga Downs ","LINK||https://replays.robertsstream.com/racereplays/cust/nyss.php?play=MjAyMzA3MTYxNDIxVFFONQ=="," R Melina "," M and L of Delaware LLC, Alabama Harness Associates LLC "," Marsh Valley Standardbreds "," 2 YO Trotting Filly "
" 7/16/2023"," Tioga Downs ","LINK||https://replays.robertsstream.com/racereplays/cust/nyss.php?play=MjAyMzA3MTYxMzQwVFFOMw=="," Wild Ticket "," AMG Stable Inc, Kenneth Kjellgren, Heights Stable, Mantorp LLC"," Al J Libfeld "," 2 YO Trotting Colt "
" 7/14/2023"," Saratoga Harness ","LINK||https://replays.robertsstream.com/racereplays/cust/nyss.php?play=MjAyMzA3MTQxOTE4U1JOMw=="," Sea Pearl "," Brittany Farms LLC"," Brittany Farms LLC"," 2 YO Pacing Filly "
" 7/14/2023"," Saratoga Harness ","LINK||https://replays.robertsstream.com/racereplays/cust/nyss.php?play=MjAyMzA3MTQxOTAxU1JOMg=="," Blue Point "," Pollack Racing LLC"," Vieux Carre Farms LLC "," 2 YO Pacing Filly "
" 7/14/2023"," Saratoga Harness ","LINK||https://replays.robertsstream.com/racereplays/cust/nyss.php?play=MjAyMzA3MTQxODQ0U1JOMQ=="," Leanne's Choice "," Ervin Miller Stable Inc, Ronald C Michelon, Douglas S Overhiser"," Winbak Farm "," 2 YO Pacing Filly "
" 7/12/2023"," Buffalo Raceway ","LINK||https://replays.robertsstream.com/racereplays/cust/nyss.php?play=MjAyMzA3MTIxNTQ0QlVONQ=="," Boston Rocks "," Peter R Blood, Rick Berks"," Peter R Blood, Rick Berks "," 2 YO Pacing Colt "
" 7/12/2023"," Buffalo Raceway ","LINK||https://replays.robertsstream.com/racereplays/cust/nyss.php?play=MjAyMzA3MTIxNDQ3QlVOMg=="," Darius "," Seahunt Farms LLC"," Dennis Ackerman, Patricia Ackerman "," 2 YO Pacing Colt "
" 7/9/2023"," Saratoga Harness ","LINK||https://replays.robertsstream.com/racereplays/cust/nyss.php?play=MjAyMzA3MDkxMjUxU1JONA=="," Sister Mary Maude "," Burke Racing Stable LLC, William L Switala, James J Martin, Weaver Bruscemi LLC"," David C Hanson "," 2 YO Trotting Filly "
" 7/9/2023"," Saratoga Harness ","LINK||https://replays.robertsstream.com/racereplays/cust/nyss.php?play=MjAyMzA3MDkxMjM0U1JOMw=="," Senorita Palema "," Bender Sweden Inc"," Winbak Farm "," 2 YO Trotting Filly "
" 7/9/2023"," Saratoga Harness ","LINK||https://replays.robertsstream.com/racereplays/cust/nyss.php?play=MjAyMzA3MDkxMjE3U1JOMg=="," Honorable Way "," Brittany Farms LLC, Marvin Katz, Al J Libfeld"," Brittany Farm LLC, Marvin Katz, Al J Libfeld"," 2 YO Trotting Filly "
" 7/9/2023"," Saratoga Harness ","LINK||https://replays.robertsstream.com/racereplays/cust/nyss.php?play=MjAyMzA3MDkxMTU5U1JOMQ=="," Date Night Hanover "," Jeffrey S Snyder, ONDA Racing Stable, LLC"," Hanover Shoe Farms Inc "," 2 YO Trotting Filly "
" 7/8/2023"," Vernon Downs ","LINK||https://replays.robertsstream.com/racereplays/cust/nyss.php?play=MjAyMzA3MDgxNDEwVlJONw=="," Twin B Joe Fresh "," CHristopher J Ryder, Dexter J Dunn, Peter F Trebotica, Barry Spak"," Brittany Farms LLC"," 3 YO Pacing Filly "
" 7/8/2023"," Vernon Downs","LINK||https://replays.robertsstream.com/racereplays/cust/nyss.php?play=MjAyMzA3MDgxMzMwVlJONQ=="," Turn On The Charm "," Megan Rose Beauchamp, John J Coffey"," Megan Rose Beauchamp, John J Coffey "," 3 YO Pacing Filly "
" 7/5/2023"," Buffalo Raceway ","LINK||https://replays.robertsstream.com/racereplays/cust/nyss.php?play=MjAyMzA3MDUxNjI4QlVONw=="," Tobern "," John W Stark Jr"," Bernard J White, Kristie Leigh Farm Inc "," 2 YO Trotting Colt "
" 7/3/2023"," Monticello Raceway ","LINK||https://replays.robertsstream.com/racereplays/cust/nyss.php?play=MjAyMzA3MDMxNTI3TVJEMTA="," Sea Pearl "," Brittany Farms LLC"," Brittany Farms LLC"," 2 YO Pacing Filly "
" 7/3/2023"," Monticello Raceway ","LINK||https://replays.robertsstream.com/racereplays/cust/nyss.php?play=MjAyMzA3MDMxNDQzTVJEOA=="," Delightville "," Fiddler's Creek Stables LLC "," Fiddler's Creek Stables LLC "," 2 YO Pacing Filly "
" 7/3/2023"," Monticello Raceway ","LINK||https://replays.robertsstream.com/racereplays/cust/nyss.php?play=MjAyMzA3MDMxNDAzTVJENg=="," Bronx Barista "," Raymond W Schnittker, Theodore Gewertz, Kitefield Stable "," Theodore Gewertz "," 2 YO Pacing FIlly "
" 7/3/2023"," Monticello Raceway ","LINK||https://replays.robertsstream.com/racereplays/cust/nyss.php?play=MjAyMzA3MDMxMjMzTVJEMg=="," So Well Dressed "," Janice Connor, Robert J Lovett"," Janice Connor"," 2 YO Pacing Filly"
" 6/28/2023"," Buffalo Raceway ","LINK||https://replays.robertsstream.com/racereplays/cust/nyss.php?play=MjAyMzA2MjgxNjMxQlVONw=="," Crowbar Girl "," Burke Racing Stable LLC, William L Switala, James J Martin, Weaver Bruscemi LLC"," Order By Stable AB"," 2 YO Trotting Filly "
" 6/28/2023"," Buffalo Raceway ","LINK||https://replays.robertsstream.com/racereplays/cust/nyss.php?play=MjAyMzA2MjgxNjA3QlVONg=="," Communion Money "," Jared W Bako, Ann A Yurenka"," Salt Hill Farm Ltd"," 2 YO Trotting Filly "
" 6/28/2023"," Buffalo Raceway ","LINK||https://replays.robertsstream.com/racereplays/cust/nyss.php?play=MjAyMzA2MjgxNDUxQlVOMg=="," Sister Mary Maude "," Shirley A Williamson, Helena R Archer "," David C Hanson "," 2 YO Trotting Filly "
" 6/26/2023"," Monticello Raceway ","LINK||https://replays.robertsstream.com/racereplays/cust/nyss.php?play=MjAyMzA2MjYxNDM1TVJENw=="," Avenger Force "," Fiddler's Creek Stables LLC"," Fiddler's Creek Stables LLC"," 2 YO Pacing Colt "
" 6/26/2023"," Monticello Raceway ","LINK||https://replays.robertsstream.com/racereplays/cust/nyss.php?play=MjAyMzA2MjYxMjMyTVJEMg=="," Boston Rocks "," Peter R Blood, Rick Berks "," Peter R Blood, Rick Berks "," 2 YO Pacing Colt "
" 6/24/2023"," Saratoga Harness","LINK||https://replays.robertsstream.com/racereplays/cust/nyss.php?play=MjAyMzA2MjQxODU3U1JONw=="," Duval Street"," Randall B Bendis, Pollack Racing LLC, Reed Broadway "," Sundance Stable LLC, Jay C Sears"," 3 YO Pacing Colt"
" 6/24/2023"," Saratoga Harness","LINK||https://replays.robertsstream.com/racereplays/cust/nyss.php?play=MjAyMzA2MjQxODM3U1JONg=="," Huntinthelastdolar"," R Gregg McNair, George D Kerr, Bradley J Grant"," Crawford Farms LLC"," 3 YO Pacing Colt"
" 6/22/2023"," Yonkers Raceway ","LINK||https://replays.robertsstream.com/racereplays/cust/nyss.php?play=MjAyMzA2MjIyMTMxWU9OOA=="," Chaplind"," Purple Haze Stables LLC"," Eli D Miller, Peter F Barbato"," 2 YO Trotting Colt"
" 6/22/2023"," Yonkers Raceway ","LINK||https://replays.robertsstream.com/racereplays/cust/nyss.php?play=MjAyMzA2MjIyMDUwWU9ONg=="," Bargain "," ChristinaTakter&Anderberg, Nancy Takter & Jaf Racing, Joe Sbrocco, R A W EQUINE INC"," Steve H Stewart, Michael D Andrew "," 2 YO Trotting Colt"
" 6/21/2023"," Buffalo Raceway","LINK||https://replays.robertsstream.com/racereplays/cust/nyss.php?play=MjAyMzA2MjExNjI3QlVONw=="," Belle Brielle"," Megan Rose Beauchamp, Patricia L Waldeck"," Joseph Davino, Laurie Davino"," 2 YO Pacing Filly"
" 6/21/2023"," Buffalo Raceway ","LINK||https://replays.robertsstream.com/racereplays/cust/nyss.php?play=MjAyMzA2MjExNjA2QlVONg=="," So Well Dressed"," Janice Connor, Robert J Lovett"," Janice Connor"," 2 YO Pacing Filly"
" 6/21/2023"," Buffalo Raceway","LINK||https://replays.robertsstream.com/racereplays/cust/nyss.php?play=MjAyMzA2MjExNDQ5QlVOMg=="," Camerican"," Burke Racing Stable LLC, Lawrence R Karr, M1 STABLE LLC, Jack B Piatt III"," Burke Racing Stable LLC, Weaver Bruscemi LLC, M1 STABLE LLC, Jack B Piatt III"," 2 YO Pacing Filly"
" 6/19/2023"," Monticello Raceway ","LINK||https://replays.robertsstream.com/racereplays/cust/nyss.php?play=MjAyMzA2MTkxNDM1TVJEOA=="," Earthwindfire"," Melvin P Segal, Kentuckiana Racing Stable, Tulip Racing"," Stephen P Dey III"," 3 YO Pacing Filly"
" 6/19/2023"," Monticello Raceway","LINK||https://replays.robertsstream.com/racereplays/cust/nyss.php?play=MjAyMzA2MTkxMzMxTVJENQ=="," Turn On The Charm "," Megan Rose Beauchamp, John J Coffey"," Megan Rose Beauchamp, John J Coffey"," 3 YO Pacing Filly"
" 6/19/2023"," Monticello Raceway","LINK||https://replays.robertsstream.com/racereplays/cust/nyss.php?play=MjAyMzA2MTkxMjA5TVJEMQ=="," Secret Garden"," Morrison Racing Stables"," Crawford Farms LLC"," 3 YO Pacing Filly"
" 6/16/2023"," Vernon Downs ","LINK||https://replays.robertsstream.com/racereplays/cust/nyss.php?play=MjAyMzA2MTYxNDQxVlJOOQ=="," Its A Me Mario"," Joshua Jay Graber"," Winbak Farm"," 3 YO Pacing Colt"
" 6/16/2023"," Vernon Downs ","LINK||https://replays.robertsstream.com/racereplays/cust/nyss.php?play=MjAyMzA2MTYxNDA3VlJONw=="," Huntinthelastdolar"," R Gregg McNair, George D Kerr, Bradley J Grant"," Crawford Farms LLC"," 3 YO Pacing Colt"
" 6/16/2023"," Vernon Downs ","LINK||https://replays.robertsstream.com/racereplays/cust/nyss.php?play=MjAyMzA2MTYxMzI1VlJONQ=="," Thunder Hunter Joe"," David R Hamm, Glenn R Phillips, Christopher Giaccio, Devita Racing Stable Inc"," Heather S Zitone"," 3 YO Pacing Colt "
" 6/10/2023"," Saratoga Harness","LINK||https://replays.robertsstream.com/racereplays/cust/nyss.php?play=MjAyMzA2MTAxODMyU1JONg=="," Southwind Bella"," Thaddeus A Wier"," Southwind Farms LLC"," 3 YO Pacing Filly"
" 6/10/2023"," Saratoga Harness","LINK||https://replays.robertsstream.com/racereplays/cust/nyss.php?play=MjAyMzA2MTAxNzU1U1JONA=="," Earthwindfire"," Melvin P Segal, Kentuckiana Racing Stable, Tulip Racing "," Stephen P Dey III"," 3 YO Pacing Filly"
" 6/10/2023"," Saratoga Harness","LINK||https://replays.robertsstream.com/racereplays/cust/nyss.php?play=MjAyMzA2MTAxNzM3U1JOMw=="," Turn On The Charm "," Megan Rose Beauchamp, John J Coffey"," Megan Rose Beauchamp, John J Coffey"," 3 YO Pacing Filly"
" 6/9/2023"," Tioga Downs","LINK||https://replays.robertsstream.com/racereplays/cust/nyss.php?play=MjAyMzA2MDkyMTA0VFFOOQ=="," Sadie Hanover"," The Bay's Stable LLC, Blue Ridge Stable, Carmen Iannacone, Gary J Cocco"," Hanover Shoe Farms Inc"," 3 YO Trotting Filly"
" 6/9/2023"," Tioga Downs","LINK||http://replays.robertsstream.com/racereplays/echoplay/replay.php?d=2023-06-09&r=7&tc=TQN&cust=NYSS&t=1686577715&h=b9c9a6052ceb5feb2d84f8c97800be4c"," Instagram Model"," R Lynn Curry"," Steve Jones, Raymond W Schnittker"," 3 YO Trotting Filly"
" 6/9/2023"," Tioga Downs","LINK||https://replays.robertsstream.com/racereplays/cust/nyss.php?play=MjAyMzA2MDkxODE0VFFOMQ=="," Crown"," S R F Stable"," Order By Stable AB"," 3 YO Trotting Colt"
" 5/31/2023"," Buffalo Raceway ","LINK||https://replays.robertsstream.com/racereplays/cust/nyss.php?play=MjAyMzA1MzExNjIzQlVONw=="," Vivians Dream "," Forrest L Bartlett"," Winbak Farm "," 3 YO Pacing Filly"
" 5/31/2023"," Buffalo Raceway ","LINK||https://replays.robertsstream.com/racereplays/cust/nyss.php?play=MjAyMzA1MzExNTQ1QlVONQ=="," Turn On The Charm "," Megan Rose Beauchamp, John J Coffey"," Megan Rose Beauchamp, John J Coffey"," 3 YO Pacing Filly"
" 5/29/2023","  Vernon Downs","LINK||https://replays.robertsstream.com/racereplays/cust/nyss.php?play=MjAyMzA1MjkxMzE4VlJONA==","  Cecil Hanover","  S R F Stable, Midnight Sun Partners Inc, Ake Svanstedt Inc, Jorgen Sparredal Inc"," Hanover Shoe Farms Inc ","  3 YO Trotting Colt"
"  5/29/2023"," Vernon Downs  ","LINK||https://replays.robertsstream.com/racereplays/cust/nyss.php?play=MjAyMzA1MjkxNDA4VlJONg==","  Royal Filly"," Crawford Farms Racing "," Jonas L Schlabach "," 3 YO Trotting Filly"
" 5/29/2023"," Vernon Downs ","LINK||https://replays.robertsstream.com/racereplays/cust/nyss.php?play=MjAyMzA1MjkxNTE3VlJOOA=="," Sadie Hanover"," The Bay's Stable LLC, Blue Ridge Stable, Carmen Iannacone, Gary J Cocco"," Hanover Shoe Farms Inc "," 3 YO Trotting Filly"
" 5/29/2023"," Vernon Downs","LINK||https://replays.robertsstream.com/racereplays/cust/nyss.php?play=MjAyMzA1MjkxNTM3VlJOOQ=="," Kierkegaard K"," Knutsson Trotting Inc"," Knutsson Trotting Inc"," 3 YO Trotting Colt"
