" PHOTO"," VIDEO"," NAME OF HORSE"," OWNER(S)"," BREEDER(S)"," EVENT"," TRACK"
"","LINK||https://replays.robertsstream.com/racereplays/cust/nyss.php?play=MjAyMzA5MDExODQ0U1JOMQ=="," Ms Titan "," Marie S Houghtaling "," Ronald L Houghtaling "," 2 YO Trotting Filly "," Saratoga Harness "
"","LINK||https://replays.robertsstream.com/racereplays/cust/nyss.php?play=MjAyMzA5MDEyMDUwU1JONw=="," Kim's Choice "," Cody A Lapage, Bryan H La Page"," Winbak Farm "," 2 YO Pacing Filly "," Saratoga Harness "
"","LINK||https://replays.robertsstream.com/racereplays/cust/nyss.php?play=MjAyMzA5MDEyMDI2U1JONg=="," Koup Kruiser "," Two Gals Stable LLC"," Two Gals Stable LLC"," 2 YO Pacing Colt "," Saratoga Harness "
"","LINK||https://replays.robertsstream.com/racereplays/cust/nyss.php?play=MjAyMzA5MDEyMDA1U1JONQ=="," Promises Met"," John W Stark Jr, Thomas G Mc Tygue "," John W Stark Jr, Thomas G Mc Tygue "," 2 YO Trotting Colt "," Saratoga Harness "
"","LINK||https://replays.robertsstream.com/racereplays/cust/nyss.php?play=MjAyMzA5MDExOTQ2U1JONA=="," Angel Express "," James S De Armond, Shawn E Okusko"," R L Turner, Judy A Turner "," 3 YO Trotting Filly "," Saratoga Harness "
"","LINK||https://replays.robertsstream.com/racereplays/cust/nyss.php?play=MjAyMzA5MDExOTI1U1JOMw=="," Primetime Jay "," C L Huckabone Jr, Victoria E La Belle "," Pine Bue Stables LLC"," 3 YO Pacing filly"," Saratoga Harness "
"","LINK||https://replays.robertsstream.com/racereplays/cust/nyss.php?play=MjAyMzA5MDExOTA2U1JOMg=="," Crazy Fool "," Anne C Morgan, Richard W Dieck, C L Huckabone Jr."," C L Huckabone Jr"," 3 YO Trotting Colt "," Saratoga Harness "
" ","LINK||https://replays.robertsstream.com/racereplays/cust/nyss.php?play=MjAyMzA5MDEyMTA4U1JOOA=="," Universe Blue Chip "," John O Sixt ","  Let It Ride Stables Inc, Blue Chip Bloodstock Inc "," 3 YO Pacing Colt "," Saratoga Harness "
