" DATE"," TRACK"," VIDEO"," NAME OF HORSE"," OWNER"," BREEDER"," EVENT"
" 9/9/2023"," Yonkers Raceway ","LINK||https://replays.robertsstream.com/racereplays/cust/nyss.php?play=MjAyMzA5MDkxNjU5WU9OMTE="," Huntinthelastdolar "," R Gregg McNair, George D Kerr, Bradley J Grant "," Crawford Farms LLC"," 3 YO Pacing Colt "
" 9/9/2023"," Yonkers Raceway ","LINK||https://replays.robertsstream.com/racereplays/cust/nyss.php?play=MjAyMzA5MDkxNjExWU9OOQ=="," Instagram Model "," R Lynn Curry "," Steve Jones, Raymond W Schnittker "," 3 YO Trotting Filly "
" 9/9/2023"," Yonkers Raceway ","LINK||https://replays.robertsstream.com/racereplays/cust/nyss.php?play=MjAyMzA5MDkxNTQ2WU9OOA=="," Dame "," Stephen P Richard "," Stephen P Richard "," 3 YO Pacing Filly "
" 9/9/2023"," Yonkers Raceway ","LINK||https://replays.robertsstream.com/racereplays/cust/nyss.php?play=MjAyMzA5MDkxNDQwWU9ONg=="," Chapercraz "," Burke Racing Stable LLC, Weaver Bruscemi LLC, Phillip Collura"," Purple Haze Stables LLC"," 3 YO Trotting Colt "
" 9/9/2023"," Yonkers Raceway ","LINK||https://replays.robertsstream.com/racereplays/cust/nyss.php?play=MjAyMzA5MDkxMzQ2WU9ONA=="," Peace Talks "," Henderson Farms, Jeffrey Bell, FAC Racing LLC,
Robert A Mondillo"," Donald E Robinson, Michael Dean Robinson, Steve H Stewart, James B Daut "," 2 YO Pacing Filly "
" 9/9/2023"," Yonkers Raceway ","LINK||https://replays.robertsstream.com/racereplays/cust/nyss.php?play=MjAyMzA5MDkxMjE0WU9OMQ=="," Senorita Palema "," Bender Sweden Inc "," Winbak Farm "," 2 YO Trotting Filly "
" 9/9/2023"," Yonkers Raceway ","LINK||https://replays.robertsstream.com/racereplays/cust/nyss.php?play=MjAyMzA5MDkxMjM5WU9OMg=="," Boston Rocks "," Peter R Blood, Rick Berks "," Peter R Blood, Rick Berks "," 2 YO Pacing Colt "
" 9/9/2023"," Yonkers Raceway ","LINK||https://replays.robertsstream.com/racereplays/cust/nyss.php?play=MjAyMzA5MDkxMzA0WU9OMw=="," Chaplind "," Purple Haze Stables LLC"," Eli D Miller, Peter F Barbato "," 2 YO Trotting Colt "
