" DATE"," TRACK"," VIDEO"," NAME OF HORSE"," OWNER"," BREEDER"," EVENT"
" 5/20"," Yonkers Raceway","LINK||https://replays.robertsstream.com/racereplays/cust/nyss.php?play=MjAyNDA1MjAxODU5WU9OMQ=="," Sadbirdstillsing"," Crawford Farms Racing, Pryde Stables Inc"," Crawford Farms LLC"," 3 YO Filly Trot "
" 5/20"," Yonkers Raceway ","LINK||https://replays.robertsstream.com/racereplays/cust/nyss.php?play=MjAyNDA1MjAxOTIxWU9OMg=="," R Melina "," M and L of Delaware LLC, Alabama Harness Associates LLC"," Marsh Valley Standardbreds"," 3 YO Filly Trot "
" 5/26"," Saratoga Harness ","LINK||https://replays.robertsstream.com/racereplays/cust/nyss.php?play=MjAyNDA1MjYxMjUzU1JONA=="," Reggie The Fourth"," Fiddler's Creek Stables LLC"," Fiddler's Creek Stables LLC"," 3 YO Colt Pace"
" 5/26"," Saratoga Harness ","LINK||https://replays.robertsstream.com/racereplays/cust/nyss.php?play=MjAyNDA1MjYxMzE0U1JONQ=="," Howlenthehills"," Symmetry Stables LLC"," Crawford Farms LLC"," 3 YO Colt Pace"
" 5/27"," Vernon Downs ","LINK||https://replays.robertsstream.com/racereplays/cust/nyss.php?play=MjAyNDA1MjcxMzIxVlJONA=="," R Melina "," M and L of Delaware LLC, Alabama Harness Associates LLC"," Marsh Valley Standardbreds"," 3 YO Filly Trot "
" 5/27"," Vernon Downs","LINK||https://replays.robertsstream.com/racereplays/cust/nyss.php?play=MjAyNDA1MjcxMzU5VlJONg=="," Winning Alliance "," Box Stable, Glengate Farms "," Little E LLC"," 3 YO Filly Trot "
" 5/27"," Vernon Downs ","LINK||https://replays.robertsstream.com/racereplays/cust/nyss.php?play=MjAyNDA1MjcxNDE4VlJONw==","Situationship "," Knutsson Trotting Inc, Little E LLC, Tomas Andersson "," Crawford Farms LLC"," 3 YO Colt Trot "
" 5/27"," Vernon Downs ","LINK||https://replays.robertsstream.com/racereplays/cust/nyss.php?play=MjAyNDA1MjcxNDM4VlJOOA=="," Wild Ticket"," AMG Stable Inc, Kenneth Kjellgren, Heights Stable, Mantorp LLC"," Al J Libfeld "," 3 YO Colt Trot "
" 5/27"," Vernon Downs ","LINK||https://replays.robertsstream.com/racereplays/cust/nyss.php?play=MjAyNDA1MjcxNTA3VlJOOQ=="," Dame Good Time"," John R Cummins"," John R Cummins"," 3 YO Colt Trot "
" 6/2"," Tioga","LINK||https://replays.robertsstream.com/racereplays/cust/nyss.php?play=MjAyNDA2MDIxMjU4VFFOMQ=="," Tarrific"," Margaret K Dey, Let it Ride Stables Inc"," Stephen P Dey III"," 3 YO Filly Pace"
" 6/2"," Tioga","LINK||https://replays.robertsstream.com/racereplays/cust/nyss.php?play=MjAyNDA2MDIxMzM2VFFOMw=="," Peace Talks "," Henderson Farms, Jeffrey Bell, FAC Racing LLC, Robert A Mondillo"," Donald E Robinson, Michael Dean Robinson, Steve H Stewart, James B Daut"," 3 YO Filly Pace"
" 6/3"," Monticello","LINK||https://replays.robertsstream.com/racereplays/cust/nyss.php?play=MjAyNDA2MDMxMzEwTVJENA=="," Keep Asking"," W J Donovan, Joe Sbrocco, Jim Winske, George Ducharme Stable LLC"," W J Donovan, Joe Sbrocco, Jim Winske, George Ducharme Stable LLC"," 3 YO Colt Trot "
" 6/3"," Monticello","LINK||https://replays.robertsstream.com/racereplays/cust/nyss.php?play=MjAyNDA2MDMxNDQzTVJEOA=="," Sir Pinocchio"," Carolyn Atherton"," Carolyn Atherton"," 3 YO Colt Trot "
" 6/5"," Buffalo","LINK||https://replays.robertsstream.com/racereplays/cust/nyss.php?play=MjAyNDA2MDUxNDI5QlVOMQ=="," Amertric"," Purple Haze Stables LLC"," Deo Volente Farms LLC"," 3 YO Colt Pace "
" 6/5"," Buffalo ","LINK||https://replays.robertsstream.com/racereplays/cust/nyss.php?play=MjAyNDA2MDUxNjE1QlVONw=="," Boston Rocks "," Rick Berks, Peter R Blood "," Peter R Blood, Rick Berks "," 3 YO Colt Pace"
" 6/7"," Tioga","LINK||https://replays.robertsstream.com/racereplays/cust/nyss.php?play=MjAyNDA2MDcxODE0VFFOMQ=="," Honey's Sweet "," Crawford Farms Racing "," Crawford Farms LLC"," 3 YO Filly Trot"
" 6/7"," Tioga","LINK||https://replays.robertsstream.com/racereplays/cust/nyss.php?play=MjAyNDA2MDcxODU5VFFOMw=="," R Melina "," M and L Delaware LLC, Alabama Harness Associates LLC"," Marsh Valley Standardbreds"," 3 YO Filly Trot "
" 6/12"," Buffalo ","LINK||https://replays.robertsstream.com/racereplays/cust/nyss.php?play=MjAyNDA2MTIxNjE2QlVONw=="," Peace Talks "," Henderson Farms, Jeffrey Bell, FAC Racing LLC, Robert A Mondillo "," Donald E Robinson, Michael Dean Robinson, Steve H Stewart, James B Daul"," 3 YO Filly Pace"
" 6/14"," Vernon ","LINK||https://replays.robertsstream.com/racereplays/cust/nyss.php?play=MjAyNDA2MTQxMzEyVlJONA=="," Howlenthehills"," Symmetry Stables LLC","  Crawford Farms LLC"," 3 YO Colt Pace "
" 6/14"," Vernon ","LINK||https://replays.robertsstream.com/racereplays/cust/nyss.php?play=MjAyNDA2MTQxNDQ5VlJOOA=="," Reggie The Fourth "," Fiddler's Creek Stables LLC"," Fiddler's Creek Stables LLC"," 3 YO Colt Pace "
" 6/19"," Buffalo ","LINK||https://replays.robertsstream.com/racereplays/cust/nyss.php?play=MjAyNDA2MTkxNDI5QlVOMQ=="," Send It Down Slim "," Grozcona Racing Stable LLC"," Twin Bridge Racing LLC"," 2 YO Filly Pace"
" 6/19"," Buffalo ","LINK||https://replays.robertsstream.com/racereplays/cust/nyss.php?play=MjAyNDA2MTkxNDQ3QlVOMg=="," Cowgirl Hanover "," NY Seb Inc"," Hanover Shoe Farms Inc"," 2 YO Filly Pace "
" 6/21"," Vernon","LINK||https://replays.robertsstream.com/racereplays/cust/nyss.php?play=MjAyNDA2MjExNTU5VlJOMQ=="," Stepabovetherest"," David R Hamm, Glen R Phillips"," Ross G Bonafield "," 3 YO Filly Pace "
" 6/21"," Vernon ","LINK||https://replays.robertsstream.com/racereplays/cust/nyss.php?play=MjAyNDA2MjExNjE2VlJOMg=="," Tarrific"," Margaret K Dey, Let It Ride Stables Inc"," Stephen P Dey III"," 3 YO Filly Pace "
" 6/24"," Saratoga ","LINK||https://replays.robertsstream.com/racereplays/cust/nyss.php?play=MjAyNDA2MjQxMjU0U1JONA=="," Gangsta Talk "," Ake Svanstedt Inc, Stable Why Not, Little E LLC, Jorgen Sparredal Inc"," AB Svensk Reklamfinans"," 2 YO Colt Trot "
" 6/24"," Saratoga ","LINK||https://replays.robertsstream.com/racereplays/cust/nyss.php?play=MjAyNDA2MjQxMzEyU1JONQ=="," Mr Mouton"," Knutsson Trotting Inc, Little E LLC, Stolz Geiger, Jorgen Sparredak Inc"," R Kevin Greenfield "," 2 YO Colt Trot "
" 6/25"," Yonkers ","LINK||https://replays.robertsstream.com/racereplays/cust/nyss.php?play=MjAyNDA2MjUxOTIxWU9OMg=="," Calculus Risk "," Dennis F Nye, Carl Leuchten, Jodi L Leuchten "," Winbak Farm "," 2 YO Filly Trot "
" 6/25"," Yonkers ","LINK||https://replays.robertsstream.com/racereplays/cust/nyss.php?play=MjAyNDA2MjUyMDAxWU9ONA=="," Chapvious "," Purple Haze Stables LLC"," Purple Haze Stables LLC"," 2 YO Filly Trot "
" 6/26"," Buffalo","LINK||https://replays.robertsstream.com/racereplays/cust/nyss.php?play=MjAyNDA2MjYxNjAxQlVONg=="," Super Duper Cooper"," Timothy Drag, James A Crawford IV, Carl L Austin Jr"," Crawford Farms LLC"," 3 YO Filly Trot "
" 6/26"," Buffalo","LINK||https://replays.robertsstream.com/racereplays/cust/nyss.php?play=MjAyNDA2MjYxNjE4QlVONw=="," Sister Mary Maude "," Burke Racing Stable LLC, William L Switala, James J Martin, Weaver Brusscemi LLC"," David C Hanson "," 3 YO Filly Trot "
" 6/27"," Yonkers","LINK||https://replays.robertsstream.com/racereplays/cust/nyss.php?play=MjAyNDA2MjcxOTU2WU9ONA=="," Fast Choice "," Ashley N Bako, Randy M Zane"," Winbak Farm "," 2 YO Colt Pace "
" 6/27"," Yonkers ","LINK||https://replays.robertsstream.com/racereplays/cust/nyss.php?play=MjAyNDA2MjcyMTA4WU9ONw=="," Thirsty Thursday"," Flying A Racing Stable, Chuck Pompey"," Northfork Racing Stable, Chuck Pompey"," 2 YO Colt Pace "
" 7/1"," Monticello","LINK||https://replays.robertsstream.com/racereplays/cust/nyss.php?play=MjAyNDA3MDExNDQwTVJEOA=="," Cowgirl Hanover "," NY Seb Inc"," Hanover Shoe Farms Inc"," 2 YO Filly Pace "
" 7/3"," Buffalo ","LINK||https://replays.robertsstream.com/racereplays/cust/nyss.php?play=MjAyNDA3MDMxNDI5QlVOMQ=="," Chapvious "," Purple Haze Stables LLC"," Purple Haze Stables LLC"," 2 YO Filly Trot "
" 7/4"," Vernon ","LINK||https://replays.robertsstream.com/racereplays/cust/nyss.php?play=MjAyNDA3MDQxOTM1VlJONQ=="," Civilian Drone "," Black Horse Racing, 3 Brothers Stable, Joe Sbrocco & JAF Racing, Order By Stable AB"," Order By Stable AB "," 2 YO Colt Trot "
" 7/4"," Vernon ","LINK||https://replays.robertsstream.com/racereplays/cust/nyss.php?play=MjAyNDA3MDQxOTU1VlJONg=="," Super Chapter "," Jeffrey S Snyder, Arthur S Pronti"," Hanover Shoe Farms Inc "," 2 YO Colt Trot "
" 7/11"," Yonkers","LINK||https://replays.robertsstream.com/racereplays/cust/nyss.php?play=MjAyNDA3MTExODU5WU9OMQ=="," Send It Down Slim "," Grozcona Racing Stable LLC"," Twin Bridge Racing LLC"," 2 YO Filly Pace"
" 7/11"," Yonkers","LINK||https://replays.robertsstream.com/racereplays/cust/nyss.php?play=MjAyNDA3MTEyMDU2WU9ONw=="," Cowgirl Hanover "," NY Seb Inc"," Hanover Shoe Farms Inc "," 2 YO Filly Pace"
" 7/13"," Saratoga ","LINK||https://replays.robertsstream.com/racereplays/cust/nyss.php?play=MjAyNDA3MTMxODM4U1JONg=="," A Few Choice Words "," Clancy Farms"," Knot Xzachallie Stable "," 3 YO Filly Pace "
" 7/13"," Saratoga ","LINK||https://replays.robertsstream.com/racereplays/cust/nyss.php?play=MjAyNDA3MTMxODU2U1JONw=="," Camerican "," Burke Racing Stable LLC, Lawrence R Karr, M1 Stable LLC, Jack B Piatt III"," Burke Racing Stable LLC, Weaver Bruscemi LLC, M1 Stable LLC, Jack B Piatt III"," 3 YO Filly Pace "
" 7/15"," Monticello","LINK||https://replays.robertsstream.com/racereplays/cust/nyss.php?play=MjAyNDA3MTUxMzQ5TVJENg=="," Sister Mary Maude"," Burke Racing Stable LLC, William L Switala, James J Martin, Weaver Bruscemi LLC"," David C Hanson "," 3 YO Filly Trot"
" 7/17"," Buffalo","LINK||https://replays.robertsstream.com/racereplays/cust/nyss.php?play=MjAyNDA3MTcxNjM0QlVONw=="," BJM's Lil Man "," Joseph M Meaney"," Donald W La Page "," 2 YO Colt Trot "
" 7/18"," Yonkers ","LINK||https://replays.robertsstream.com/racereplays/cust/nyss.php?play=MjAyNDA3MTgxOTIwWU9OMg=="," Sir Pinocchio"," Carolyn Atherton"," Carolyn Atherton"," 3 YO Colt Trot "
" 7/18"," Yonkers ","LINK||https://replays.robertsstream.com/racereplays/cust/nyss.php?play=MjAyNDA3MTgyMDE4WU9ONQ=="," Fly By"," Marvin Katz, Al J Libfeld, Pryde Stables Inc"," Al J Libfeld, Marvin Katz, Sam A Goldband "," 3 YO Colt Trot "
" 7/20"," Saratoga ","LINK||https://replays.robertsstream.com/racereplays/cust/nyss.php?play=MjAyNDA3MjAxOTE5U1JOOA=="," Fast Choice "," Ashley M Bako, Randy M Zane "," Winbak Farm "," 2 YO Colt Pace "
" 7/20"," Saratoga ","LINK||https://replays.robertsstream.com/racereplays/cust/nyss.php?play=MjAyNDA3MjAxOTM5U1JOOQ=="," Thirsty Thursday "," Flying A Racing Stable, Chuck Pompey "," Northfork Racing Stable, Chuck Pompey "," 2 YO Colt Pace "
" 7/21"," Tioga ","LINK||https://replays.robertsstream.com/racereplays/cust/nyss.php?play=MjAyNDA3MjExNTA4VFFONw=="," Cowgirl Hanover "," NY Seb Inc"," Hanover Shoe Farms Inc"," 2 YO Filly Pace "
" 7/22"," Monticello","LINK||https://replays.robertsstream.com/racereplays/cust/nyss.php?play=MjAyNDA3MjIxMjMxTVJEMg=="," Howlenthehills"," Symmetry Stables LLC"," Crawford Farms LLC"," 3 YO Colt Pace "
" 7/22"," Monticello ","LINK||https://replays.robertsstream.com/racereplays/cust/nyss.php?play=MjAyNDA3MjIxNDMwTVJEOA=="," Boston Rocks "," Rick Berks, Peter R Blood"," Peter R Blood, Rick Berks "," 3 YO Colt Pace "
" 7/25"," Yonkers","LINK||https://replays.robertsstream.com/racereplays/cust/nyss.php?play=MjAyNDA3MjUxODU5WU9OMQ=="," Super Chapter"," Jeffrey S Snyder, Arthur S Pronti"," Hanover Shoe Farms Inc"," 2 YO Colt Trot"
" 7/25"," Yonkers ","LINK||https://replays.robertsstream.com/racereplays/cust/nyss.php?play=MjAyNDA3MjUxOTIwWU9OMg=="," Gangsta Talk "," Ake Svanstedt Inc, Stable Why Not, Little E LLC, Jorgen Sparredal Inc"," AB Svensk Reklamfinans"," 2 YO Colt Trot "
" 7/26"," Vernon ","LINK||https://replays.robertsstream.com/racereplays/cust/nyss.php?play=MjAyNDA3MjYxMzU3VlJONg=="," Pink Chou Chou "," Crawford Farms Racing "," Hanover Shoe Farms Inc"," 2 YO Filly Trot "
" 7/27"," Batavia ","LINK||https://replays.robertsstream.com/racereplays/cust/nyss.php?play=MjAyNDA3MjcyMDE1QlROOA=="," A Few Choice Words"," Clancy Farms "," Knot Xzachallie Stable"," 3 YO Filly Pace "
" 7/27"," Batavia ","LINK||https://replays.robertsstream.com/racereplays/cust/nyss.php?play=MjAyNDA3MjcyMDU3QlROMTA="," She's Epic "," John R Cummins"," John R Cummins"," 3 YO Filly Pace "
" 7/29"," Monticello","LINK||https://replays.robertsstream.com/racereplays/cust/nyss.php?play=MjAyNDA3MjkxMjI5TVJEMg=="," Courts On Fire"," Hutt Racing Stable, Blake C Maclntosh, Tim J Klemencic, Daniel Plouffe"," Winbak Farm "," 2 YO Colt Pace"
" 7/29"," Monticello","LINK||https://replays.robertsstream.com/racereplays/cust/nyss.php?play=MjAyNDA3MjkxMzU5TVJENg=="," Silent Weapon "," Fiddler's Creek Stables LLC"," Fiddlers Creek Stables LLC"," 2 YO Colt Pace "
" 7/31"," Batavia ","LINK||https://replays.robertsstream.com/racereplays/cust/nyss.php?play=MjAyNDA3MzExOTQ0QlRONw=="," Howlenthehills"," Symmetry Stables LLC"," Crawford Farms LLC"," 3 YO Colt Pace"
" 7/31"," Batavia ","LINK||https://replays.robertsstream.com/racereplays/cust/nyss.php?play=MjAyNDA3MzEyMDI4QlROOQ=="," Huntingforchrome"," NY Seb Inc"," Crawford Farm LLC"," 3 YO Colt Pace"
" 8/1"," Saratoga ","LINK||https://replays.robertsstream.com/racereplays/cust/nyss.php?play=MjAyNDA4MDExODI3U1JONg=="," The Last Martini"," Glenview Livestock Ltd"," Crawford Farms LLC "," 2 YO Filly Pace"
" 8/1"," Saratoga ","LINK||https://replays.robertsstream.com/racereplays/cust/nyss.php?play=MjAyNDA4MDExODQ2U1JONw=="," Cowgirl Hanover "," NY Seb Inc"," Hanover Shoe Farms Inc"," 2 YO Filly Pace"
" 8/4"," Tioga","LINK||https://replays.robertsstream.com/racereplays/cust/nyss.php?play=MjAyNDA4MDQxNDQzVFFONg=="," Happy Jack B"," B Nasstrom Holding Inc, Wolfgang A Stable Inc, Joe Sbrocco & JAF Racing "," Winbak Farm"," 2 YO Colt Trot "
" 8/5"," Monticello","LINK||https://replays.robertsstream.com/racereplays/cust/nyss.php?play=MjAyNDA4MDUxMzU0TVJENg=="," Avyanna"," Hailee A Currie"," Michael E Polansky"," 3 YO Filly Pace"
" 8/5"," Monticello","LINK||https://replays.robertsstream.com/racereplays/cust/nyss.php?play=MjAyNDA4MDUxNTI2TVJEMTA="," Terrific"," Margaret K Dey, Let It Ride Stables Inc"," Stephen P Dey III"," 3 YO Filly Pace"
" 8/7"," Batavia ","LINK||https://replays.robertsstream.com/racereplays/cust/nyss.php?play=MjAyNDA4MDcxOTM1QlRONg=="," Thirsty Thursday "," Flying A Racing Stable, Chuck Pompey"," Northfork Racing Stable, Chuck Pompey"," 2 YO Colt Pace"
" 8/7"," Batavia ","LINK||https://replays.robertsstream.com/racereplays/cust/nyss.php?play=MjAyNDA4MDcyMDI5QlROOA=="," Fast Choice "," Ashley N Bako, Randy M Zane","  Winbak Farm"," 2 YO Colt Pace"
" 8/8"," Yonkers","LINK||https://replays.robertsstream.com/racereplays/cust/nyss.php?play=MjAyNDA4MDgxOTIxWU9OMg=="," Howlenthehills"," Symmetry Stables LLC"," Crawford Farms LLC"," 3 YO Colt Pace "
" 8/8"," Yonkers ","LINK||https://replays.robertsstream.com/racereplays/cust/nyss.php?play=MjAyNDA4MDgyMDAxWU9ONA=="," Huntingforchrome "," NY Seb Inc "," Crawford Farms LLC"," 3 YO Colt Pace "
" 8/9"," Saratoga ","LINK||https://replays.robertsstream.com/racereplays/cust/nyss.php?play=MjAyNDA4MDkxNzM5U1JOMg=="," Royal Mission"," Jeffrey S Snyder"," Jonas L Schlabach "," 2 YO Filly Trot "
" 8/11"," Tioga ","LINK||https://replays.robertsstream.com/racereplays/cust/nyss.php?play=MjAyNDA4MTExMjU5VFFOMQ=="," Fly By"," Marvin Katz, AI J Libfeld, Pryde Stables Inc"," AI J Libfeld, Marvin Katz, Sam A Goldband"," 2 YO Colt Trot "
" 8/11"," Tioga ","LINK||https://replays.robertsstream.com/racereplays/cust/nyss.php?play=MjAyNDA4MTExMzQxVFFOMw=="," Sir Pinocchio"," Carolyn Atherton"," Carolyn Atherton"," 2 YO Colt Trot"
" 8/12"," Monticello","LINK||https://replays.robertsstream.com/racereplays/cust/nyss.php?play=MjAyNDA4MTIxMjMzTVJEMg=="," Karinchak"," Raymond W Schnittker, Theodore Gewertz, Arden Homestead Stable, Steven Arnold "," Steve Jones "," 3 YO Colt Trot "
" 8/14"," Batavia ","LINK||https://replays.robertsstream.com/racereplays/cust/nyss.php?play=MjAyNDA4MTQxOTMyQlRONg=="," The Last Martini "," Glenview Livestock Ltd"," Crawford Farms LLC"," 2 YO Filly Pace"
" 8/15"," Yonkers","LINK||https://replays.robertsstream.com/racereplays/cust/nyss.php?play=MjAyNDA4MTUxOTE5WU9OMg=="," Hunting Hula","  Its All Good Racing LLC"," Patrick D Lachance, Z Tam Stables LLC"," 3 YO Filly Pace "
" 8/15"," Yonkers","LINK||https://replays.robertsstream.com/racereplays/cust/nyss.php?play=MjAyNDA4MTUxOTE5WU9OMg=="," Tarrific"," Margaret K Dey, Let It Ride Stables Inc"," Stephen P Dey III"," 3 YO Filly Pace "
" 8/16"," Saratoga ","LINK||https://replays.robertsstream.com/racereplays/cust/nyss.php?play=MjAyNDA4MTYxNzE3U1JOMg=="," R Melina "," M and L of Delaware LLC, Alabama Harness Associates LLC"," Marsh Valley Standardbreds"," 3 YO Filly Trot "
" 8/17"," Vernon ","LINK||https://replays.robertsstream.com/racereplays/cust/nyss.php?play=MjAyNDA4MTcyMTQ0VlJOMTE="," Fast Choice "," Ashley N Bako, Randy M Zane "," Winbak Farm "," 2 YO Colt Pace "
" 8/18"," Tioga","LINK||https://replays.robertsstream.com/racereplays/cust/nyss.php?play=MjAyNDA4MTgxMjU5VFFOMQ=="," Howlenthehills"," Symmetry Stables LLC"," Crawford Farms LLC"," 3 YO Colt Pace"
" 8/18"," Tioga ","LINK||https://replays.robertsstream.com/racereplays/cust/nyss.php?play=MjAyNDA4MTgxNDM5VFFONg=="," Huntingforchrome"," NY Seb Inc"," Crawford Farms LLC"," 3 YO Colt Pace "
" 8/19"," Monticello ","LINK||https://replays.robertsstream.com/racereplays/cust/nyss.php?play=MjAyNDA4MTkxNDQ4TVJEOA=="," My Debt Collector "," David H Mc Duffee, Melvin Hartman, Little E LLC"," Melvin Hartman, Herb A Liverman, David H Mc Duffee, Little E LLC"," 2 YO Filly Trot "
" 8/21"," Batavia ","LINK||https://replays.robertsstream.com/racereplays/cust/nyss.php?play=MjAyNDA4MjEyMDA5QlRONg=="," BJM's Lil Man "," Joseph Meaney "," Donald W La Page "," 2 YO Filly Trot "
" 8/23"," Vernon ","LINK||https://replays.robertsstream.com/racereplays/cust/nyss.php?play=MjAyNDA4MjMxODQ1VlJOOQ=="," Cowgirl Hanover "," NY Seb Inc."," Hanover Shoe Farms Inc "," 2 YO Filly Pace "
" 8/24"," Batavia ","LINK||https://replays.robertsstream.com/racereplays/cust/nyss.php?play=MjAyNDA4MjQyMDIwQlROOA=="," Sister Mary Maude "," Burke Racing Stable LLC, William L Switala, James J Martin, Weaver Bruscemi LLC"," David C Hanson "," 2 YO Colt Pace "
" 8/24"," Batavia ","LINK||https://replays.robertsstream.com/racereplays/cust/nyss.php?play=MjAyNDA4MjQyMTIxQlROMTE="," Keep Asking "," W J Donovan, Joe Sbrocco, Jim Winske, George Ducharme Stable LLC"," W J Donovan, Joe Sbrocco, Jim Winske, George Ducharme Stable LLC"," 2 YO Colt Pace "
" 8/25"," Tioga ","LINK||https://replays.robertsstream.com/racereplays/cust/nyss.php?play=MjAyNDA4MjUxMjU5VFFOMQ=="," Holt Hanover "," Raymond W Schnittker, Joe Sbrocco, Gunjan P Patel, Gewertz Latore Palumbo "," Hanover Shoe Farms Inc "," 2 YO Colt Pace "
" 8/28"," Batavia","LINK||https://replays.robertsstream.com/racereplays/cust/nyss.php?play=MjAyNDA4MjgxOTQ0QlRONg=="," My Debt Collecter"," David Mc Duffee, Melvin Hartman, Little E LLC"," Melvin Hartman, Herb A Liveman, David H Mc Duffee, Little E LLC"," 2 YO Filly Trot "
