" DATE"," TRACK"," VIDEO"," NAME OF HORSE"," OWNER"," BREEDER"," EVENT"
" 5/20"," Yonkers Raceway","LINK||https://replays.robertsstream.com/racereplays/cust/nyss.php?play=MjAyNDA1MjAxOTQyWU9OMw=="," Communion Money "," Jared W Bako, Ann A Yurenka "," Salt Hill Farm Ltd "," 3 YO Filly Trot "
" 5/20"," Yonkers Raceway ","LINK||https://replays.robertsstream.com/racereplays/cust/nyss.php?play=MjAyNDA1MjAxOTQyWU9OMw=="," Siv"," William P Masterson, Albert P Abdala III, Michael H Simons "," Salt Hill Farm Ltd"," 3 YO Filly Trot "
" 5/20"," Yonkers Raceway ","LINK||https://replays.robertsstream.com/racereplays/cust/nyss.php?play=MjAyNDA1MjAyMTU5WU9OOQ=="," Pizza Bianca "," John A Schmucker "," Steve Jones "," 3 YO Filly Trot "
" 5/26"," Saratoga Harness ","LINK||https://replays.robertsstream.com/racereplays/cust/nyss.php?play=MjAyNDA1MjYxMzM0U1JONg=="," Boston Delight "," Robert W Sholes, Edward A Davis, David A Dziengiel"," Winbak Farm"," 3 YO Colt Pace"
" 5/26"," Saratoga Harness ","LINK||https://replays.robertsstream.com/racereplays/cust/nyss.php?play=MjAyNDA1MjYxMzUxU1JONw=="," Ideal Par "," D'Elegance Stable IX, Carmen Lannacone, T L P Stable, The Grandolfo Stables "," D'Elgance Stable IX, Carmen Lannacone, T L P Stable, The Grandolfo Stables "," 3 YO Colt Pace "
" 5/26"," Saratoga Harness ","LINK||https://replays.robertsstream.com/racereplays/cust/nyss.php?play=MjAyNDA1MjYxNDExU1JOOA=="," Seen Here "," Mark A HArder, Dean Lockhart, Wayne K Carleton"," Fair Winds Farm Inc"," 3 YO Colt Pace"
" 5/26"," Saratoga Harness ","LINK||https://replays.robertsstream.com/racereplays/cust/nyss.php?play=MjAyNDA1MjYxNDI3U1JOOQ=="," Rendezvous Bay "," Brian Rozell, Monical L Rozell "," Brian J Rozell, Monical L Rozell"," 3 YO Colt Pace "
" 5/26"," Saratoga Harness ","LINK||https://replays.robertsstream.com/racereplays/cust/nyss.php?play=MjAyNDA1MjYxNDQ4U1JOMTA="," Escape To America "," John J Darrah, Lawrence K Keethe "," John J Darrah, Lawrence K Keethe "," 3 YO Colt Pace "
" 5/27"," Vernon Downs ","LINK||https://replays.robertsstream.com/racereplays/cust/nyss.php?play=MjAyNDA1MjcxMjE0VlJOMQ=="," Lindy's Coyotito "," Andy Miller Stable Inc, Michael A Anderson, Panda Monium Stable, Lindy Farms of Conn"," Lindy Farm of Conn "," 3 YO Colt Trot "
" 5/27"," Vernon Downs ","LINK||https://replays.robertsstream.com/racereplays/cust/nyss.php?play=MjAyNDA1MjcxMjM0VlJOMg=="," Central Park "," Marvin and Lynn Katz, Daniel Plouffe"," Order By Stable AB "," 3 YO Colt Trot "
" 5/27"," Vernon Downs ","LINK||https://replays.robertsstream.com/racereplays/cust/nyss.php?play=MjAyNDA1MjcxMjUzVlJOMw=="," Jack's Boy "," Leann M Simek"," Winbak Farm "," 3 YO Colt Trot "
" 5/27"," Vernon Downs ","LINK||https://replays.robertsstream.com/racereplays/cust/nyss.php?play=MjAyNDA1MjcxMzQxVlJONQ=="," Inflation "," Shermay Stables, Mal & Janet Burroughs LLC, Wallin Racing Stable Inc"," Hauser Bro Rcng Ent LLC"," 3 YO Colt Trot "
" 5/27"," Vernon Downs ","LINK||https://replays.robertsstream.com/racereplays/cust/nyss.php?play=MjAyNDA1MjcxNTM3VlJOMTA="," Pizza Bianca "," John A Schmucker "," Steve Jones "," 3 YO Filly Trot "
" 5/27"," Vernon Downs ","LINK||https://replays.robertsstream.com/racereplays/cust/nyss.php?play=MjAyNDA1MjcxNjAxVlJOMTE="," Ms Titan "," Marie S Houghtalling "," Ronald L Houghtalling "," 3 YO Filly Trot "
" 6/2"," Tioga","LINK||https://replays.robertsstream.com/racereplays/cust/nyss.php?play=MjAyNDA2MDIxNDE1VFFONQ=="," Lady Saturn"," Dragon Tales Farm Inc"," Dragon Tales Farm Inc"," 3 YO Filly Pace "
" 6/2"," Tioga","LINK||https://replays.robertsstream.com/racereplays/cust/nyss.php?play=MjAyNDA2MDIxNDMzVFFONg=="," Stepabovetherest"," David R Hamm, Glen R Phillips"," Ross G Bonafield "," 3 YO Filly Pace "
" 6/2"," Tioga ","LINK||https://replays.robertsstream.com/racereplays/cust/nyss.php?play=MjAyNDA2MDIxNTEzVFFOOA=="," A Few Choice Words "," Clancy Farms"," Knot Xzachallie Stable"," 3 YO Filly Pace "
" 6/2"," Tioga ","LINK||https://replays.robertsstream.com/racereplays/cust/nyss.php?play=MjAyNDA2MDIxNTM0VFFOOQ=="," Shine On Susan "," Dune Road Stables LLC"," Blue Chip Bloodstock Inc"," 3 YO Filly Pace "
" 6/2"," Tioga ","LINK||https://replays.robertsstream.com/racereplays/cust/nyss.php?play=MjAyNDA2MDIxNjExVFFOMTE="," I'm A Believer "," Robert H Hirsch","Southwind Farms LLC"," 3 YO Filly Pace "
" 6/3"," Monticello ","LINK||https://replays.robertsstream.com/racereplays/cust/nyss.php?play=MjAyNDA2MDMxMjI5TVJEMg=="," Sky Box"," Paul Kelley Racing Stable, Go For Glory Stable, Ellen Palillo, Matt Lamont LLC"," Steve Jones "," 3 YO Colt Trot "
" 6/3"," Monticello","LINK||https://replays.robertsstream.com/racereplays/cust/nyss.php?play=MjAyNDA2MDMxMjUxTVJEMw=="," Woweress"," Purple Haze Stables LLC"," Purple Haze Stables LLC"," 3 YO Colt Trot "
" 6/3"," Monticello ","LINK||https://replays.robertsstream.com/racereplays/cust/nyss.php?play=MjAyNDA2MDMxMzUzTVJENg=="," Seven Minute Abs"," James A Crawford IV"," Winbak Farm "," 3 YO Filly Trot "
" 6/5"," Buffalo ","LINK||https://replays.robertsstream.com/racereplays/cust/nyss.php?play=MjAyNDA2MDUxNDQ3QlVOMg=="," Texas Holdem"," Raymond W Schnittker, Mary Kinsey Arnold, Steven Arnold "," Raymond W Schnittker, Mary Kinsey Arnold, Steven Arnold"," 3 YO Colt Pace "
" 6/5"," Buffalo ","LINK||https://replays.robertsstream.com/racereplays/cust/nyss.php?play=MjAyNDA2MDUxNTM4QlVONQ=="," Escape To America "," John J Darrah, Lawrence K Keethe"," John J Darrah, Lawrence K Keethe"," 3 YO Colt Pace "
" 6/5"," Buffalo ","LINK||https://replays.robertsstream.com/racereplays/cust/nyss.php?play=MjAyNDA2MDUxNjMzQlVOOA=="," Seen Here"," Mark A Harder, Dean Lockhart, Wayne K Carleton "," Fair Winds Farm Inc"," 3 YO Colt Pace "
" 6/7"," Tioga","LINK||https://replays.robertsstream.com/racereplays/cust/nyss.php?play=MjAyNDA2MDcxOTM3VFFONQ=="," Central Park "," Marvin And Lynn Katz, Daniel Plouffe"," Order By Stable AB "," 3 YO Filly Trot "
" 6/7"," Tioga ","LINK||https://replays.robertsstream.com/racereplays/cust/nyss.php?play=MjAyNDA2MDcyMDE1VFFONw=="," Nymeria"," Alexander M Space Stable, Fiddler's Creek Stables LLC, Tar Heel Racing, Lone Wolf Stable"," Blue Chip Bloodstock Inc"," 3 YO Filly Trot "
" 6/7"," Tioga ","LINK||https://replays.robertsstream.com/racereplays/cust/nyss.php?play=MjAyNDA2MDcyMDU2VFFOOQ=="," Jeannie's Action "," John Grasso Stable Inc."," Millstream Stable LLC"," 3 YO Filly Trot "
" 6/12"," Buffalo","LINK||https://replays.robertsstream.com/racereplays/cust/nyss.php?play=MjAyNDA2MTIxNDI5QlVOMQ=="," Melanie's Megan"," Ervin Miller Stable Inc, Douglas S Overhiser"," Robert J Key "," 3 YO Filly Pace"
" 6/12"," Buffalo ","LINK||https://replays.robertsstream.com/racereplays/cust/nyss.php?play=MjAyNDA2MTIxNTA1QlVOMw=="," Shine On Susan "," Dune Road Stables LLC"," Blue Chip Bloodstock Inc"," 3 YO Filly Pace"
" 6/12"," Buffalo ","LINK||https://replays.robertsstream.com/racereplays/cust/nyss.php?play=MjAyNDA2MTIxNTQxQlVONQ=="," A Few Choice Words"," Clancy Farms"," Knot Xzachallie Stable "," 3 YO Filly Pace"
" 6/14"," Vernon ","LINK||https://replays.robertsstream.com/racereplays/cust/nyss.php?play=MjAyNDA2MTQxMjE0VlJOMQ=="," Bruce's Vo N Coke "," Joseph M Meaney"," Joseph M Meaney"," 3 YO Colt Pace "
" 6/14"," Vernon ","LINK||https://replays.robertsstream.com/racereplays/cust/nyss.php?play=MjAyNDA2MTQxMjMxVlJOMg=="," Cautious Clay "," Dragon Tales Farm Inc "," Dragon Tales Farm Inc "," 3 YO Colt Pace "
" 6/14"," Vernon ","LINK||https://replays.robertsstream.com/racereplays/cust/nyss.php?play=MjAyNDA2MTQxMjU0VlJOMw=="," Escape To America "," John J Darrah, Lawrence K Keethe"," John J Darrah, Lawrence K Keethe"," 3 YO Colt Pace "
" 6/14"," Vernon ","LINK||https://replays.robertsstream.com/racereplays/cust/nyss.php?play=MjAyNDA2MTQxNTExVlJOOQ=="," Ideal Par "," D'Elegance Stable IX, Carmen Iannacone, T L P Stable, The Gandolfo Stables "," D'Elegance Stable IX, Carmen Iannacone, T L P Stable, The Gandolfo Stables "," 3 YO Colt Pace "
" 6/19"," Buffalo ","LINK||https://replays.robertsstream.com/racereplays/cust/nyss.php?play=MjAyNDA2MTkxNTUwQlVONQ=="," On Cloud Wine "," Raymond W Schnittker, Steven Arnold, Nolamaura Racing LLC"," Steve Jones, Jonathan D Kurnit "," 2 YO Filly Pace "
" 6/19"," Bufallo ","LINK||https://replays.robertsstream.com/racereplays/cust/nyss.php?play=MjAyNDA2MTkxNjI0QlVONw=="," Bronx Mixer "," Raymond W Schnittker, Theodore Gewertz"," Theodore Gewertz"," 2 YO Filly Pace "
" 6/19"," Buffalo ","LINK||https://replays.robertsstream.com/racereplays/cust/nyss.php?play=MjAyNDA2MTkxNzM0QlVOMTE="," Besta Brynn "," Marie S Houghtaling "," Marie S Houghtaling "," 2 YO Filly Pace "
" 6/21"," Vernon ","LINK||https://replays.robertsstream.com/racereplays/cust/nyss.php?play=MjAyNDA2MjExNzI5VlJONg=="," Lady Saturn"," Dragon Tales Farm Inc "," Dragon Tales Farm Inc "," 3 YO Filly Pace "
" 6/21"," Vernon","LINK||https://replays.robertsstream.com/racereplays/cust/nyss.php?play=MjAyNDA2MjExNzUwVlJONw=="," A Few Choice Words"," Clancy Farms"," Knot Xzachallie Stable"," 3 YO Filly Pace "
" 6/21"," Vernon ","LINK||https://replays.robertsstream.com/racereplays/cust/nyss.php?play=MjAyNDA2MjExODA5VlJOOA=="," Tempville"," Purple Haze Stables LLC"," Hanover Shoe Farms Inc"," 3 YO Filly Pace "
" 6/21"," Vernon ","LINK||https://replays.robertsstream.com/racereplays/cust/nyss.php?play=MjAyNDA2MjExODI0VlJOOQ=="," Petrol Queen "," Anatolia Racing Stb Inc"," Anatolia Racing LLC"," 3 YO Filly Pace"
" 6/24"," Saratoga ","LINK||https://replays.robertsstream.com/racereplays/cust/nyss.php?play=MjAyNDA2MjQxMzMyU1JONg=="," Cheques In Limbo "," Philip K Hale, David M Dewhurst "," Barbara E Hudson, William Beachy Jr. "," 2 YO Colt Trot "
" 6/24"," Saratoga ","LINK||https://replays.robertsstream.com/racereplays/cust/nyss.php?play=MjAyNDA2MjQxMzQ4U1JONw=="," Doctor Strange"," John W Stark, David B Smith, James J Giannuzzi"," David B Smith, John W Stark Jr, James J Giannuzzi, Daniel J Gianuzzi"," 2 YO Colt Trot "
" 6/24"," Saratoga ","LINK||https://replays.robertsstream.com/racereplays/cust/nyss.php?play=MjAyNDA2MjQxNDA1U1JOOA=="," Low Inside "," Ann-Mari Daley, Todd M Van Alstyne, Margaret Waterbury"," Cherry Hill Farm "," 2 YO Colt Trot "
" 6/25"," Yonkers ","LINK||https://replays.robertsstream.com/racereplays/cust/nyss.php?play=MjAyNDA2MjUxODU5WU9OMQ=="," Tuff Stuff "," Barbato Breeding LLC "," Eli D Miller "," 2 YO Filly Trot "
" 6/25"," Yonkers ","LINK||https://replays.robertsstream.com/racereplays/cust/nyss.php?play=MjAyNDA2MjUyMDQwWU9ONg=="," Smoke Show "," Kevin D Manley"," Kevin D Manley "," 2 YO Filly Trot "
" 6/26"," Buffalo","LINK||https://replays.robertsstream.com/racereplays/cust/nyss.php?play=MjAyNDA2MjYxNDI5QlVOMQ=="," Communion Money  "," Jared W Bako, Ann A Yurenka "," Salt Hill Farm Ltd"," 3 YO Filly Trot "
" 6/26"," Buffalo ","LINK||https://replays.robertsstream.com/racereplays/cust/nyss.php?play=MjAyNDA2MjYxNDQ3QlVOMg=="," Woweress "," Purple Haze Stables LLC"," Purple Haze Stables LLC"," 3 YO Filly Trot "
" 6/26"," Buffalo ","LINK||https://replays.robertsstream.com/racereplays/cust/nyss.php?play=MjAyNDA2MjYxNTQzQlVONQ=="," Osodevious "," Barry A White, Heather M White "," Barry A White, Heather M White "," 3 YO FIlly Trot "
" 6/26"," Buffalo ","LINK||https://replays.robertsstream.com/racereplays/cust/nyss.php?play=MjAyNDA2MjYxNjUwQlVOOQ=="," Tobern "," John W Stark Jr. "," Bernard J White, Kristie Leigh Farm Inc"," 3 YO Filly Trot "
" 6/27"," Yonkers ","LINK||https://replays.robertsstream.com/racereplays/cust/nyss.php?play=MjAyNDA2MjcyMDQ0WU9ONg=="," Spirit Of Freedom"," Harmony Oaks Racing Stable Inc, Andray Farm, Son Of A Beach Racing, Carl L Austin Jr."," Winbak Farm "," 2 YO Colt Pace "
" 6/27"," Yonkers ","LINK||https://replays.robertsstream.com/racereplays/cust/nyss.php?play=MjAyNDA2MjcyMTI4WU9OOA=="," Cigar Smoking Joe"," Kristie Leigh Inc, Ian Behar"," Joseph V Betro, Ian Behar, Kristie Leigh Farm Inc"," 2 YO Colt Pace "
" 7/1"," Monticello ","LINK||https://replays.robertsstream.com/racereplays/cust/nyss.php?play=MjAyNDA3MDExMjMxTVJEMg=="," Blind Date Hanover "," Fiddler's Creek Stables LLC, Alexander Racing Stable LLC, Shari Watchman "," Hanover Shoe Farms Inc"," 2 YO Filly Pace "
" 7/1"," Monticello","LINK||https://replays.robertsstream.com/racereplays/cust/nyss.php?play=MjAyNDA3MDExMzE2TVJENA=="," Courtly Maiden "," Hutt Racing Stable, Blake C Maclntosh, Gilles A Landry"," Winbak Farm "," 2 YO Filly Pace"
" 7/1"," Monticello ","LINK||https://replays.robertsstream.com/racereplays/cust/nyss.php?play=MjAyNDA3MDExNTAxTVJEOQ=="," Mom's Point "," Hutt Racing Stable, Blake And Ozzie Stable, Mortgage Boys Stable, Stuart W Mcintosh "," Winbak Farm "," 2 YO Filly Pace "
" 7/3"," Buffalo ","LINK||https://replays.robertsstream.com/racereplays/cust/nyss.php?play=MjAyNDA3MDMxNDI5QlVOMQ=="," Inn Of The Stars"," Bay Pond Racing Stable "," Winbak Farm "," 2 YO Filly Trot "
" 7/3"," Buffalo ","LINK||https://replays.robertsstream.com/racereplays/cust/nyss.php?play=MjAyNDA3MDMxNTI5QlVONA=="," Michelon's Titan "," Michael A Anderson, Ronald C Michelon "," Michael A Anderson, Ronald C Michelon "," 2 YO Filly Trot "
" 7/4"," Vernon ","LINK||https://replays.robertsstream.com/racereplays/cust/nyss.php?play=MjAyNDA3MDQxODI3VlJOMg=="," Mane Man Charlie "," Scott D Woogen"," Timothy J Stutzman"," 2 YO Colt Trot "
" 7/4"," Vernon ","LINK||https://replays.robertsstream.com/racereplays/cust/nyss.php?play=MjAyNDA3MDQxODUwVlJOMw=="," BJM's Lil Man "," Joseph M Meaney"," Donald W La Page "," 2 YO Colt Trot "
" 7/4"," Vernon ","LINK||https://replays.robertsstream.com/racereplays/cust/nyss.php?play=MjAyNDA3MDQxOTEzVlJONA=="," Low Inside "," Ann-Mari Daley, Todd M Van Alstyne, Margaret Waterbury"," Cherry Hill Farm "," 2 YO Colt Trot "
" 7/10 "," Buffalo ","LINK||https://replays.robertsstream.com/racereplays/cust/nyss.php?play=MjAyNDA3MTAxNTE0QlVOMQ=="," Big Bend "," Raymond W Schnitkker, Mary Kinsey Arnold, Steven Arnold"," Raymond W Schnitkker, Mary Kinsey Arnold, Steven Arnold"," 2 YO Colt Pace"
" 7/11"," Yonkers ","LINK||https://replays.robertsstream.com/racereplays/cust/nyss.php?play=MjAyNDA3MTExOTIwWU9OMg=="," Love Trouble "," Ranning Racing LLC"," Winbak Farm "," 2 YO Filly Pace"
" 7/11"," Yonkers ","LINK||https://replays.robertsstream.com/racereplays/cust/nyss.php?play=MjAyNDA3MTExOTU4WU9ONA=="," Fashion Terror"," All Star Racing Inc, "," All Star Racing Inc,"," 2 YO Filly Pace "
" 7/11"," Yonkers ","LINK||https://replays.robertsstream.com/racereplays/cust/nyss.php?play=MjAyNDA3MTEyMDM4WU9ONg=="," Courtly Maiden "," Hutt Racing Stable, Blake C Macintosh, Gilles A Landry "," Winbak Farm "," 2 YO Filly Pace"
" 7/11"," Yonkers ","LINK||https://replays.robertsstream.com/racereplays/cust/nyss.php?play=MjAyNDA3MTEyMTE2WU9OOA=="," On Cloud Wine "," Raymond W Schnittker, Steven Arnold, Nolamaura Racing LLC"," Steve Hones, Jonathan D Kurnit "," 2 YO Filly Pace"
" 7/13"," Saratoga ","LINK||https://replays.robertsstream.com/racereplays/cust/nyss.php?play=MjAyNDA3MTMxNzU4U1JONA=="," Mystic Bell"," Ervin Miller Stable Inc, Bay Pond Racing Stable, Douglas S Overhiser "," Winbak Farm "," 3 YO Filly Pace "
" 7/13"," Saratoga ","LINK||https://replays.robertsstream.com/racereplays/cust/nyss.php?play=MjAyNDA3MTMxODE3U1JONQ=="," Lady Saturn "," Dragon Tales Farm Inc"," Dragon Tales Farm Inc "," 3 YO Filly Pace "
" 7/13"," Saratoga ","LINK||https://replays.robertsstream.com/racereplays/cust/nyss.php?play=MjAyNDA3MTMxOTE1U1JOOA=="," Dizzy Lizzy "," Diane A Harp, Venitia V Harp, Nicholas Gibides "," Morrisville Col Fdn Inc"," 3 YO Filly Pace "
" 7/13"," Saratoga ","LINK||https://replays.robertsstream.com/racereplays/cust/nyss.php?play=MjAyNDA3MTMxOTM0U1JOOQ=="," Ponynamedwildfire"," Steve Jones "," Steve Jones "," 3 YO Filly Pace "
" 7/15"," Monticello","LINK||https://replays.robertsstream.com/racereplays/cust/nyss.php?play=MjAyNDA3MTUxMjA5TVJEMQ=="," Nymeria "," Alexander M Space Stable, Fiddler's Creek Stables LLC, Tar Heel Racing, Lone Wolf Stable"," Blue Chip Bloodstock Inc"," 3 YO Filly Trot"
" 7/15"," Monticello","LINK||https://replays.robertsstream.com/racereplays/cust/nyss.php?play=MjAyNDA3MTUxMjUzTVJEMw=="," Dozen "," Diamond Creek Racing"," Diamond Creek Farm LLC"," 3 YO Filly Trot "
" 7/15"," Monticello","LINK||https://replays.robertsstream.com/racereplays/cust/nyss.php?play=MjAyNDA3MTUxNDI2TVJEOA=="," Erin"," Ann-Mari Daley, Donald W Brenner, Jared A Daley"," Glengate Farms"," 3 YO Filly Trot"
" 7/17"," Buffalo ","LINK||https://replays.robertsstream.com/racereplays/cust/nyss.php?play=MjAyNDA3MTcxNDUyQlVOMg=="," Logo"," Purple Haze Stables LLC"," Order Haze Stables LLC"," 2 YO Colt Trot "
" 7/17"," Buffalo","LINK||https://replays.robertsstream.com/racereplays/cust/nyss.php?play=MjAyNDA3MTcxNTU1QlVONQ=="," Cheques In Limbo "," Philip K Hale, David M Dewhurst"," Barbara E Hudson, William Beachy Jr."," 2 YO Colt Trot"
" 7/18"," Yonkers ","LINK||https://replays.robertsstream.com/racereplays/cust/nyss.php?play=MjAyNDA3MTgxODU5WU9OMQ=="," Woweress"," Purple Haze Stables LLC"," Purple Haze Stables LLC"," 3 YO Colt Trot "
" 7/18"," Yonkers ","LINK||https://replays.robertsstream.com/racereplays/cust/nyss.php?play=MjAyNDA3MTgxOTQxWU9OMw=="," Ramborain"," Ann-Mari Daley, JLRL LLC, Todd M Van Alstyne, Margaret Waterbury"," Ann-Mari Daley, James A Crawford IV"," 3 YO Colt Trot "
" 7/18"," Yonkers ","LINK||https://replays.robertsstream.com/racereplays/cust/nyss.php?play=MjAyNDA3MTgyMDAyWU9ONA=="," Sky Box "," Paul Kelley Racing Stable, Go For Glory Stable, Ellen Palillo, Matt Lamont LLC"," Steve Jones "," 3 YO Colt Trot "
" 7/20"," Saratoga ","LINK||https://replays.robertsstream.com/racereplays/cust/nyss.php?play=MjAyNDA3MjAyMDIzU1JOMTE="," SouthPaw"," Ashley N Bako, Randy M Zane"," Winbak Farm "," 2 YO Colt Pace "
" 7/20"," Saratoga","LINK||https://replays.robertsstream.com/racereplays/cust/nyss.php?play=MjAyNDA3MjAyMDQxU1JOMTI="," EZ Spree"," Kimberly M Zbielski"," Kimberly M Zbielski"," 2 YO Colt Pace "
" 7/20"," Saratoga ","LINK||https://replays.robertsstream.com/racereplays/cust/nyss.php?play=MjAyNDA3MjAyMDU5U1JOMTM="," SG Exit Velocity "," Seth E Coen, George Derocker","Seth E Cen, George Derocker "," 2 YO Colt Pace"
" 7/20"," Saratoga ","LINK||https://replays.robertsstream.com/racereplays/cust/nyss.php?play=MjAyNDA3MjAyMTE4U1JOMTQ="," Fort Lauderdale "," NY Seb Inc"," Crystal Springs Farm "," 2 YO Colt Pace "
" 7/21"," Tioga ","LINK||https://replays.robertsstream.com/racereplays/cust/nyss.php?play=MjAyNDA3MjExMjU5VFFOMQ=="," Mom's Point"," Hutt Racing Stable, Blake And Ozzie Stable, Mortgage Boys Stable, Stuart W Mcintosh "," Winbak Farm"," 2 YO Filly Pace "
" 7/21"," Tioga ","LINK||https://replays.robertsstream.com/racereplays/cust/nyss.php?play=MjAyNDA3MjExMzE5VFFOMg=="," Love Trouble "," Fanning Racing LLC"," Winbak Farm "," 2 YO Filly Pace "
" 7/21"," Tioga ","LINK||https://replays.robertsstream.com/racereplays/cust/nyss.php?play=MjAyNDA3MjExNDA1VFFONA=="," Hint Of Spring"," Barbara J Berger, Theresa L Donnelly"," Barbara J Berger "," 2 YO Filly Pace "
" 7/21"," Tioga ","LINK||https://replays.robertsstream.com/racereplays/cust/nyss.php?play=MjAyNDA3MjExNDQ2VFFONg=="," Fansville"," Chain Lightning Stables LLC"," Eric Taddeo"," 2 YO Filly Pace "
" 7/22"," Monticello ","LINK||https://replays.robertsstream.com/racereplays/cust/nyss.php?play=MjAyNDA3MjIxMjUyTVJEMw=="," Seen Here"," Mark A HArder, Dean Lockhart, Wayne K Carleton"," Fair Winds Farm Inc"," 3 YO Colt Pace"
" 7/22"," Monticello ","LINK||https://replays.robertsstream.com/racereplays/cust/nyss.php?play=MjAyNDA3MjIxMzEzTVJENA=="," Bruce's Vo N Coke "," Joseph M Meaney"," Joseph M Meaney"," 3 YO Colt Pace"
" 7/22"," Monticello ","LINK||https://replays.robertsstream.com/racereplays/cust/nyss.php?play=MjAyNDA3MjIxNDExTVJENw=="," Dealers Turn "," Howard A Taylor, Falcon Racing LLC"," Winbak Farm "," 3 YO Colt Pace"
" 7/22"," Monticello ","LINK||https://replays.robertsstream.com/racereplays/cust/nyss.php?play=MjAyNDA3MjIxNDUwTVJEOQ=="," Printville "," Purple Haze Stables LLC"," Robert L Newman"," 3 YO Colt Pace "
" 7/25"," Yonkers","LINK||https://replays.robertsstream.com/racereplays/cust/nyss.php?play=MjAyNDA3MjUxOTQxWU9OMw=="," BJM's Lil Man"," Joseph M Meaney "," Donald W La Page"," 2 YO Colt Trot "
" 7/25"," Yonkers","LINK||https://replays.robertsstream.com/racereplays/cust/nyss.php?play=MjAyNDA3MjUyMDAyWU9ONA=="," Low Inside "," Ann-Mari Daley, Todd M Van Alstyne, Margaret Waterbury "," Cherry Hill Farm "," 2 YO Colt Trot "
" 7/26"," Vernon ","LINK||https://replays.robertsstream.com/racereplays/cust/nyss.php?play=MjAyNDA3MjYxMjE0VlJOMQ=="," Morning Angel "," Courant Inc"," Windsong Stable"," 2 YO Filly Trot "
" 7/26"," Vernon ","LINK||https://replays.robertsstream.com/racereplays/cust/nyss.php?play=MjAyNDA3MjYxMjU3VlJOMw=="," Flashchap"," Purple Haze Stables LLC"," John R Cummins"," 2 YO Filly Trot "
" 7/26"," Vernon ","LINK||https://replays.robertsstream.com/racereplays/cust/nyss.php?play=MjAyNDA3MjYxMzM4VlJONQ=="," Michelon's Titan "," Michael A Anderson, Ronald C Michelon "," Michael A Anderson, Ronald C Michelon"," 2 YO Filly Trot "
" 7/27"," Batavia ","LINK||https://replays.robertsstream.com/racereplays/cust/nyss.php?play=MjAyNDA3MjcxOTE4QlRONQ=="," Hurrikaneaphrodite"," Jonathan Klee Racing, Justin B Bolasci, Big George Stables LLC, Hurrikane Racing LLC"," Winbak Farm "," 3 YO Filly Pace"
" 7/27"," Batavia ","LINK||https://replays.robertsstream.com/racereplays/cust/nyss.php?play=MjAyNDA3MjcxOTM5QlRONg=="," Tempville"," Purple Haze Stables LLC"," Hanover Shoe Farms Inc"," 3 YO Filly Pace"
" 7/27"," Batavia ","LINK||https://replays.robertsstream.com/racereplays/cust/nyss.php?play=MjAyNDA3MjcyMTEzQlROMTE="," Villannah"," Purple Haze Stables LLC"," Steve Jones "," 3 YO Filly Pace "
" 7/29"," Monticello ","LINK||https://replays.robertsstream.com/racereplays/cust/nyss.php?play=MjAyNDA3MjkxMjA5TVJEMQ=="," Groovin Will "," Ozzie W Mackay "," Winbak Farm "," 2 YO Colt Pace"
" 7/29"," Monticello","LINK||https://replays.robertsstream.com/racereplays/cust/nyss.php?play=MjAyNDA3MjkxMzEyTVJENA=="," Digging For Gold "," George Ducharme Stable LLC, Jim Winske, Megan Moschgat"," BAMQ LLC"," 2 YO Colt Pace"
" 7/29"," Monticello","LINK||https://replays.robertsstream.com/racereplays/cust/nyss.php?play=MjAyNDA3MjkxNDE4TVJENw=="," Seafood Neighneigh "," Seafood Delight Stable "," Seafood Delight Stable"," 2 YO Colt Pace"
" 7/29"," Monticello","LINK||https://replays.robertsstream.com/racereplays/cust/nyss.php?play=MjAyNDA3MjkxNTI3TVJEMTA="," Spirit Of Freedom "," Harmoney Oaks Racing Stable Inc, Andray Farm, Son Of A Beach Racing, Carl Austin Jr"," Winbak Farm "," 2 YO Colt Pace "
" 7/31"," Batavia ","LINK||https://replays.robertsstream.com/racereplays/cust/nyss.php?play=MjAyNDA3MzExODMzQlROMw=="," Bruce's Vo N Coke "," Joseph M Meaney"," Joseph M Meaney"," 3 YO Colt Pace "
" 7/31"," Batavia ","LINK||https://replays.robertsstream.com/racereplays/cust/nyss.php?play=MjAyNDA3MzExOTEyQlRONQ=="," Printville"," Purple Haze Stables LLC"," Robert L Newman "," 3 YO Colt Pace"
" 7/31"," Batavia ","LINK||https://replays.robertsstream.com/racereplays/cust/nyss.php?play=MjAyNDA3MzEyMTA0QlROMTE="," Escape To America "," John J Darrah, Lawrence K Keethe"," John J Darrah, Lawrence K Keethe"," 3 YO Colt Pace "
" 8/1"," Saratoga","LINK||https://replays.robertsstream.com/racereplays/cust/nyss.php?play=MjAyNDA4MDExNjU4U1JOMQ=="," Blind Date Hanover"," Fiddlers Creek Stables LLC, Alexander Racing Stable LLC, Shari Watchan"," Hanover Shoe Farms Inc"," 2 YO Filly Pace"
" 8/1"," Saratoga ","LINK||https://replays.robertsstream.com/racereplays/cust/nyss.php?play=MjAyNDA4MDExNzE2U1JOMg=="," Mom's Point "," Hutt Racing Stable, Blake And Ozzie Stables, Mortgage Boys Stable, Stauart W Mcintosh "," Winbak Farm "," 2 YO Filly Pace"
" 8/1"," Saratoga ","LINK||https://replays.robertsstream.com/racereplays/cust/nyss.php?play=MjAyNDA4MDExNzM0U1JOMw=="," Feeling Right "," John R Cummins"," John R Cummins"," 2 YO Filly Pace"
" 8/1"," Saratoga ","LINK||https://replays.robertsstream.com/racereplays/cust/nyss.php?play=MjAyNDA4MDExNzUyU1JONA=="," Huntingfortreasure"," Steve Jones "," Steve Jones "," 2 YO Filly Pace"
" 8/4"," Tioga ","LINK||https://replays.robertsstream.com/racereplays/cust/nyss.php?play=MjAyNDA4MDQxMjU4VFFOMQ=="," BJM's Lil Man "," Joseph M Meaney "," Donald W La Page"," 2 YO Colt Trot "
" 8/4"," Tioga ","LINK||https://replays.robertsstream.com/racereplays/cust/nyss.php?play=MjAyNDA4MDQxMzM4VFFOMw=="," Bomb Proof"," Frederick W Hertrich III"," Frederick W Hentrich III"," 2 YO Colt Trot "
" 8/5"," Monticello","LINK||https://replays.robertsstream.com/racereplays/cust/nyss.php?play=MjAyNDA4MDUxMjA5TVJEMQ=="," Tempville"," Purple Haze Stables LLC"," Hanover Shoe Farms Inc"," 3 YO Filly Pace"
" 8/5"," Monticello","LINK||https://replays.robertsstream.com/racereplays/cust/nyss.php?play=MjAyNDA4MDUxMjUzTVJEMw=="," Hurrikaneaphrodite"," Jonathan Klee Racing, Justin B Bolasci, Big George Stables LLC, Hurrikane Racing LLC"," Winbak Farm"," 3 YO Filly Pace"
" 8/5"," Monticello","LINK||https://replays.robertsstream.com/racereplays/cust/nyss.php?play=MjAyNDA4MDUxNDE1TVJENw=="," Petrol Queen "," Antolia Racing LLC"," Anatolia Racing Stb Inc"," 3 YO Filly Pace"
" 8/7"," Batavia ","LINK||https://replays.robertsstream.com/racereplays/cust/nyss.php?play=MjAyNDA4MDcxODE2QlROMg=="," Southpaw"," D Jimmy Whitemore "," D Jimmy Whittemore"," 2 YO Colt Pace"
" 8/7"," Batavia ","LINK||https://replays.robertsstream.com/racereplays/cust/nyss.php?play=MjAyNDA4MDcxODU4QlRONA=="," Digging For Gold "," George Ducharme Stable LLC, Jim Winske, Megan Moschgat"," BAMQ LLC"," 2 YO Colt Pace"
" 8/7"," Batavia ","LINK||https://replays.robertsstream.com/racereplays/cust/nyss.php?play=MjAyNDA4MDcyMTAzQlROMTA="," Invictus"," Jeffrey A Nanna "," James A Crawford IV"," 2 YO Colt Pace"
" 8/8"," Yonkers ","LINK||https://replays.robertsstream.com/racereplays/cust/nyss.php?play=MjAyNDA4MDgxODU5WU9OMQ=="," Jones Hanover "," Old Block Stables Inc, Kenneth H Klein, Stephen W Demeter"," Hanover Shoe Farms Inc"," 3 YO Colt Pace "
" 8/8"," Yonkers ","LINK||https://replays.robertsstream.com/racereplays/cust/nyss.php?play=MjAyNDA4MDgyMDIwWU9ONQ=="," Pop It "," Schnittker Arnold, Country Club Acres Inc, Joe Sbrocco, Theodore Gewertz"," Kathryn L Weed, M Kenneth Weed"," 3 YO Colt Pace "
" 8/9"," Saratoga","LINK||https://replays.robertsstream.com/racereplays/cust/nyss.php?play=MjAyNDA4MDkxNzE0U1JOMQ=="," Inn Of The Stars"," Bay Pond Racing Stable"," Winbak Farm "," 2 YO Filly Trot"
" 8/9"," Saratoga ","LINK||https://replays.robertsstream.com/racereplays/cust/nyss.php?play=MjAyNDA4MDkxNzU2U1JOMw=="," K J Title"," Scott D Woogen"," Scott D Woogen"," 2 YO Filly Trot "
" 8/11"," Tioga ","LINK||https://replays.robertsstream.com/racereplays/cust/nyss.php?play=MjAyNDA4MTExMzE3VFFOMg=="," The Thing Is"," Noel M Daley, Michael E Dolan, Sjoblom Racing Inc"," Crawford Farms LLC"," 2 YO Colt Trot"
" 8/11"," Tioga ","LINK||https://replays.robertsstream.com/racereplays/cust/nyss.php?play=MjAyNDA4MTExNDE5VFFONQ=="," It Wasn't Me"," Big Sky Ranch"," Crawford Farms LLC"," 2 YO Colt Trot "
" 8/12"," Monticello","LINK||https://replays.robertsstream.com/racereplays/cust/nyss.php?play=MjAyNDA4MTIxMjU0TVJEMw=="," Low Inside "," Ann-Mari Daley, Todd M Van Alstyne, Margaret Waterbury"," Cherry Hill Farm "," 3 YO Colt Trot"
" 8/12"," Monticello","LINK||https://replays.robertsstream.com/racereplays/cust/nyss.php?play=MjAyNDA4MTIxNDUwTVJEOA=="," Poblano "," Morrison Racing Stables, Per Engblom"," Black Horse Racing, John D Fielding "," 3 YO Colt Trot "
" 8/14"," Batavia ","LINK||https://replays.robertsstream.com/racereplays/cust/nyss.php?play=MjAyNDA4MTQxODE2QlROMg=="," Huntingfortreasure"," Steve Jones "," Steve Jones "," 2 YO Filly Pace "
" 8/14"," Batavia ","LINK||https://replays.robertsstream.com/racereplays/cust/nyss.php?play=MjAyNDA4MTQxODU2QlRONA=="," Fashion Terror"," All Star Racing Inc"," All Star Racing Inc"," 2 YO Filly Pace "
" 8/14"," Batavia ","LINK||https://replays.robertsstream.com/racereplays/cust/nyss.php?play=MjAyNDA4MTQyMDE0QlROOA=="," Beantown Deuce"," Michael Goldberg Racing LLC"," Michael Goldberg Racing LLC, A Harris Racing LLC"," 2 YO Filly Pace"
" 8/14"," Batavia ","LINK||https://replays.robertsstream.com/racereplays/cust/nyss.php?play=MjAyNDA4MTQyMDU3QlROMTA="," Fansville"," Chain Lightning Stables LLC"," Eric Taddeo "," 2 YO Filly Pace "
" 8/15"," Yonkers ","LINK||https://replays.robertsstream.com/racereplays/cust/nyss.php?play=MjAyNDA4MTUxODU4WU9OMQ=="," Dizzy Lizzy "," Diane A Harp, Venita A Harp, Nicholas Gibdes"," Morrisville Col Fdn Inc"," 3 YO Filly Pace "
" 8/15"," Yonkers ","LINK||https://replays.robertsstream.com/racereplays/cust/nyss.php?play=MjAyNDA4MTUyMDI0WU9ONQ=="," Tempville"," Purple Haze Stables LLC"," Hanover Shoe Farms Inc "," 3 YO Filly Pace "
" 8/16"," Saratoga ","LINK||https://replays.robertsstream.com/racereplays/cust/nyss.php?play=MjAyNDA4MTYxNjU5U1JOMQ=="," Pizza Bianca "," John A Schmucker "," Steve Jones"," 3 YO Filly Trot"
" 8/16"," Saratoga ","LINK||https://replays.robertsstream.com/racereplays/cust/nyss.php?play=MjAyNDA4MTYxNzM2U1JOMw=="," Erin "," Ann-Mari Daley, Donald W Brenner, Jared A Daley "," Glengate Farms"," 3 YO Filly Trot "
" 8/16"," Saratoga ","LINK||https://replays.robertsstream.com/racereplays/cust/nyss.php?play=MjAyNDA4MTYxNzU4U1JONA=="," Lady Eight "," John J Orsaio Jr"," Winbak Farm "," 3 YO Filly Trot "
" 8/17"," Vernon ","LINK||https://replays.robertsstream.com/racereplays/cust/nyss.php?play=MjAyNDA4MTcyMDMzVlJOOA=="," Southpaw"," D Jimmy Whittemore"," D Jimmy Whittemore"," 2 YO Colt Pace "
" 8/17"," Vernon ","LINK||https://replays.robertsstream.com/racereplays/cust/nyss.php?play=MjAyNDA4MTcyMTA1VlJOOQ=="," Digging For Gold "," George Ducharme Stable LLC, Jim Winske, Megan Moschgat"," BAMQ LLC"," 2 YO Colt Pace "
" 8/17"," Vernon ","LINK||https://replays.robertsstream.com/racereplays/cust/nyss.php?play=MjAyNDA4MTcyMTI3VlJOMTA="," Dandy Ideal "," Exceed Stables LLC"," Stephen P Dey III, Dandy Farms Inc"," 2 YO Colt Pace "
" 8/18"," Tioga ","LINK||https://replays.robertsstream.com/racereplays/cust/nyss.php?play=MjAyNDA4MTgxMzIxVFFOMg=="," Pop It "," Schnittker Arnold, Country Club Acres Inc, Joe Sbrocco, Theodore Gewertz"," Kathryn Weed, M Kenneth Weed"," 3 YO Colt Pace "
" 8/18"," Tioga ","LINK||https://replays.robertsstream.com/racereplays/cust/nyss.php?play=MjAyNDA4MTgxNDIwVFFONQ=="," Jabbar"," Vincent A Ali Jr, Alma Lafelice, Lawrence I Miller, Theodore Gewertz"," Michael E Polansky"," 3 YO Colt Pace "
" 8/19"," Monticello ","LINK||https://replays.robertsstream.com/racereplays/cust/nyss.php?play=MjAyNDA4MTkxMjUyTVJEMw=="," Going To Vegas "," Paul Kelly Racing Stable, Matthew L Lamont, Go For Glory Stable, Erick W Aiken "," Steve Jones "," 2 YO Filly Trot "
" 8/19"," Monticello ","LINK||https://replays.robertsstream.com/racereplays/cust/nyss.php?play=MjAyNDA4MTkxMzE0TVJENA=="," Always A Story "," Deborah A Burnet, Robert Mc Nerney, Theodore Gewertz, Y Jean Brunet "," Midwind Farms "," 2 YO Filly Trot "
" 8/21"," Batavia ","LINK||https://replays.robertsstream.com/racereplays/cust/nyss.php?play=MjAyNDA4MjEyMDI2QlRONw=="," Low Inside "," Ann-Mari Daley, Todd M Van Alstyne, Margaret Waterbury"," Cherry Hill Farm "," 2 YO Filly Trot"
" 8/21"," Batavia ","LINK||https://replays.robertsstream.com/racereplays/cust/nyss.php?play=MjAyNDA4MjEyMDQzQlROOA=="," Habanero Blues "," Fiddler's Creek Stables LLC"," Fiddler's Creek Stables LLC"," 2 YO Filly Trot "
" 8/23"," Vernon ","LINK||https://replays.robertsstream.com/racereplays/cust/nyss.php?play=MjAyNDA4MjMxNjU4VlJONA=="," Feeling Right "," John R Cummins"," John R Cummins"," 2 YO Filly Pace"
" 8/23"," Vernon","LINK||https://replays.robertsstream.com/racereplays/cust/nyss.php?play=MjAyNDA4MjMxNzM4VlJONg=="," J-Glo"," Chris S Lawton, Dale G Lawton"," JFE Enterprise LLC"," 2 YO Filly Pace"
" 8/23"," Vernon","LINK||https://replays.robertsstream.com/racereplays/cust/nyss.php?play=MjAyNDA4MjMxODA4VlJONw=="," Fashion Terror"," All Star Racing Inc."," All Star Racing Inc."," 2 YO Filly Pace"
" 8/24"," Batavia ","LINK||https://replays.robertsstream.com/racereplays/cust/nyss.php?play=MjAyNDA4MjQxOTAyQlRONA=="," Erin "," Ann-Marie Daley, Donald W Breener, Jared A Daley"," Glengate Farms "," 3 YO Filly Trot "
" 8/24"," Batavia ","LINK||https://replays.robertsstream.com/racereplays/cust/nyss.php?play=MjAyNDA4MjQxOTQxQlRONg=="," Nymeria "," Alexander M Spacc Stable, Fiddler's Creek Stables LLC, Tar Heel Racing, Lone Wolf Stable "," Blue Chip Bloodstock Inc "," 3 YO Filly Trot  "
" 8/24"," Batavia ","LINK||https://replays.robertsstream.com/racereplays/cust/nyss.php?play=MjAyNDA4MjQyMDAzQlRONw=="," Devastate "," Diamond Creek Racing "," Diamond Creek Farm LLC"," 3 YO Filly Trot "
" 8/24 "," Batavia ","LINK||https://replays.robertsstream.com/racereplays/cust/nyss.php?play=MjAyNDA4MjQyMTQwQlROMTI="," Woweress "," Purple Haze Stables LLC"," Purple Haze Stables LLC"," 3 YO Filly Trot "
" 8/24"," Tioga ","LINK||https://replays.robertsstream.com/racereplays/cust/nyss.php?play=MjAyNDA4MjUxNDAwVFFONA=="," Invictus"," Jeffrey A Nanna"," James A Crawford "," 2 YO Colt Pace "
" 8/24"," Tioga ","LINK||https://replays.robertsstream.com/racereplays/cust/nyss.php?play=MjAyNDA4MjUxNTAxVFFONw=="," Seafood Neighneigh "," Seafood Delight Stable"," Seafood Delight Stable "," 2 YO Colt Pace "
" 8/24"," Tioga ","LINK||https://replays.robertsstream.com/racereplays/cust/nyss.php?play=MjAyNDA4MjUxNTQzVFFOOQ=="," Digging For Gold "," George Ducharme Stable LLC, Jim Winske, Megan Moschgat "," BAMQ LLC"," 2 YO Colt Pace "
" 8/28"," Batavia ","LINK||https://replays.robertsstream.com/racereplays/cust/nyss.php?play=MjAyNDA4MjgyMDA0QlRONw=="," Flashchap"," Purple Haze Stables LLC"," John R Cummins"," 2 YO Filly Trot "
" 8/28"," Batavia ","LINK||https://replays.robertsstream.com/racereplays/cust/nyss.php?play=MjAyNDA4MjgyMDIwQlROOA=="," K J Title"," Scott D Woogen"," Scott D Woogen"," 2 YO Filly Trot "
